

Microchip MPLAB XC8 Assembler V2.41 build 20230208172133 
                                                                                               Tue Feb 27 20:53:54 2024

Microchip MPLAB XC8 C Compiler v2.41 (Free license) build 20230208172133 Og1 
     1                           	processor	18F4580
     2                           	fnconf	rparam,??,?,0
     3                           	pagewidth 120
     4                           	opt	flic
     5                           	psect	idataCOMRAM,global,class=CODE,delta=1,noexec
     6                           	psect	idataBANK1,global,class=CODE,delta=1,noexec
     7                           	psect	mediumconst,global,reloc=2,class=MEDIUMCONST,delta=1,noexec
     8                           	psect	cinit,global,reloc=2,class=CODE,delta=1
     9                           	psect	bssCOMRAM,global,class=COMRAM,space=1,delta=1,lowdata,noexec
    10                           	psect	dataCOMRAM,global,class=COMRAM,space=1,delta=1,lowdata,noexec
    11                           	psect	bssBANK0,global,class=BANK0,space=1,delta=1,lowdata,noexec
    12                           	psect	bssBANK1,global,class=BANK1,space=1,delta=1,lowdata,noexec
    13                           	psect	dataBANK1,global,class=BANK1,space=1,delta=1,lowdata,noexec
    14                           	psect	cstackBANK1,global,class=BANK1,space=1,delta=1,lowdata,noexec
    15                           	psect	cstackBANK0,global,class=BANK0,space=1,delta=1,lowdata,noexec
    16                           	psect	cstackCOMRAM,global,class=COMRAM,space=1,delta=1,lowdata,noexec
    17                           	psect	text0,global,reloc=2,class=CODE,delta=1
    18                           	psect	text1,global,reloc=2,class=CODE,delta=1
    19                           	psect	text2,global,reloc=2,class=CODE,delta=1,group=1
    20                           	psect	text3,global,reloc=2,class=CODE,delta=1
    21                           	psect	text4,global,reloc=2,class=CODE,delta=1
    22                           	psect	text5,global,reloc=2,class=CODE,delta=1
    23                           	psect	text6,global,reloc=2,class=CODE,delta=1
    24                           	psect	text7,global,reloc=2,class=CODE,delta=1
    25                           	psect	text8,global,reloc=2,class=CODE,delta=1
    26                           	psect	text9,global,reloc=2,class=CODE,delta=1
    27                           	psect	text10,global,reloc=2,class=CODE,delta=1
    28                           	psect	text11,global,reloc=2,class=CODE,delta=1
    29                           	psect	text12,global,reloc=2,class=CODE,delta=1
    30                           	psect	text13,global,reloc=2,class=CODE,delta=1
    31                           	psect	text14,global,reloc=2,class=CODE,delta=1
    32                           	psect	text15,global,reloc=2,class=CODE,delta=1
    33                           	psect	text16,global,reloc=2,class=CODE,delta=1
    34                           	psect	text17,global,reloc=2,class=CODE,delta=1,group=1
    35                           	psect	text18,global,reloc=2,class=CODE,delta=1,group=1
    36                           	psect	text19,global,reloc=2,class=CODE,delta=1
    37                           	psect	text20,global,reloc=2,class=CODE,delta=1
    38                           	psect	text21,global,reloc=2,class=CODE,delta=1
    39                           	psect	text22,global,reloc=2,class=CODE,delta=1
    40                           	psect	text23,global,reloc=2,class=CODE,delta=1
    41                           	psect	text24,global,reloc=2,class=CODE,delta=1
    42                           	psect	text25,global,reloc=2,class=CODE,delta=1
    43                           	psect	text26,global,reloc=2,class=CODE,delta=1
    44                           	psect	text27,global,reloc=2,class=CODE,delta=1
    45                           	psect	text28,global,reloc=2,class=CODE,delta=1
    46                           	psect	text29,global,reloc=2,class=CODE,delta=1
    47                           	psect	text30,global,reloc=2,class=CODE,delta=1
    48                           	psect	text31,global,reloc=2,class=CODE,delta=1
    49                           	psect	text32,global,reloc=2,class=CODE,delta=1
    50                           	psect	text33,global,reloc=2,class=CODE,delta=1
    51                           	psect	text34,global,reloc=2,class=CODE,delta=1
    52                           	psect	text35,global,reloc=2,class=CODE,delta=1
    53                           	psect	text36,global,reloc=2,class=CODE,delta=1
    54                           	psect	text37,global,reloc=2,class=CODE,delta=1
    55                           	psect	text38,global,reloc=2,class=CODE,delta=1,group=1
    56                           	psect	text39,global,reloc=2,class=CODE,delta=1,group=1
    57                           	psect	text40,global,reloc=2,class=CODE,delta=1,group=1
    58                           	psect	text41,global,reloc=2,class=CODE,delta=1
    59                           	psect	text42,global,reloc=2,class=CODE,delta=1
    60                           	psect	text43,global,reloc=2,class=CODE,delta=1
    61                           	psect	text44,global,reloc=2,class=CODE,delta=1,group=1
    62                           	psect	intcode,global,reloc=2,class=CODE,delta=1
    63                           	psect	intcode_body,global,reloc=2,class=CODE,delta=1
    64                           	psect	intsave_regs,global,class=BIGRAM,space=1,delta=1,noexec
    65                           	psect	rparam,global,class=COMRAM,space=1,delta=1,noexec
    66                           	psect	temp,global,ovrld,common,class=COMRAM,space=1,delta=1
    67                           	psect	idloc,global,abs,ovrld,class=IDLOC,space=5,delta=1,noexec
    68                           	psect	config,global,abs,ovrld,class=CONFIG,space=4,delta=1,noexec
    69   000000                     
    70                           ; Version 2.20
    71                           ; Generated 12/02/2020 GMT
    72                           ; 
    73                           ; Copyright © 2020, Microchip Technology Inc. and its subsidiaries ("Microchip")
    74                           ; All rights reserved.
    75                           ; 
    76                           ; This software is developed by Microchip Technology Inc. and its subsidiaries ("Microch
      +                          ip").
    77                           ; 
    78                           ; Redistribution and use in source and binary forms, with or without modification, are
    79                           ; permitted provided that the following conditions are met:
    80                           ; 
    81                           ;     1. Redistributions of source code must retain the above copyright notice, this lis
      +                          t of
    82                           ;        conditions and the following disclaimer.
    83                           ; 
    84                           ;     2. Redistributions in binary form must reproduce the above copyright notice, this 
      +                          list
    85                           ;        of conditions and the following disclaimer in the documentation and/or other
    86                           ;        materials provided with the distribution.
    87                           ; 
    88                           ;     3. Microchip's name may not be used to endorse or promote products derived from th
      +                          is
    89                           ;        software without specific prior written permission.
    90                           ; 
    91                           ; THIS SOFTWARE IS PROVIDED BY MICROCHIP "AS IS" AND ANY EXPRESS OR IMPLIED WARRANTIES,
    92                           ; INCLUDING, BUT NOT LIMITED TO, THE IMPLIED WARRANTIES OF MERCHANTABILITY AND FITNESS F
      +                          OR
    93                           ; PURPOSE ARE DISCLAIMED.  IN NO EVENT SHALL MICROCHIP BE LIABLE FOR ANY DIRECT, INDIREC
      +                          T,
    94                           ; INCIDENTAL, SPECIAL, EXEMPLARY, OR CONSEQUENTIAL DAMAGES (INCLUDING BUT NOT LIMITED TO
    95                           ; PROCUREMENT OF SUBSTITUTE GOODS OR SERVICES; LOSS OF USE, DATA OR PROFITS; OR BUSINESS
    96                           ; INTERRUPTION) HOWSOEVER CAUSED AND ON ANY THEORY OF LIABILITY, WHETHER IN CONTRACT, ST
      +                          RICT
    97                           ; LIABILITY, OR TORT (INCLUDING NEGLIGENCE OR OTHERWISE) ARISING IN ANY WAY OUT OF THE U
      +                          SE OF
    98                           ; THIS SOFTWARE, EVEN IF ADVISED OF THE POSSIBILITY OF SUCH DAMAGE.
    99                           ; 
   100                           ; 
   101                           ; Code-generator required, PIC18F4580 Definitions
   102                           ; 
   103                           ; SFR Addresses
   104   000000                     
   105                           	psect	idataCOMRAM
   106   0029B0                     __pidataCOMRAM:
   107                           	callstack 0
   108                           
   109                           ;initializer for _index
   110   0029B0  FFFF               	dw	65535
   111                           
   112                           ;initializer for read_switches@once
   113   0029B2  01                 	db	1
   114                           
   115                           	psect	idataBANK1
   116   0024E2                     __pidataBANK1:
   117                           	callstack 0
   118                           
   119                           ;initializer for enter_menu@F78
   120   0024E2  31                 	db	49
   121   0024E3  20                 	db	32
   122   0024E4  56                 	db	86
   123   0024E5  69                 	db	105
   124   0024E6  65                 	db	101
   125   0024E7  77                 	db	119
   126   0024E8  20                 	db	32
   127   0024E9  4C                 	db	76
   128   0024EA  6F                 	db	111
   129   0024EB  67                 	db	103
   130   0024EC  20                 	db	32
   131   0024ED  20                 	db	32
   132   0024EE  20                 	db	32
   133   0024EF  20                 	db	32
   134   0024F0  00                 	db	0
   135   0024F1  00                 	db	0
   136   0024F2  32                 	db	50
   137   0024F3  20                 	db	32
   138   0024F4  43                 	db	67
   139   0024F5  6C                 	db	108
   140   0024F6  65                 	db	101
   141   0024F7  61                 	db	97
   142   0024F8  72                 	db	114
   143   0024F9  20                 	db	32
   144   0024FA  4C                 	db	76
   145   0024FB  6F                 	db	111
   146   0024FC  67                 	db	103
   147   0024FD  20                 	db	32
   148   0024FE  20                 	db	32
   149   0024FF  20                 	db	32
   150   002500  00                 	db	0
   151   002501  00                 	db	0
   152   002502  33                 	db	51
   153   002503  20                 	db	32
   154   002504  44                 	db	68
   155   002505  6F                 	db	111
   156   002506  77                 	db	119
   157   002507  6E                 	db	110
   158   002508  6C                 	db	108
   159   002509  6F                 	db	111
   160   00250A  61                 	db	97
   161   00250B  64                 	db	100
   162   00250C  20                 	db	32
   163   00250D  4C                 	db	76
   164   00250E  6F                 	db	111
   165   00250F  67                 	db	103
   166   002510  00                 	db	0
   167   002511  00                 	db	0
   168   002512  34                 	db	52
   169   002513  20                 	db	32
   170   002514  53                 	db	83
   171   002515  65                 	db	101
   172   002516  74                 	db	116
   173   002517  20                 	db	32
   174   002518  54                 	db	84
   175   002519  69                 	db	105
   176   00251A  6D                 	db	109
   177   00251B  65                 	db	101
   178   00251C  20                 	db	32
   179   00251D  20                 	db	32
   180   00251E  20                 	db	32
   181   00251F  20                 	db	32
   182   002520  00                 	db	0
   183   002521  00                 	db	0
   184   002522  35                 	db	53
   185   002523  20                 	db	32
   186   002524  43                 	db	67
   187   002525  68                 	db	104
   188   002526  61                 	db	97
   189   002527  6E                 	db	110
   190   002528  67                 	db	103
   191   002529  65                 	db	101
   192   00252A  20                 	db	32
   193   00252B  50                 	db	80
   194   00252C  61                 	db	97
   195   00252D  73                 	db	115
   196   00252E  73                 	db	115
   197   00252F  77                 	db	119
   198   002530  64                 	db	100
   199   002531  20                 	db	32
   200                           
   201                           ;initializer for _gear
   202   002532  47                 	db	71
   203   002533  4E                 	db	78
   204   002534  00                 	db	0
   205   002535  47                 	db	71
   206   002536  52                 	db	82
   207   002537  00                 	db	0
   208   002538  47                 	db	71
   209   002539  31                 	db	49
   210   00253A  00                 	db	0
   211   00253B  47                 	db	71
   212   00253C  32                 	db	50
   213   00253D  00                 	db	0
   214   00253E  47                 	db	71
   215   00253F  33                 	db	51
   216   002540  00                 	db	0
   217   002541  47                 	db	71
   218   002542  34                 	db	52
   219   002543  00                 	db	0
   220   002544  00                 	db	0
   221   002545  00                 	db	0
   222   002546  00                 	db	0
   223   002547  00                 	db	0
   224   002548  00                 	db	0
   225   002549  00                 	db	0
   226   000000                     _RCREG	set	4014
   227   000000                     _TXREG	set	4013
   228   000000                     _SPBRG	set	4015
   229   000000                     _SSPADD	set	4040
   230   000000                     _SSPCON1	set	4038
   231   000000                     _ADRESL	set	4035
   232   000000                     _ADRESH	set	4036
   233   000000                     _ABDOVF	set	32199
   234   000000                     _ACKSTAT	set	32302
   235   000000                     _CKE	set	32318
   236   000000                     _VCFG1	set	32269
   237   000000                     _GODONE	set	32273
   238   000000                     _PORTBbits	set	3969
   239   000000                     _ADCON1	set	4033
   240   000000                     _TRISD	set	3989
   241   000000                     _ADCON0	set	4034
   242   000000                     _RCIF	set	31989
   243   000000                     _RCIE	set	31981
   244   000000                     _TXIF	set	31988
   245   000000                     _ABDEN	set	32192
   246   000000                     _WUE	set	32193
   247   000000                     _BRG16	set	32195
   248   000000                     _SCKP	set	32196
   249   000000                     _RCIDL	set	32198
   250   000000                     _RX9D	set	32088
   251   000000                     _OERR	set	32089
   252   000000                     _FERR	set	32090
   253   000000                     _ADDEN	set	32091
   254   000000                     _CREN	set	32092
   255   000000                     _SREN	set	32093
   256   000000                     _RX9	set	32094
   257   000000                     _TX9D	set	32096
   258   000000                     _TRMT	set	32097
   259   000000                     _BRGH	set	32098
   260   000000                     _SENDB	set	32099
   261   000000                     _SYNC	set	32100
   262   000000                     _TXEN	set	32101
   263   000000                     _TX9	set	32102
   264   000000                     _TRISC6	set	31910
   265   000000                     _TRISC7	set	31911
   266   000000                     _TMR0IE	set	32661
   267   000000                     _TMR0ON	set	32431
   268   000000                     _RCEN	set	32299
   269   000000                     _RSEN	set	32297
   270   000000                     _PEN	set	32298
   271   000000                     _SEN	set	32296
   272   000000                     _SMP	set	32319
   273   000000                     _TRISC4	set	31908
   274   000000                     _TRISC3	set	31907
   275   000000                     _RD7	set	31775
   276   000000                     _RC0	set	31760
   277   000000                     _RC2	set	31762
   278   000000                     _GO	set	32273
   279   000000                     _ADON	set	32272
   280   000000                     _VCFG0	set	32268
   281   000000                     _ADCS2	set	32258
   282   000000                     _ADCS1	set	32257
   283   000000                     _ADCS0	set	32256
   284   000000                     _ACQT0	set	32259
   285   000000                     _ACQT1	set	32260
   286   000000                     _ACQT2	set	32261
   287   000000                     _PORTB	set	3969
   288   000000                     _RC1	set	31761
   289   000000                     _ADFM	set	32263
   290   000000                     _TRISB	set	3987
   291   000000                     _TRISC	set	3988
   292   000000                     _PORTD	set	3971
   293   000000                     _TRISD7	set	31919
   294   000000                     _TXIE	set	31980
   295   000000                     _SSPIF	set	31987
   296   000000                     _TMR0	set	4054
   297   000000                     _SSPBUF	set	4041
   298   000000                     _T0CS	set	32429
   299   000000                     _TMR0IF	set	32658
   300   000000                     _BCLIF	set	32011
   301   000000                     _SPEN	set	32095
   302   000000                     _CSRC	set	32103
   303   000000                     _RBPU	set	32655
   304                           
   305                           	psect	mediumconst
   306   002E3C                     __pmediumconst:
   307                           	callstack 0
   308   002E3C  00                 	db	0
   309   002E3D                     STR_22:
   310   002E3D  44                 	db	68	;'D'
   311   002E3E  6F                 	db	111	;'o'
   312   002E3F  77                 	db	119	;'w'
   313   002E40  6E                 	db	110	;'n'
   314   002E41  6C                 	db	108	;'l'
   315   002E42  6F                 	db	111	;'o'
   316   002E43  61                 	db	97	;'a'
   317   002E44  64                 	db	100	;'d'
   318   002E45  65                 	db	101	;'e'
   319   002E46  64                 	db	100	;'d'
   320   002E47  20                 	db	32
   321   002E48  44                 	db	68	;'D'
   322   002E49  65                 	db	101	;'e'
   323   002E4A  74                 	db	116	;'t'
   324   002E4B  61                 	db	97	;'a'
   325   002E4C  69                 	db	105	;'i'
   326   002E4D  6C                 	db	108	;'l'
   327   002E4E  73                 	db	115	;'s'
   328   002E4F  20                 	db	32
   329   002E50  66                 	db	102	;'f'
   330   002E51  72                 	db	114	;'r'
   331   002E52  6F                 	db	111	;'o'
   332   002E53  6D                 	db	109	;'m'
   333   002E54  20                 	db	32
   334   002E55  42                 	db	66	;'B'
   335   002E56  6C                 	db	108	;'l'
   336   002E57  6F                 	db	111	;'o'
   337   002E58  63                 	db	99	;'c'
   338   002E59  6B                 	db	107	;'k'
   339   002E5A  20                 	db	32
   340   002E5B  42                 	db	66	;'B'
   341   002E5C  6F                 	db	111	;'o'
   342   002E5D  78                 	db	120	;'x'
   343   002E5E  0A                 	db	10
   344   002E5F  0D                 	db	13
   345   002E60  00                 	db	0
   346   002E61                     STR_25:
   347   002E61  20                 	db	32
   348   002E62  20                 	db	32
   349   002E63  54                 	db	84	;'T'
   350   002E64  69                 	db	105	;'i'
   351   002E65  6D                 	db	109	;'m'
   352   002E66  65                 	db	101	;'e'
   353   002E67  20                 	db	32
   354   002E68  20                 	db	32
   355   002E69  20                 	db	32
   356   002E6A  20                 	db	32
   357   002E6B  20                 	db	32
   358   002E6C  47                 	db	71	;'G'
   359   002E6D  65                 	db	101	;'e'
   360   002E6E  61                 	db	97	;'a'
   361   002E6F  72                 	db	114	;'r'
   362   002E70  20                 	db	32
   363   002E71  53                 	db	83	;'S'
   364   002E72  70                 	db	112	;'p'
   365   002E73  64                 	db	100	;'d'
   366   002E74  20                 	db	32
   367   002E75  0A                 	db	10
   368   002E76  0D                 	db	13
   369   002E77  00                 	db	0
   370   002E78                     STR_34:
   371   002E78  52                 	db	82	;'R'
   372   002E79  65                 	db	101	;'e'
   373   002E7A  6E                 	db	110	;'n'
   374   002E7B  74                 	db	116	;'t'
   375   002E7C  65                 	db	101	;'e'
   376   002E7D  72                 	db	114	;'r'
   377   002E7E  20                 	db	32
   378   002E7F  6E                 	db	110	;'n'
   379   002E80  65                 	db	101	;'e'
   380   002E81  77                 	db	119	;'w'
   381   002E82  20                 	db	32
   382   002E83  50                 	db	80	;'P'
   383   002E84  61                 	db	97	;'a'
   384   002E85  73                 	db	115	;'s'
   385   002E86  73                 	db	115	;'s'
   386   002E87  77                 	db	119	;'w'
   387   002E88  6F                 	db	111	;'o'
   388   002E89  72                 	db	114	;'r'
   389   002E8A  64                 	db	100	;'d'
   390   002E8B  3A                 	db	58	;':'
   391   002E8C  00                 	db	0
   392   002E8D                     STR_27:
   393   002E8D  44                 	db	68	;'D'
   394   002E8E  6F                 	db	111	;'o'
   395   002E8F  77                 	db	119	;'w'
   396   002E90  6E                 	db	110	;'n'
   397   002E91  6C                 	db	108	;'l'
   398   002E92  6F                 	db	111	;'o'
   399   002E93  61                 	db	97	;'a'
   400   002E94  64                 	db	100	;'d'
   401   002E95  20                 	db	32
   402   002E96  4C                 	db	76	;'L'
   403   002E97  6F                 	db	111	;'o'
   404   002E98  67                 	db	103	;'g'
   405   002E99  3A                 	db	58	;':'
   406   002E9A  20                 	db	32
   407   002E9B  20                 	db	32
   408   002E9C  20                 	db	32
   409   002E9D  20                 	db	32
   410   002E9E  20                 	db	32
   411   002E9F  20                 	db	32
   412   002EA0  00                 	db	0
   413   002EA1                     STR_30:
   414   002EA1  45                 	db	69	;'E'
   415   002EA2  6E                 	db	110	;'n'
   416   002EA3  74                 	db	116	;'t'
   417   002EA4  65                 	db	101	;'e'
   418   002EA5  72                 	db	114	;'r'
   419   002EA6  20                 	db	32
   420   002EA7  4F                 	db	79	;'O'
   421   002EA8  6C                 	db	108	;'l'
   422   002EA9  64                 	db	100	;'d'
   423   002EAA  20                 	db	32
   424   002EAB  50                 	db	80	;'P'
   425   002EAC  61                 	db	97	;'a'
   426   002EAD  73                 	db	115	;'s'
   427   002EAE  73                 	db	115	;'s'
   428   002EAF  77                 	db	119	;'w'
   429   002EB0  6F                 	db	111	;'o'
   430   002EB1  72                 	db	114	;'r'
   431   002EB2  64                 	db	100	;'d'
   432   002EB3  3A                 	db	58	;':'
   433   002EB4  00                 	db	0
   434   002EB5                     STR_7:
   435   002EB5  45                 	db	69	;'E'
   436   002EB6  6E                 	db	110	;'n'
   437   002EB7  74                 	db	116	;'t'
   438   002EB8  65                 	db	101	;'e'
   439   002EB9  72                 	db	114	;'r'
   440   002EBA  20                 	db	32
   441   002EBB  50                 	db	80	;'P'
   442   002EBC  61                 	db	97	;'a'
   443   002EBD  73                 	db	115	;'s'
   444   002EBE  73                 	db	115	;'s'
   445   002EBF  77                 	db	119	;'w'
   446   002EC0  6F                 	db	111	;'o'
   447   002EC1  72                 	db	114	;'r'
   448   002EC2  64                 	db	100	;'d'
   449   002EC3  3A                 	db	58	;':'
   450   002EC4  20                 	db	32
   451   002EC5  20                 	db	32
   452   002EC6  20                 	db	32
   453   002EC7  00                 	db	0
   454   002EC8                     STR_23:
   455   002EC8  4C                 	db	76	;'L'
   456   002EC9  6F                 	db	111	;'o'
   457   002ECA  67                 	db	103	;'g'
   458   002ECB  73                 	db	115	;'s'
   459   002ECC  20                 	db	32
   460   002ECD  41                 	db	65	;'A'
   461   002ECE  72                 	db	114	;'r'
   462   002ECF  65                 	db	101	;'e'
   463   002ED0  20                 	db	32
   464   002ED1  45                 	db	69	;'E'
   465   002ED2  6D                 	db	109	;'m'
   466   002ED3  70                 	db	112	;'p'
   467   002ED4  74                 	db	116	;'t'
   468   002ED5  79                 	db	121	;'y'
   469   002ED6  21                 	db	33
   470   002ED7  0A                 	db	10
   471   002ED8  0D                 	db	13
   472   002ED9  00                 	db	0
   473   002EDA                     STR_32:
   474   002EDA  45                 	db	69	;'E'
   475   002EDB  6E                 	db	110	;'n'
   476   002EDC  74                 	db	116	;'t'
   477   002EDD  65                 	db	101	;'e'
   478   002EDE  72                 	db	114	;'r'
   479   002EDF  20                 	db	32
   480   002EE0  50                 	db	80	;'P'
   481   002EE1  61                 	db	97	;'a'
   482   002EE2  73                 	db	115	;'s'
   483   002EE3  73                 	db	115	;'s'
   484   002EE4  77                 	db	119	;'w'
   485   002EE5  6F                 	db	111	;'o'
   486   002EE6  72                 	db	114	;'r'
   487   002EE7  64                 	db	100	;'d'
   488   002EE8  3A                 	db	58	;':'
   489   002EE9  20                 	db	32
   490   002EEA  20                 	db	32
   491   002EEB  00                 	db	0
   492   002EEC                     STR_18:
   493   002EEC  4C                 	db	76	;'L'
   494   002EED  6F                 	db	111	;'o'
   495   002EEE  67                 	db	103	;'g'
   496   002EEF  73                 	db	115	;'s'
   497   002EF0  3A                 	db	58	;':'
   498   002EF1  20                 	db	32
   499   002EF2  20                 	db	32
   500   002EF3  20                 	db	32
   501   002EF4  20                 	db	32
   502   002EF5  20                 	db	32
   503   002EF6  20                 	db	32
   504   002EF7  20                 	db	32
   505   002EF8  20                 	db	32
   506   002EF9  20                 	db	32
   507   002EFA  20                 	db	32
   508   002EFB  20                 	db	32
   509   002EFC  00                 	db	0
   510   002EFD                     STR_12:
   511   002EFD  54                 	db	84	;'T'
   512   002EFE  72                 	db	114	;'r'
   513   002EFF  79                 	db	121	;'y'
   514   002F00  20                 	db	32
   515   002F01  61                 	db	97	;'a'
   516   002F02  67                 	db	103	;'g'
   517   002F03  61                 	db	97	;'a'
   518   002F04  69                 	db	105	;'i'
   519   002F05  6E                 	db	110	;'n'
   520   002F06  20                 	db	32
   521   002F07  20                 	db	32
   522   002F08  20                 	db	32
   523   002F09  20                 	db	32
   524   002F0A  20                 	db	32
   525   002F0B  20                 	db	32
   526   002F0C  20                 	db	32
   527   002F0D  00                 	db	0
   528   002F0E                     STR_20:
   529   002F0E  43                 	db	67	;'C'
   530   002F0F  6C                 	db	108	;'l'
   531   002F10  65                 	db	101	;'e'
   532   002F11  61                 	db	97	;'a'
   533   002F12  72                 	db	114	;'r'
   534   002F13  20                 	db	32
   535   002F14  4C                 	db	76	;'L'
   536   002F15  6F                 	db	111	;'o'
   537   002F16  67                 	db	103	;'g'
   538   002F17  3A                 	db	58	;':'
   539   002F18  20                 	db	32
   540   002F19  20                 	db	32
   541   002F1A  20                 	db	32
   542   002F1B  20                 	db	32
   543   002F1C  20                 	db	32
   544   002F1D  20                 	db	32
   545   002F1E  00                 	db	0
   546   002F1F                     STR_38:
   547   002F1F  20                 	db	32
   548   002F20  20                 	db	32
   549   002F21  20                 	db	32
   550   002F22  20                 	db	32
   551   002F23  50                 	db	80	;'P'
   552   002F24  61                 	db	97	;'a'
   553   002F25  73                 	db	115	;'s'
   554   002F26  73                 	db	115	;'s'
   555   002F27  77                 	db	119	;'w'
   556   002F28  6F                 	db	111	;'o'
   557   002F29  72                 	db	114	;'r'
   558   002F2A  64                 	db	100	;'d'
   559   002F2B  20                 	db	32
   560   002F2C  20                 	db	32
   561   002F2D  20                 	db	32
   562   002F2E  20                 	db	32
   563   002F2F  00                 	db	0
   564   002F30                     STR_39:
   565   002F30  20                 	db	32
   566   002F31  20                 	db	32
   567   002F32  4E                 	db	78	;'N'
   568   002F33  6F                 	db	111	;'o'
   569   002F34  74                 	db	116	;'t'
   570   002F35  20                 	db	32
   571   002F36  4D                 	db	77	;'M'
   572   002F37  61                 	db	97	;'a'
   573   002F38  74                 	db	116	;'t'
   574   002F39  63                 	db	99	;'c'
   575   002F3A  68                 	db	104	;'h'
   576   002F3B  65                 	db	101	;'e'
   577   002F3C  64                 	db	100	;'d'
   578   002F3D  20                 	db	32
   579   002F3E  20                 	db	32
   580   002F3F  20                 	db	32
   581   002F40  00                 	db	0
   582   002F41                     STR_19:
   583   002F41  20                 	db	32
   584   002F42  20                 	db	32
   585   002F43  20                 	db	32
   586   002F44  4C                 	db	76	;'L'
   587   002F45  6F                 	db	111	;'o'
   588   002F46  67                 	db	103	;'g'
   589   002F47  73                 	db	115	;'s'
   590   002F48  20                 	db	32
   591   002F49  45                 	db	69	;'E'
   592   002F4A  6D                 	db	109	;'m'
   593   002F4B  70                 	db	112	;'p'
   594   002F4C  74                 	db	116	;'t'
   595   002F4D  79                 	db	121	;'y'
   596   002F4E  20                 	db	32
   597   002F4F  20                 	db	32
   598   002F50  20                 	db	32
   599   002F51  00                 	db	0
   600   002F52                     STR_37:
   601   002F52  2A                 	db	42
   602   002F53  2A                 	db	42
   603   002F54  53                 	db	83	;'S'
   604   002F55  75                 	db	117	;'u'
   605   002F56  63                 	db	99	;'c'
   606   002F57  63                 	db	99	;'c'
   607   002F58  65                 	db	101	;'e'
   608   002F59  73                 	db	115	;'s'
   609   002F5A  73                 	db	115	;'s'
   610   002F5B  66                 	db	102	;'f'
   611   002F5C  75                 	db	117	;'u'
   612   002F5D  6C                 	db	108	;'l'
   613   002F5E  6C                 	db	108	;'l'
   614   002F5F  2A                 	db	42
   615   002F60  2A                 	db	42
   616   002F61  20                 	db	32
   617   002F62  00                 	db	0
   618   002F63                     STR_36:
   619   002F63  20                 	db	32
   620   002F64  50                 	db	80	;'P'
   621   002F65  61                 	db	97	;'a'
   622   002F66  73                 	db	115	;'s'
   623   002F67  73                 	db	115	;'s'
   624   002F68  77                 	db	119	;'w'
   625   002F69  64                 	db	100	;'d'
   626   002F6A  20                 	db	32
   627   002F6B  43                 	db	67	;'C'
   628   002F6C  68                 	db	104	;'h'
   629   002F6D  61                 	db	97	;'a'
   630   002F6E  6E                 	db	110	;'n'
   631   002F6F  67                 	db	103	;'g'
   632   002F70  65                 	db	101	;'e'
   633   002F71  64                 	db	100	;'d'
   634   002F72  20                 	db	32
   635   002F73  00                 	db	0
   636   002F74                     STR_40:
   637   002F74  20                 	db	32
   638   002F75  57                 	db	87	;'W'
   639   002F76  72                 	db	114	;'r'
   640   002F77  6F                 	db	111	;'o'
   641   002F78  6E                 	db	110	;'n'
   642   002F79  67                 	db	103	;'g'
   643   002F7A  20                 	db	32
   644   002F7B  50                 	db	80	;'P'
   645   002F7C  61                 	db	97	;'a'
   646   002F7D  73                 	db	115	;'s'
   647   002F7E  73                 	db	115	;'s'
   648   002F7F  77                 	db	119	;'w'
   649   002F80  6F                 	db	111	;'o'
   650   002F81  72                 	db	114	;'r'
   651   002F82  64                 	db	100	;'d'
   652   002F83  20                 	db	32
   653   002F84  00                 	db	0
   654   002F85                     STR_21:
   655   002F85  4C                 	db	76	;'L'
   656   002F86  6F                 	db	111	;'o'
   657   002F87  67                 	db	103	;'g'
   658   002F88  73                 	db	115	;'s'
   659   002F89  20                 	db	32
   660   002F8A  41                 	db	65	;'A'
   661   002F8B  72                 	db	114	;'r'
   662   002F8C  65                 	db	101	;'e'
   663   002F8D  20                 	db	32
   664   002F8E  43                 	db	67	;'C'
   665   002F8F  6C                 	db	108	;'l'
   666   002F90  65                 	db	101	;'e'
   667   002F91  61                 	db	97	;'a'
   668   002F92  72                 	db	114	;'r'
   669   002F93  65                 	db	101	;'e'
   670   002F94  64                 	db	100	;'d'
   671   002F95  00                 	db	0
   672   002F96                     STR_28:
   673   002F96  20                 	db	32
   674   002F97  55                 	db	85	;'U'
   675   002F98  61                 	db	97	;'a'
   676   002F99  72                 	db	114	;'r'
   677   002F9A  74                 	db	116	;'t'
   678   002F9B  20                 	db	32
   679   002F9C  53                 	db	83	;'S'
   680   002F9D  75                 	db	117	;'u'
   681   002F9E  63                 	db	99	;'c'
   682   002F9F  63                 	db	99	;'c'
   683   002FA0  65                 	db	101	;'e'
   684   002FA1  73                 	db	115	;'s'
   685   002FA2  73                 	db	115	;'s'
   686   002FA3  66                 	db	102	;'f'
   687   002FA4  75                 	db	117	;'u'
   688   002FA5  6C                 	db	108	;'l'
   689   002FA6  00                 	db	0
   690   002FA7                     STR_2:
   691   002FA7  20                 	db	32
   692   002FA8  20                 	db	32
   693   002FA9  20                 	db	32
   694   002FAA  20                 	db	32
   695   002FAB  20                 	db	32
   696   002FAC  20                 	db	32
   697   002FAD  20                 	db	32
   698   002FAE  20                 	db	32
   699   002FAF  20                 	db	32
   700   002FB0  20                 	db	32
   701   002FB1  20                 	db	32
   702   002FB2  20                 	db	32
   703   002FB3  20                 	db	32
   704   002FB4  20                 	db	32
   705   002FB5  20                 	db	32
   706   002FB6  20                 	db	32
   707   002FB7  00                 	db	0
   708   002FB8                     STR_29:
   709   002FB8  53                 	db	83	;'S'
   710   002FB9  65                 	db	101	;'e'
   711   002FBA  74                 	db	116	;'t'
   712   002FBB  20                 	db	32
   713   002FBC  54                 	db	84	;'T'
   714   002FBD  69                 	db	105	;'i'
   715   002FBE  6D                 	db	109	;'m'
   716   002FBF  65                 	db	101	;'e'
   717   002FC0  3A                 	db	58	;':'
   718   002FC1  20                 	db	32
   719   002FC2  20                 	db	32
   720   002FC3  20                 	db	32
   721   002FC4  20                 	db	32
   722   002FC5  20                 	db	32
   723   002FC6  20                 	db	32
   724   002FC7  00                 	db	0
   725   002FC8                     STR_15:
   726   002FC8  20                 	db	32
   727   002FC9  20                 	db	32
   728   002FCA  20                 	db	32
   729   002FCB  20                 	db	32
   730   002FCC  20                 	db	32
   731   002FCD  33                 	db	51	;'3'
   732   002FCE  20                 	db	32
   733   002FCF  4D                 	db	77	;'M'
   734   002FD0  49                 	db	73	;'I'
   735   002FD1  4E                 	db	78	;'N'
   736   002FD2  20                 	db	32
   737   002FD3  20                 	db	32
   738   002FD4  20                 	db	32
   739   002FD5  20                 	db	32
   740   002FD6  20                 	db	32
   741   002FD7  00                 	db	0
   742   002FD8                     STR_14:
   743   002FD8  54                 	db	84	;'T'
   744   002FD9  52                 	db	82	;'R'
   745   002FDA  59                 	db	89	;'Y'
   746   002FDB  20                 	db	32
   747   002FDC  41                 	db	65	;'A'
   748   002FDD  47                 	db	71	;'G'
   749   002FDE  41                 	db	65	;'A'
   750   002FDF  49                 	db	73	;'I'
   751   002FE0  4E                 	db	78	;'N'
   752   002FE1  20                 	db	32
   753   002FE2  41                 	db	65	;'A'
   754   002FE3  46                 	db	70	;'F'
   755   002FE4  54                 	db	84	;'T'
   756   002FE5  45                 	db	69	;'E'
   757   002FE6  52                 	db	82	;'R'
   758   002FE7  00                 	db	0
   759   002FE8                     STR_4:
   760   002FE8  20                 	db	32
   761   002FE9  20                 	db	32
   762   002FEA  54                 	db	84	;'T'
   763   002FEB  49                 	db	73	;'I'
   764   002FEC  4D                 	db	77	;'M'
   765   002FED  45                 	db	69	;'E'
   766   002FEE  20                 	db	32
   767   002FEF  20                 	db	32
   768   002FF0  45                 	db	69	;'E'
   769   002FF1  56                 	db	86	;'V'
   770   002FF2  20                 	db	32
   771   002FF3  53                 	db	83	;'S'
   772   002FF4  50                 	db	80	;'P'
   773   002FF5  00                 	db	0
   774   002FF6                     STR_3:
   775   002FF6  4F                 	db	79	;'O'
   776   002FF7  4E                 	db	78	;'N'
   777   002FF8  20                 	db	32
   778   002FF9  20                 	db	32
   779   002FFA  00                 	db	0
   780   002FFB                     STR_5:
   781   002FFB  2D                 	db	45
   782   002FFC  43                 	db	67	;'C'
   783   002FFD  20                 	db	32
   784   002FFE  00                 	db	0
   785   002FFF  00                 	db	0	; dummy byte at the end
   786   000000                     
   787                           ; #config settings
   788                           
   789                           	psect	cinit
   790   00239C                     __pcinit:
   791                           	callstack 0
   792   00239C                     start_initialization:
   793                           	callstack 0
   794   00239C                     __initialization:
   795                           	callstack 0
   796                           
   797                           ; Initialize objects allocated to BANK1 (104 bytes)
   798                           ; load TBLPTR registers with __pidataBANK1
   799   00239C  0EE2               	movlw	low __pidataBANK1
   800   00239E  6EF6               	movwf	tblptrl,c
   801   0023A0  0E24               	movlw	high __pidataBANK1
   802   0023A2  6EF7               	movwf	tblptrh,c
   803   0023A4  0E00               	movlw	low (__pidataBANK1 shr (0+16))
   804   0023A6  6EF8               	movwf	tblptru,c
   805   0023A8  EE01  F079         	lfsr	0,__pdataBANK1
   806   0023AC  EE10 F068          	lfsr	1,104
   807   0023B0                     copy_data0:
   808   0023B0  0009               	tblrd		*+
   809   0023B2  CFF5 FFEE          	movff	tablat,postinc0
   810   0023B6  50E5               	movf	postdec1,w,c
   811   0023B8  50E1               	movf	fsr1l,w,c
   812   0023BA  E1FA               	bnz	copy_data0
   813                           
   814                           ; Initialize objects allocated to COMRAM (3 bytes)
   815                           ; load TBLPTR registers with __pidataCOMRAM
   816   0023BC  0EB0               	movlw	low __pidataCOMRAM
   817   0023BE  6EF6               	movwf	tblptrl,c
   818   0023C0  0E29               	movlw	high __pidataCOMRAM
   819   0023C2  6EF7               	movwf	tblptrh,c
   820   0023C4  0E00               	movlw	low (__pidataCOMRAM shr (0+16))
   821   0023C6  6EF8               	movwf	tblptru,c
   822   0023C8  0009               	tblrd		*+	;fetch initializer
   823   0023CA  CFF5 F059          	movff	tablat,__pdataCOMRAM
   824   0023CE  0009               	tblrd		*+	;fetch initializer
   825   0023D0  CFF5 F05A          	movff	tablat,__pdataCOMRAM+1
   826   0023D4  0009               	tblrd		*+	;fetch initializer
   827   0023D6  CFF5 F05B          	movff	tablat,__pdataCOMRAM+2
   828                           
   829                           ; Clear objects allocated to BANK1 (9 bytes)
   830   0023DA  EE01  F0E1         	lfsr	0,__pbssBANK1
   831   0023DE  0E09               	movlw	9
   832   0023E0                     clear_0:
   833   0023E0  6AEE               	clrf	postinc0,c
   834   0023E2  06E8               	decf	wreg,f,c
   835   0023E4  E1FD               	bnz	clear_0
   836                           
   837                           ; Clear objects allocated to BANK0 (9 bytes)
   838   0023E6  EE00  F0AE         	lfsr	0,__pbssBANK0
   839   0023EA  0E09               	movlw	9
   840   0023EC                     clear_1:
   841   0023EC  6AEE               	clrf	postinc0,c
   842   0023EE  06E8               	decf	wreg,f,c
   843   0023F0  E1FD               	bnz	clear_1
   844                           
   845                           ; Clear objects allocated to COMRAM (11 bytes)
   846   0023F2  EE00  F04E         	lfsr	0,__pbssCOMRAM
   847   0023F6  0E0B               	movlw	11
   848   0023F8                     clear_2:
   849   0023F8  6AEE               	clrf	postinc0,c
   850   0023FA  06E8               	decf	wreg,f,c
   851   0023FC  E1FD               	bnz	clear_2
   852   0023FE                     end_of_initialization:
   853                           	callstack 0
   854   0023FE                     __end_of__initialization:
   855                           	callstack 0
   856   0023FE  905C               	bcf	int$flags,0,c	;clear compiler interrupt flag (level 1)
   857   002400  925C               	bcf	int$flags,1,c	;clear compiler interrupt flag (level 2)
   858   002402  0E00               	movlw	low (__Lmediumconst shr (0+16))
   859   002404  6EF8               	movwf	tblptru,c
   860   002406  0100               	movlb	0
   861   002408  EFCC  F00D         	goto	_main	;jump to C main() function
   862                           
   863                           	psect	bssCOMRAM
   864   00004E                     __pbssCOMRAM:
   865                           	callstack 0
   866   00004E                     _clock_reg:
   867                           	callstack 0
   868   00004E                     	ds	3
   869   000051                     _fl0:
   870                           	callstack 0
   871   000051                     	ds	2
   872   000053                     _event:
   873                           	callstack 0
   874   000053                     	ds	2
   875   000055                     isr@count:
   876                           	callstack 0
   877   000055                     	ds	2
   878   000057                     read_switches@key:
   879                           	callstack 0
   880   000057                     	ds	1
   881   000058                     _address:
   882                           	callstack 0
   883   000058                     	ds	1
   884                           
   885                           	psect	dataCOMRAM
   886   000059                     __pdataCOMRAM:
   887                           	callstack 0
   888   000059                     _index:
   889                           	callstack 0
   890   000059                     	ds	2
   891   00005B                     read_switches@once:
   892                           	callstack 0
   893   00005B                     	ds	1
   894                           
   895                           	psect	bssBANK0
   896   0000AE                     __pbssBANK0:
   897                           	callstack 0
   898   0000AE                     _time:
   899                           	callstack 0
   900   0000AE                     	ds	9
   901                           
   902                           	psect	bssBANK1
   903   0001E1                     __pbssBANK1:
   904                           	callstack 0
   905   0001E1                     _arr:
   906                           	callstack 0
   907   0001E1                     	ds	4
   908   0001E5                     _pass:
   909                           	callstack 0
   910   0001E5                     	ds	4
   911   0001E9                     _pass_key:
   912                           	callstack 0
   913   0001E9                     	ds	1
   914                           
   915                           	psect	dataBANK1
   916   000179                     __pdataBANK1:
   917                           	callstack 0
   918   000179                     enter_menu@F78:
   919                           	callstack 0
   920   000179                     	ds	80
   921   0001C9                     _gear:
   922                           	callstack 0
   923   0001C9                     	ds	24
   924                           
   925                           	psect	cstackBANK1
   926   000100                     __pcstackBANK1:
   927                           	callstack 0
   928   000100                     enter_menu@menu:
   929                           	callstack 0
   930                           
   931                           ; 80 bytes @ 0x0
   932   000100                     	ds	80
   933   000150                     enter_menu@ti1:
   934                           	callstack 0
   935                           
   936                           ; 4 bytes @ 0x50
   937   000150                     	ds	4
   938   000154                     enter_menu@delay:
   939                           	callstack 0
   940                           
   941                           ; 2 bytes @ 0x54
   942   000154                     	ds	2
   943   000156                     enter_menu@k:
   944                           	callstack 0
   945                           
   946                           ; 2 bytes @ 0x56
   947   000156                     	ds	2
   948   000158                     enter_menu@fl03:
   949                           	callstack 0
   950                           
   951                           ; 1 bytes @ 0x58
   952   000158                     	ds	1
   953   000159                     enter_menu@u:
   954                           	callstack 0
   955                           
   956                           ; 4 bytes @ 0x59
   957   000159                     	ds	4
   958   00015D                     enter_menu@delay1:
   959                           	callstack 0
   960                           
   961                           ; 2 bytes @ 0x5D
   962   00015D                     	ds	2
   963   00015F                     enter_menu@input:
   964                           	callstack 0
   965                           
   966                           ; 2 bytes @ 0x5F
   967   00015F                     	ds	2
   968   000161                     enter_menu@tr:
   969                           	callstack 0
   970                           
   971                           ; 2 bytes @ 0x61
   972   000161                     	ds	2
   973   000163                     enter_menu@count:
   974                           	callstack 0
   975                           
   976                           ; 2 bytes @ 0x63
   977   000163                     	ds	2
   978   000165                     enter_menu@goback:
   979                           	callstack 0
   980                           
   981                           ; 2 bytes @ 0x65
   982   000165                     	ds	2
   983   000167                     enter_menu@fl021:
   984                           	callstack 0
   985                           
   986                           ; 1 bytes @ 0x67
   987   000167                     	ds	1
   988   000168                     enter_menu@fl022:
   989                           	callstack 0
   990                           
   991                           ; 1 bytes @ 0x68
   992   000168                     	ds	1
   993   000169                     enter_menu@long_key:
   994                           	callstack 0
   995                           
   996                           ; 1 bytes @ 0x69
   997   000169                     	ds	1
   998   00016A                     enter_menu@blink:
   999                           	callstack 0
  1000                           
  1001                           ; 2 bytes @ 0x6A
  1002   00016A                     	ds	2
  1003   00016C                     enter_menu@pos:
  1004                           	callstack 0
  1005                           
  1006                           ; 2 bytes @ 0x6C
  1007   00016C                     	ds	2
  1008   00016E                     enter_menu@b:
  1009                           	callstack 0
  1010                           
  1011                           ; 1 bytes @ 0x6E
  1012   00016E                     	ds	1
  1013   00016F                     enter_menu@i:
  1014                           	callstack 0
  1015                           
  1016                           ; 2 bytes @ 0x6F
  1017   00016F                     	ds	2
  1018   000171                     enter_menu@delay0:
  1019                           	callstack 0
  1020                           
  1021                           ; 2 bytes @ 0x71
  1022   000171                     	ds	2
  1023   000173                     enter_menu@ti0:
  1024                           	callstack 0
  1025                           
  1026                           ; 2 bytes @ 0x73
  1027   000173                     	ds	2
  1028   000175                     enter_menu@len:
  1029                           	callstack 0
  1030                           
  1031                           ; 2 bytes @ 0x75
  1032   000175                     	ds	2
  1033   000177                     enter_menu@fl02:
  1034                           	callstack 0
  1035                           
  1036                           ; 1 bytes @ 0x77
  1037   000177                     	ds	1
  1038   000178                     enter_menu@count1:
  1039                           	callstack 0
  1040                           
  1041                           ; 1 bytes @ 0x78
  1042   000178                     	ds	1
  1043                           
  1044                           	psect	cstackBANK0
  1045   000060                     __pcstackBANK0:
  1046                           	callstack 0
  1047   000060                     change_password@ti6:
  1048                           	callstack 0
  1049                           
  1050                           ; 4 bytes @ 0x0
  1051   000060                     	ds	4
  1052   000064                     change_password@s_delay:
  1053                           	callstack 0
  1054                           
  1055                           ; 4 bytes @ 0x4
  1056   000064                     	ds	4
  1057   000068                     change_password@input1:
  1058                           	callstack 0
  1059                           
  1060                           ; 2 bytes @ 0x8
  1061   000068                     	ds	2
  1062   00006A                     change_password@count20:
  1063                           	callstack 0
  1064                           
  1065                           ; 2 bytes @ 0xA
  1066   00006A                     	ds	2
  1067   00006C                     change_password@delay5:
  1068                           	callstack 0
  1069                           
  1070                           ; 2 bytes @ 0xC
  1071   00006C                     	ds	2
  1072   00006E                     change_password@k30:
  1073                           	callstack 0
  1074                           
  1075                           ; 2 bytes @ 0xE
  1076   00006E                     	ds	2
  1077   000070                     change_password@k20:
  1078                           	callstack 0
  1079                           
  1080                           ; 2 bytes @ 0x10
  1081   000070                     	ds	2
  1082   000072                     change_password@arr1:
  1083                           	callstack 0
  1084                           
  1085                           ; 4 bytes @ 0x12
  1086   000072                     	ds	4
  1087   000076                     change_password@arr4:
  1088                           	callstack 0
  1089                           
  1090                           ; 4 bytes @ 0x16
  1091   000076                     	ds	4
  1092   00007A                     change_password@l:
  1093                           	callstack 0
  1094                           
  1095                           ; 4 bytes @ 0x1A
  1096   00007A                     	ds	4
  1097   00007E                     change_password@i2:
  1098                           	callstack 0
  1099                           
  1100                           ; 2 bytes @ 0x1E
  1101   00007E                     	ds	2
  1102   000080                     change_password@count30:
  1103                           	callstack 0
  1104                           
  1105                           ; 2 bytes @ 0x20
  1106   000080                     	ds	2
  1107   000082                     change_password@k10:
  1108                           	callstack 0
  1109                           
  1110                           ; 2 bytes @ 0x22
  1111   000082                     	ds	2
  1112   000084                     change_password@count10:
  1113                           	callstack 0
  1114                           
  1115                           ; 2 bytes @ 0x24
  1116   000084                     	ds	2
  1117   000086                     change_password@delay4:
  1118                           	callstack 0
  1119                           
  1120                           ; 2 bytes @ 0x26
  1121   000086                     	ds	2
  1122   000088                     change_password@arr5:
  1123                           	callstack 0
  1124                           
  1125                           ; 4 bytes @ 0x28
  1126   000088                     	ds	4
  1127   00008C                     change_password@cn_flag:
  1128                           	callstack 0
  1129                           
  1130                           ; 2 bytes @ 0x2C
  1131   00008C                     	ds	2
  1132   00008E                     change_password@pass_key3:
  1133                           	callstack 0
  1134                           
  1135                           ; 2 bytes @ 0x2E
  1136   00008E                     	ds	2
  1137   000090                     change_password@blink3:
  1138                           	callstack 0
  1139                           
  1140                           ; 2 bytes @ 0x30
  1141   000090                     	ds	2
  1142   000092                     change_password@pass_key1:
  1143                           	callstack 0
  1144                           
  1145                           ; 2 bytes @ 0x32
  1146   000092                     	ds	2
  1147   000094                     change_password@blink1:
  1148                           	callstack 0
  1149                           
  1150                           ; 2 bytes @ 0x34
  1151   000094                     	ds	2
  1152   000096                     change_password@pass_key2:
  1153                           	callstack 0
  1154                           
  1155                           ; 2 bytes @ 0x36
  1156   000096                     	ds	2
  1157   000098                     change_password@blink2:
  1158                           	callstack 0
  1159                           
  1160                           ; 2 bytes @ 0x38
  1161   000098                     	ds	2
  1162   00009A                     change_password@pos3:
  1163                           	callstack 0
  1164                           
  1165                           ; 2 bytes @ 0x3A
  1166   00009A                     	ds	2
  1167   00009C                     change_password@delay6:
  1168                           	callstack 0
  1169                           
  1170                           ; 2 bytes @ 0x3C
  1171   00009C                     	ds	2
  1172   00009E                     change_password@pos1:
  1173                           	callstack 0
  1174                           
  1175                           ; 2 bytes @ 0x3E
  1176   00009E                     	ds	2
  1177   0000A0                     change_password@pos2:
  1178                           	callstack 0
  1179                           
  1180                           ; 2 bytes @ 0x40
  1181   0000A0                     	ds	2
  1182   0000A2                     change_password@i1:
  1183                           	callstack 0
  1184                           
  1185                           ; 2 bytes @ 0x42
  1186   0000A2                     	ds	2
  1187   0000A4                     change_password@len3:
  1188                           	callstack 0
  1189                           
  1190                           ; 2 bytes @ 0x44
  1191   0000A4                     	ds	2
  1192   0000A6                     change_password@i3:
  1193                           	callstack 0
  1194                           
  1195                           ; 2 bytes @ 0x46
  1196   0000A6                     	ds	2
  1197   0000A8                     change_password@len1:
  1198                           	callstack 0
  1199                           
  1200                           ; 2 bytes @ 0x48
  1201   0000A8                     	ds	2
  1202   0000AA                     change_password@h:
  1203                           	callstack 0
  1204                           
  1205                           ; 2 bytes @ 0x4A
  1206   0000AA                     	ds	2
  1207   0000AC                     change_password@len2:
  1208                           	callstack 0
  1209                           
  1210                           ; 2 bytes @ 0x4C
  1211   0000AC                     	ds	2
  1212                           
  1213                           	psect	cstackCOMRAM
  1214   000001                     __pcstackCOMRAM:
  1215                           	callstack 0
  1216   000001                     ?_read_adc:
  1217                           	callstack 0
  1218   000001                     ?___wmul:
  1219                           	callstack 0
  1220   000001                     ?___awdiv:
  1221                           	callstack 0
  1222   000001                     ?___awmod:
  1223                           	callstack 0
  1224   000001                     ?___lwmod:
  1225                           	callstack 0
  1226   000001                     ?___lmul:
  1227                           	callstack 0
  1228   000001                     clcd_write@control_bit:
  1229                           	callstack 0
  1230   000001                     i2c_write@data:
  1231                           	callstack 0
  1232   000001                     read_switches@detection_type:
  1233                           	callstack 0
  1234   000001                     putch@byte:
  1235                           	callstack 0
  1236   000001                     ___wmul@multiplier:
  1237                           	callstack 0
  1238   000001                     ___awdiv@dividend:
  1239                           	callstack 0
  1240   000001                     ___awmod@dividend:
  1241                           	callstack 0
  1242   000001                     ___lwmod@dividend:
  1243                           	callstack 0
  1244   000001                     ___lmul@multiplier:
  1245                           	callstack 0
  1246                           
  1247                           ; 4 bytes @ 0x0
  1248   000001                     	ds	1
  1249   000002                     clcd_write@byte:
  1250                           	callstack 0
  1251   000002                     write_ds1307@data:
  1252                           	callstack 0
  1253   000002                     read_ds1307@address:
  1254                           	callstack 0
  1255   000002                     read_eeprom@address:
  1256                           	callstack 0
  1257   000002                     puts@s:
  1258                           	callstack 0
  1259                           
  1260                           ; 2 bytes @ 0x1
  1261   000002                     	ds	1
  1262   000003                     ??_read_adc:
  1263   000003                     write_ds1307@address:
  1264                           	callstack 0
  1265   000003                     read_ds1307@data:
  1266                           	callstack 0
  1267   000003                     read_eeprom@data:
  1268                           	callstack 0
  1269   000003                     ___wmul@multiplicand:
  1270                           	callstack 0
  1271   000003                     ___awdiv@divisor:
  1272                           	callstack 0
  1273   000003                     ___awmod@divisor:
  1274                           	callstack 0
  1275   000003                     ___lwmod@divisor:
  1276                           	callstack 0
  1277                           
  1278                           ; 2 bytes @ 0x2
  1279   000003                     	ds	1
  1280   000004                     init_ds1307@dummy:
  1281                           	callstack 0
  1282                           
  1283                           ; 1 bytes @ 0x3
  1284   000004                     	ds	1
  1285   000005                     ___awdiv@counter:
  1286                           	callstack 0
  1287   000005                     ___awmod@counter:
  1288                           	callstack 0
  1289   000005                     ___lwmod@counter:
  1290                           	callstack 0
  1291   000005                     read_adc@reg_val:
  1292                           	callstack 0
  1293   000005                     ___wmul@product:
  1294                           	callstack 0
  1295   000005                     ___lmul@multiplicand:
  1296                           	callstack 0
  1297                           
  1298                           ; 4 bytes @ 0x4
  1299   000005                     	ds	1
  1300   000006                     ___awdiv@sign:
  1301                           	callstack 0
  1302   000006                     ___awmod@sign:
  1303                           	callstack 0
  1304                           
  1305                           ; 1 bytes @ 0x5
  1306   000006                     	ds	1
  1307   000007                     read_adc@channel:
  1308                           	callstack 0
  1309   000007                     clcd_print@data:
  1310                           	callstack 0
  1311   000007                     ___awdiv@quotient:
  1312                           	callstack 0
  1313                           
  1314                           ; 2 bytes @ 0x6
  1315   000007                     	ds	2
  1316   000009                     clcd_print@addr:
  1317                           	callstack 0
  1318   000009                     ___lmul@product:
  1319                           	callstack 0
  1320                           
  1321                           ; 4 bytes @ 0x8
  1322   000009                     	ds	1
  1323   00000A                     display_gear@key:
  1324                           	callstack 0
  1325   00000A                     clear_log@ti3:
  1326                           	callstack 0
  1327   00000A                     download_log@data:
  1328                           	callstack 0
  1329                           
  1330                           ; 16 bytes @ 0x9
  1331   00000A                     	ds	3
  1332   00000D                     ?___lldiv:
  1333                           	callstack 0
  1334   00000D                     ___lldiv@dividend:
  1335                           	callstack 0
  1336                           
  1337                           ; 4 bytes @ 0xC
  1338   00000D                     	ds	4
  1339   000011                     ___lldiv@divisor:
  1340                           	callstack 0
  1341                           
  1342                           ; 4 bytes @ 0x10
  1343   000011                     	ds	4
  1344   000015                     ___lldiv@quotient:
  1345                           	callstack 0
  1346                           
  1347                           ; 4 bytes @ 0x14
  1348   000015                     	ds	4
  1349   000019                     ___lldiv@counter:
  1350                           	callstack 0
  1351                           
  1352                           ; 1 bytes @ 0x18
  1353   000019                     	ds	1
  1354   00001A                     ?___llmod:
  1355                           	callstack 0
  1356   00001A                     download_log@ti4:
  1357                           	callstack 0
  1358   00001A                     ___llmod@dividend:
  1359                           	callstack 0
  1360                           
  1361                           ; 4 bytes @ 0x19
  1362   00001A                     	ds	4
  1363   00001E                     download_log@addr2:
  1364                           	callstack 0
  1365   00001E                     ___llmod@divisor:
  1366                           	callstack 0
  1367                           
  1368                           ; 4 bytes @ 0x1D
  1369   00001E                     	ds	2
  1370   000020                     download_log@i:
  1371                           	callstack 0
  1372                           
  1373                           ; 2 bytes @ 0x1F
  1374   000020                     	ds	2
  1375   000022                     ___llmod@counter:
  1376                           	callstack 0
  1377   000022                     download_log@j:
  1378                           	callstack 0
  1379                           
  1380                           ; 2 bytes @ 0x21
  1381   000022                     	ds	1
  1382   000023                     clcd_putch@addr:
  1383                           	callstack 0
  1384   000023                     write_eeprom@data:
  1385                           	callstack 0
  1386                           
  1387                           ; 1 bytes @ 0x22
  1388   000023                     	ds	1
  1389   000024                     clcd_putch@data:
  1390                           	callstack 0
  1391   000024                     write_eeprom@i:
  1392                           	callstack 0
  1393                           
  1394                           ; 2 bytes @ 0x23
  1395   000024                     	ds	1
  1396   000025                     ??_view_log:
  1397   000025                     ??_set_time:
  1398   000025                     display_speed@adc_val:
  1399                           	callstack 0
  1400                           
  1401                           ; 4 bytes @ 0x24
  1402   000025                     	ds	1
  1403   000026                     write_eeprom@addr:
  1404                           	callstack 0
  1405                           
  1406                           ; 1 bytes @ 0x25
  1407   000026                     	ds	1
  1408   000027                     ??_change_password:
  1409   000027                     store_eeprom@adc_val:
  1410                           	callstack 0
  1411                           
  1412                           ; 4 bytes @ 0x26
  1413   000027                     	ds	2
  1414   000029                     view_log@key1:
  1415                           	callstack 0
  1416   000029                     set_time@k2:
  1417                           	callstack 0
  1418   000029                     _display_speed$1190:
  1419                           	callstack 0
  1420                           
  1421                           ; 4 bytes @ 0x28
  1422   000029                     	ds	1
  1423   00002A                     view_log@i:
  1424                           	callstack 0
  1425   00002A                     set_time@wait:
  1426                           	callstack 0
  1427                           
  1428                           ; 4 bytes @ 0x29
  1429   00002A                     	ds	1
  1430   00002B                     ??_store_eeprom:
  1431                           
  1432                           ; 1 bytes @ 0x2A
  1433   00002B                     	ds	1
  1434   00002C                     view_log@i_403:
  1435                           	callstack 0
  1436                           
  1437                           ; 2 bytes @ 0x2B
  1438   00002C                     	ds	1
  1439   00002D                     _store_eeprom$1191:
  1440                           	callstack 0
  1441                           
  1442                           ; 4 bytes @ 0x2C
  1443   00002D                     	ds	1
  1444   00002E                     view_log@ti21:
  1445                           	callstack 0
  1446   00002E                     set_time@wait1:
  1447                           	callstack 0
  1448                           
  1449                           ; 4 bytes @ 0x2D
  1450   00002E                     	ds	3
  1451   000031                     store_eeprom@key:
  1452                           	callstack 0
  1453                           
  1454                           ; 1 bytes @ 0x30
  1455   000031                     	ds	1
  1456   000032                     view_log@pos:
  1457                           	callstack 0
  1458   000032                     store_eeprom@i:
  1459                           	callstack 0
  1460   000032                     set_time@wait2:
  1461                           	callstack 0
  1462                           
  1463                           ; 4 bytes @ 0x31
  1464   000032                     	ds	1
  1465   000033                     view_log@ti2:
  1466                           	callstack 0
  1467                           
  1468                           ; 4 bytes @ 0x32
  1469   000033                     	ds	1
  1470   000034                     store_eeprom@i_202:
  1471                           	callstack 0
  1472                           
  1473                           ; 2 bytes @ 0x33
  1474   000034                     	ds	2
  1475   000036                     set_time@ti5:
  1476                           	callstack 0
  1477                           
  1478                           ; 4 bytes @ 0x35
  1479   000036                     	ds	1
  1480   000037                     view_log@addr1:
  1481                           	callstack 0
  1482                           
  1483                           ; 4 bytes @ 0x36
  1484   000037                     	ds	3
  1485   00003A                     set_time@ti51:
  1486                           	callstack 0
  1487                           
  1488                           ; 4 bytes @ 0x39
  1489   00003A                     	ds	4
  1490   00003E                     set_time@bcd_hr:
  1491                           	callstack 0
  1492                           
  1493                           ; 1 bytes @ 0x3D
  1494   00003E                     	ds	1
  1495   00003F                     set_time@bcd_sec:
  1496                           	callstack 0
  1497                           
  1498                           ; 1 bytes @ 0x3E
  1499   00003F                     	ds	1
  1500   000040                     set_time@bcd_min:
  1501                           	callstack 0
  1502                           
  1503                           ; 1 bytes @ 0x3F
  1504   000040                     	ds	1
  1505   000041                     set_time@sec:
  1506                           	callstack 0
  1507                           
  1508                           ; 1 bytes @ 0x40
  1509   000041                     	ds	1
  1510   000042                     set_time@min:
  1511                           	callstack 0
  1512                           
  1513                           ; 1 bytes @ 0x41
  1514   000042                     	ds	1
  1515   000043                     set_time@hr:
  1516                           	callstack 0
  1517                           
  1518                           ; 1 bytes @ 0x42
  1519   000043                     	ds	1
  1520   000044                     set_time@field:
  1521                           	callstack 0
  1522                           
  1523                           ; 1 bytes @ 0x43
  1524   000044                     	ds	1
  1525   000045                     ??_enter_menu:
  1526                           
  1527                           ; 1 bytes @ 0x44
  1528   000045                     	ds	2
  1529   000047                     main@adc_val:
  1530                           	callstack 0
  1531                           
  1532                           ; 4 bytes @ 0x46
  1533   000047                     	ds	4
  1534   00004B                     main@flag:
  1535                           	callstack 0
  1536                           
  1537                           ; 1 bytes @ 0x4A
  1538   00004B                     	ds	1
  1539   00004C                     main@once:
  1540                           	callstack 0
  1541                           
  1542                           ; 1 bytes @ 0x4B
  1543   00004C                     	ds	1
  1544   00004D                     main@key:
  1545                           	callstack 0
  1546                           
  1547                           ; 1 bytes @ 0x4C
  1548   00004D                     	ds	1
  1549                           
  1550 ;;
  1551 ;;Main: autosize = 0, tempsize = 0, incstack = 0, save=0
  1552 ;;
  1553 ;; *************** function _main *****************
  1554 ;; Defined at:
  1555 ;;		line 136 in file "main.c"
  1556 ;; Parameters:    Size  Location     Type
  1557 ;;		None
  1558 ;; Auto vars:     Size  Location     Type
  1559 ;;  adc_val         4   70[COMRAM] unsigned long 
  1560 ;;  key             1   76[COMRAM] unsigned char 
  1561 ;;  once            1   75[COMRAM] unsigned char 
  1562 ;;  flag            1   74[COMRAM] unsigned char 
  1563 ;; Return value:  Size  Location     Type
  1564 ;;                  1    wreg      void 
  1565 ;; Registers used:
  1566 ;;		wreg, fsr0l, fsr0h, fsr1l, fsr1h, fsr2l, fsr2h, status,2, status,0, tblptrl, tblptrh, tblptru, prodl, prodh, cstack
  1567 ;; Tracked objects:
  1568 ;;		On entry : 0/0
  1569 ;;		On exit  : 0/0
  1570 ;;		Unchanged: 0/0
  1571 ;; Data sizes:     COMRAM   BANK0   BANK1   BANK2   BANK3   BANK4   BANK5
  1572 ;;      Params:         0       0       0       0       0       0       0
  1573 ;;      Locals:         7       0       0       0       0       0       0
  1574 ;;      Temps:          0       0       0       0       0       0       0
  1575 ;;      Totals:         7       0       0       0       0       0       0
  1576 ;;Total ram usage:        7 bytes
  1577 ;; Hardware stack levels required when called: 7
  1578 ;; This function calls:
  1579 ;;		___wmul
  1580 ;;		_clcd_print
  1581 ;;		_display_gear
  1582 ;;		_display_speed
  1583 ;;		_display_time
  1584 ;;		_enter_menu
  1585 ;;		_get_time
  1586 ;;		_init_config
  1587 ;;		_read_adc
  1588 ;;		_read_switches
  1589 ;;		_store_eeprom
  1590 ;; This function is called by:
  1591 ;;		Startup code after reset
  1592 ;; This function uses a non-reentrant model
  1593 ;;
  1594                           
  1595                           	psect	text0
  1596   001B98                     __ptext0:
  1597                           	callstack 0
  1598   001B98                     _main:
  1599                           	callstack 24
  1600   001B98                     
  1601                           ;main.c: 138:     init_config();
  1602   001B98  EC74  F014         	call	_init_config	;wreg free
  1603   001B9C                     
  1604                           ;main.c: 141:     unsigned char once = 0 ;
  1605   001B9C  0E00               	movlw	0
  1606   001B9E  6E4C               	movwf	main@once^0,c
  1607   001BA0                     
  1608                           ;main.c: 142:     unsigned char flag = 1 ;
  1609   001BA0  0E01               	movlw	1
  1610   001BA2  6E4B               	movwf	main@flag^0,c
  1611   001BA4                     l4118:
  1612                           
  1613                           ;main.c: 154:     {;main.c: 155:  get_time();
  1614   001BA4  EC51  F011         	call	_get_time	;wreg free
  1615   001BA8                     
  1616                           ;main.c: 156:  key = read_switches(1);
  1617   001BA8  0E01               	movlw	1
  1618   001BAA  EC93  F011         	call	_read_switches
  1619   001BAE  6E4D               	movwf	main@key^0,c
  1620   001BB0                     
  1621                           ;main.c: 157:  if( (key == 11) && once == 0 )
  1622   001BB0  0E0B               	movlw	11
  1623   001BB2  184D               	xorwf	main@key^0,w,c
  1624   001BB4  A4D8               	btfss	status,2,c
  1625   001BB6  EFDF  F00D         	goto	u4121
  1626   001BBA  EFE1  F00D         	goto	u4120
  1627   001BBE                     u4121:
  1628   001BBE  EF0C  F00E         	goto	l4134
  1629   001BC2                     u4120:
  1630   001BC2  504C               	movf	main@once^0,w,c
  1631   001BC4  A4D8               	btfss	status,2,c
  1632   001BC6  EFE7  F00D         	goto	u4131
  1633   001BCA  EFE9  F00D         	goto	u4130
  1634   001BCE                     u4131:
  1635   001BCE  EF0C  F00E         	goto	l4134
  1636   001BD2                     u4130:
  1637   001BD2                     
  1638                           ;main.c: 158:  {;main.c: 159:      enter_menu(key);
  1639   001BD2  504D               	movf	main@key^0,w,c
  1640   001BD4  EC09  F000         	call	_enter_menu
  1641   001BD8                     
  1642                           ;main.c: 160:      clcd_print("                ",(0xC0 + (0)) );
  1643   001BD8  0EA7               	movlw	low STR_2
  1644   001BDA  6E07               	movwf	clcd_print@data^0,c
  1645   001BDC  0E2F               	movlw	high STR_2
  1646   001BDE  6E08               	movwf	(clcd_print@data+1)^0,c
  1647   001BE0  0EC0               	movlw	192
  1648   001BE2  6E09               	movwf	clcd_print@addr^0,c
  1649   001BE4  EC06  F012         	call	_clcd_print	;wreg free
  1650   001BE8                     
  1651                           ;main.c: 161:      clcd_print(gear[index],(0xC0 + (10)));
  1652   001BE8  C059  F001         	movff	_index,___wmul@multiplier
  1653   001BEC  C05A  F002         	movff	_index+1,___wmul@multiplier+1
  1654   001BF0  0E00               	movlw	0
  1655   001BF2  6E04               	movwf	(___wmul@multiplicand+1)^0,c
  1656   001BF4  0E03               	movlw	3
  1657   001BF6  6E03               	movwf	___wmul@multiplicand^0,c
  1658   001BF8  EC42  F014         	call	___wmul	;wreg free
  1659   001BFC  0EC9               	movlw	low _gear
  1660   001BFE  2401               	addwf	?___wmul^0,w,c
  1661   001C00  6E07               	movwf	clcd_print@data^0,c
  1662   001C02  0E01               	movlw	high _gear
  1663   001C04  2002               	addwfc	(?___wmul+1)^0,w,c
  1664   001C06  6E08               	movwf	(clcd_print@data+1)^0,c
  1665   001C08  0ECA               	movlw	202
  1666   001C0A  6E09               	movwf	clcd_print@addr^0,c
  1667   001C0C  EC06  F012         	call	_clcd_print	;wreg free
  1668   001C10                     
  1669                           ;main.c: 162:      once = 1;
  1670   001C10  0E01               	movlw	1
  1671   001C12  6E4C               	movwf	main@once^0,c
  1672                           
  1673                           ;main.c: 163:  }
  1674   001C14  EF17  F00E         	goto	l4138
  1675   001C18                     l4134:
  1676   001C18  0E0B               	movlw	11
  1677   001C1A  184D               	xorwf	main@key^0,w,c
  1678   001C1C  A4D8               	btfss	status,2,c
  1679   001C1E  EF13  F00E         	goto	u4141
  1680   001C22  EF15  F00E         	goto	u4140
  1681   001C26                     u4141:
  1682   001C26  EF17  F00E         	goto	l4138
  1683   001C2A                     u4140:
  1684   001C2A                     
  1685                           ;main.c: 165:      once = 0;
  1686   001C2A  0E00               	movlw	0
  1687   001C2C  6E4C               	movwf	main@once^0,c
  1688   001C2E                     l4138:
  1689                           
  1690                           ;main.c: 167:  if( flag == 1 )
  1691   001C2E  044B               	decf	main@flag^0,w,c
  1692   001C30  A4D8               	btfss	status,2,c
  1693   001C32  EF1D  F00E         	goto	u4151
  1694   001C36  EF1F  F00E         	goto	u4150
  1695   001C3A                     u4151:
  1696   001C3A  EF27  F00E         	goto	l280
  1697   001C3E                     u4150:
  1698   001C3E                     
  1699                           ;main.c: 168:  {;main.c: 169:      clcd_print("ON  ",(0xC0 + (10)) );
  1700   001C3E  0EF6               	movlw	low STR_3
  1701   001C40  6E07               	movwf	clcd_print@data^0,c
  1702   001C42  0E2F               	movlw	high STR_3
  1703   001C44  6E08               	movwf	(clcd_print@data+1)^0,c
  1704   001C46  0ECA               	movlw	202
  1705   001C48  6E09               	movwf	clcd_print@addr^0,c
  1706   001C4A  EC06  F012         	call	_clcd_print	;wreg free
  1707   001C4E                     l280:
  1708                           
  1709                           ;main.c: 171:  clcd_print("  TIME  EV SP", (0x80 + (0)));
  1710   001C4E  0EE8               	movlw	low STR_4
  1711   001C50  6E07               	movwf	clcd_print@data^0,c
  1712   001C52  0E2F               	movlw	high STR_4
  1713   001C54  6E08               	movwf	(clcd_print@data+1)^0,c
  1714   001C56  0E80               	movlw	128
  1715   001C58  6E09               	movwf	clcd_print@addr^0,c
  1716   001C5A  EC06  F012         	call	_clcd_print	;wreg free
  1717   001C5E                     
  1718                           ;main.c: 172:  if( key != 0xFF )
  1719   001C5E  284D               	incf	main@key^0,w,c
  1720   001C60  B4D8               	btfsc	status,2,c
  1721   001C62  EF35  F00E         	goto	u4161
  1722   001C66  EF37  F00E         	goto	u4160
  1723   001C6A                     u4161:
  1724   001C6A  EF39  F00E         	goto	l4146
  1725   001C6E                     u4160:
  1726   001C6E                     
  1727                           ;main.c: 173:  {;main.c: 174:      flag = 0;
  1728   001C6E  0E00               	movlw	0
  1729   001C70  6E4B               	movwf	main@flag^0,c
  1730   001C72                     l4146:
  1731                           
  1732                           ;main.c: 176:  display_gear(key);
  1733   001C72  504D               	movf	main@key^0,w,c
  1734   001C74  EC72  F00E         	call	_display_gear
  1735   001C78                     
  1736                           ;main.c: 177:  display_time();
  1737   001C78  ECB5  F014         	call	_display_time	;wreg free
  1738   001C7C                     
  1739                           ;main.c: 178:  display_speed( adc_val = read_adc(0x04) );
  1740   001C7C  0E04               	movlw	4
  1741   001C7E  EC5B  F013         	call	_read_adc
  1742   001C82  C001  F047         	movff	?_read_adc,main@adc_val
  1743   001C86  C002  F048         	movff	?_read_adc+1,main@adc_val+1
  1744   001C8A  6A49               	clrf	(main@adc_val+2)^0,c
  1745   001C8C  6A4A               	clrf	(main@adc_val+3)^0,c
  1746   001C8E  C047  F025         	movff	main@adc_val,display_speed@adc_val
  1747   001C92  C048  F026         	movff	main@adc_val+1,display_speed@adc_val+1
  1748   001C96  C049  F027         	movff	main@adc_val+2,display_speed@adc_val+2
  1749   001C9A  C04A  F028         	movff	main@adc_val+3,display_speed@adc_val+3
  1750   001C9E  EC80  F00F         	call	_display_speed	;wreg free
  1751   001CA2                     
  1752                           ;main.c: 179:  store_eeprom(key,adc_val);
  1753   001CA2  C047  F027         	movff	main@adc_val,store_eeprom@adc_val
  1754   001CA6  C048  F028         	movff	main@adc_val+1,store_eeprom@adc_val+1
  1755   001CAA  C049  F029         	movff	main@adc_val+2,store_eeprom@adc_val+2
  1756   001CAE  C04A  F02A         	movff	main@adc_val+3,store_eeprom@adc_val+3
  1757   001CB2  504D               	movf	main@key^0,w,c
  1758   001CB4  ECFC  F00B         	call	_store_eeprom
  1759   001CB8                     
  1760                           ;main.c: 180:  if( index == -1 )
  1761   001CB8  2859               	incf	_index^0,w,c
  1762   001CBA  E106               	bnz	u4171
  1763   001CBC  285A               	incf	(_index+1)^0,w,c
  1764   001CBE  A4D8               	btfss	status,2,c
  1765   001CC0  EF64  F00E         	goto	u4171
  1766   001CC4  EF66  F00E         	goto	u4170
  1767   001CC8                     u4171:
  1768   001CC8  EFD2  F00D         	goto	l4118
  1769   001CCC                     u4170:
  1770   001CCC                     
  1771                           ;main.c: 181:  {;main.c: 182:      clcd_print("-C ",(0xC0 + (10)));
  1772   001CCC  0EFB               	movlw	low STR_5
  1773   001CCE  6E07               	movwf	clcd_print@data^0,c
  1774   001CD0  0E2F               	movlw	high STR_5
  1775   001CD2  6E08               	movwf	(clcd_print@data+1)^0,c
  1776   001CD4  0ECA               	movlw	202
  1777   001CD6  6E09               	movwf	clcd_print@addr^0,c
  1778   001CD8  EC06  F012         	call	_clcd_print	;wreg free
  1779   001CDC  EFD2  F00D         	goto	l4118
  1780   001CE0  EF07  F000         	goto	start
  1781   001CE4                     __end_of_main:
  1782                           	callstack 0
  1783                           
  1784 ;; *************** function _store_eeprom *****************
  1785 ;; Defined at:
  1786 ;;		line 103 in file "main.c"
  1787 ;; Parameters:    Size  Location     Type
  1788 ;;  key             1    wreg     unsigned char 
  1789 ;;  adc_val         4   38[COMRAM] unsigned long 
  1790 ;; Auto vars:     Size  Location     Type
  1791 ;;  key             1   48[COMRAM] unsigned char 
  1792 ;;  i               2   51[COMRAM] int 
  1793 ;;  i               2   49[COMRAM] int 
  1794 ;; Return value:  Size  Location     Type
  1795 ;;                  1    wreg      void 
  1796 ;; Registers used:
  1797 ;;		wreg, fsr2l, fsr2h, status,2, status,0, prodl, prodh, cstack
  1798 ;; Tracked objects:
  1799 ;;		On entry : 0/0
  1800 ;;		On exit  : 0/0
  1801 ;;		Unchanged: 0/0
  1802 ;; Data sizes:     COMRAM   BANK0   BANK1   BANK2   BANK3   BANK4   BANK5
  1803 ;;      Params:         4       0       0       0       0       0       0
  1804 ;;      Locals:         9       0       0       0       0       0       0
  1805 ;;      Temps:          2       0       0       0       0       0       0
  1806 ;;      Totals:        15       0       0       0       0       0       0
  1807 ;;Total ram usage:       15 bytes
  1808 ;; Hardware stack levels used: 1
  1809 ;; Hardware stack levels required when called: 4
  1810 ;; This function calls:
  1811 ;;		___lldiv
  1812 ;;		___llmod
  1813 ;;		___lmul
  1814 ;;		___lwmod
  1815 ;;		___wmul
  1816 ;;		_write_eeprom
  1817 ;; This function is called by:
  1818 ;;		_main
  1819 ;; This function uses a non-reentrant model
  1820 ;;
  1821                           
  1822                           	psect	text1
  1823   0017F8                     __ptext1:
  1824                           	callstack 0
  1825   0017F8                     _store_eeprom:
  1826                           	callstack 26
  1827                           
  1828                           ;incstack = 0
  1829                           ;store_eeprom@key stored from wreg
  1830   0017F8  6E31               	movwf	store_eeprom@key^0,c
  1831   0017FA                     
  1832                           ;main.c: 103: void store_eeprom( unsigned char key, unsigned long adc_val );main.c: 104:
      +                           {;main.c: 105:     if( key == 1 || key == 2 || key == 3 )
  1833   0017FA  0431               	decf	store_eeprom@key^0,w,c
  1834   0017FC  B4D8               	btfsc	status,2,c
  1835   0017FE  EF03  F00C         	goto	u3561
  1836   001802  EF05  F00C         	goto	u3560
  1837   001806                     u3561:
  1838   001806  EF17  F00C         	goto	l3806
  1839   00180A                     u3560:
  1840   00180A  0E02               	movlw	2
  1841   00180C  1831               	xorwf	store_eeprom@key^0,w,c
  1842   00180E  B4D8               	btfsc	status,2,c
  1843   001810  EF0C  F00C         	goto	u3571
  1844   001814  EF0E  F00C         	goto	u3570
  1845   001818                     u3571:
  1846   001818  EF17  F00C         	goto	l3806
  1847   00181C                     u3570:
  1848   00181C  0E03               	movlw	3
  1849   00181E  1831               	xorwf	store_eeprom@key^0,w,c
  1850   001820  A4D8               	btfss	status,2,c
  1851   001822  EF15  F00C         	goto	u3581
  1852   001826  EF17  F00C         	goto	u3580
  1853   00182A                     u3581:
  1854   00182A  EF24  F00D         	goto	l271
  1855   00182E                     u3580:
  1856   00182E                     l3806:
  1857                           
  1858                           ;main.c: 106:     {;main.c: 107:  if( event % 10 == 0 )
  1859   00182E  C053  F001         	movff	_event,___lwmod@dividend
  1860   001832  C054  F002         	movff	_event+1,___lwmod@dividend+1
  1861   001836  0E00               	movlw	0
  1862   001838  6E04               	movwf	(___lwmod@divisor+1)^0,c
  1863   00183A  0E0A               	movlw	10
  1864   00183C  6E03               	movwf	___lwmod@divisor^0,c
  1865   00183E  ECA5  F012         	call	___lwmod	;wreg free
  1866   001842  5001               	movf	?___lwmod^0,w,c
  1867   001844  1002               	iorwf	(?___lwmod+1)^0,w,c
  1868   001846  A4D8               	btfss	status,2,c
  1869   001848  EF28  F00C         	goto	u3591
  1870   00184C  EF2A  F00C         	goto	u3590
  1871   001850                     u3591:
  1872   001850  EF2C  F00C         	goto	l264
  1873   001854                     u3590:
  1874   001854                     
  1875                           ;main.c: 108:  {;main.c: 109:      address = 0;
  1876   001854  0E00               	movlw	0
  1877   001856  6E58               	movwf	_address^0,c
  1878   001858                     l264:
  1879                           
  1880                           ;main.c: 111:  for( int i = 0; i < 8 ; i++ )
  1881   001858  0E00               	movlw	0
  1882   00185A  6E33               	movwf	(store_eeprom@i+1)^0,c
  1883   00185C  0E00               	movlw	0
  1884   00185E  6E32               	movwf	store_eeprom@i^0,c
  1885   001860                     l3814:
  1886                           
  1887                           ;main.c: 112:  {;main.c: 113:      write_eeprom(address++,time[i]);
  1888   001860  0EAE               	movlw	low _time
  1889   001862  2432               	addwf	store_eeprom@i^0,w,c
  1890   001864  6ED9               	movwf	fsr2l,c
  1891   001866  0E00               	movlw	high _time
  1892   001868  2033               	addwfc	(store_eeprom@i+1)^0,w,c
  1893   00186A  6EDA               	movwf	fsr2h,c
  1894   00186C  50DF               	movf	indf2,w,c
  1895   00186E  6E23               	movwf	write_eeprom@data^0,c
  1896   001870  5058               	movf	_address^0,w,c
  1897   001872  ECA1  F013         	call	_write_eeprom
  1898   001876  2A58               	incf	_address^0,f,c
  1899   001878                     
  1900                           ;main.c: 114:  }
  1901   001878  4A32               	infsnz	store_eeprom@i^0,f,c
  1902   00187A  2A33               	incf	(store_eeprom@i+1)^0,f,c
  1903   00187C  BE33               	btfsc	(store_eeprom@i+1)^0,7,c
  1904   00187E  EF4A  F00C         	goto	u3601
  1905   001882  5033               	movf	(store_eeprom@i+1)^0,w,c
  1906   001884  E109               	bnz	u3600
  1907   001886  0E08               	movlw	8
  1908   001888  5C32               	subwf	store_eeprom@i^0,w,c
  1909   00188A  A0D8               	btfss	status,0,c
  1910   00188C  EF4A  F00C         	goto	u3601
  1911   001890  EF4C  F00C         	goto	u3600
  1912   001894                     u3601:
  1913   001894  EF30  F00C         	goto	l3814
  1914   001898                     u3600:
  1915   001898                     
  1916                           ;main.c: 115:  write_eeprom(address++,' ');
  1917   001898  0E20               	movlw	32
  1918   00189A  6E23               	movwf	write_eeprom@data^0,c
  1919   00189C  5058               	movf	_address^0,w,c
  1920   00189E  ECA1  F013         	call	_write_eeprom
  1921   0018A2  2A58               	incf	_address^0,f,c
  1922   0018A4                     
  1923                           ;main.c: 116:  if( index == -1 )
  1924   0018A4  2859               	incf	_index^0,w,c
  1925   0018A6  E106               	bnz	u3611
  1926   0018A8  285A               	incf	(_index+1)^0,w,c
  1927   0018AA  A4D8               	btfss	status,2,c
  1928   0018AC  EF5A  F00C         	goto	u3611
  1929   0018B0  EF5C  F00C         	goto	u3610
  1930   0018B4                     u3611:
  1931   0018B4  EF6A  F00C         	goto	l3834
  1932   0018B8                     u3610:
  1933   0018B8                     
  1934                           ;main.c: 117:  {;main.c: 118:      write_eeprom( address++,'C');
  1935   0018B8  0E43               	movlw	67
  1936   0018BA  6E23               	movwf	write_eeprom@data^0,c
  1937   0018BC  5058               	movf	_address^0,w,c
  1938   0018BE  ECA1  F013         	call	_write_eeprom
  1939   0018C2  2A58               	incf	_address^0,f,c
  1940   0018C4                     
  1941                           ;main.c: 119:      write_eeprom( address++,' ');
  1942   0018C4  0E20               	movlw	32
  1943   0018C6  6E23               	movwf	write_eeprom@data^0,c
  1944   0018C8  5058               	movf	_address^0,w,c
  1945   0018CA  ECA1  F013         	call	_write_eeprom
  1946   0018CE  2A58               	incf	_address^0,f,c
  1947                           
  1948                           ;main.c: 120:  }
  1949   0018D0  EF9A  F00C         	goto	l3848
  1950   0018D4                     l3834:
  1951                           
  1952                           ;main.c: 122:  {;main.c: 123:      for( int i = 0; i < 2 ; i++ )
  1953   0018D4  0E00               	movlw	0
  1954   0018D6  6E35               	movwf	(store_eeprom@i_202+1)^0,c
  1955   0018D8  0E00               	movlw	0
  1956   0018DA  6E34               	movwf	store_eeprom@i_202^0,c
  1957   0018DC                     l3840:
  1958                           
  1959                           ;main.c: 124:      {;main.c: 125:   write_eeprom(address++,gear[index][i]);
  1960   0018DC  C059  F001         	movff	_index,___wmul@multiplier
  1961   0018E0  C05A  F002         	movff	_index+1,___wmul@multiplier+1
  1962   0018E4  0E00               	movlw	0
  1963   0018E6  6E04               	movwf	(___wmul@multiplicand+1)^0,c
  1964   0018E8  0E03               	movlw	3
  1965   0018EA  6E03               	movwf	___wmul@multiplicand^0,c
  1966   0018EC  EC42  F014         	call	___wmul	;wreg free
  1967   0018F0  0EC9               	movlw	low _gear
  1968   0018F2  2401               	addwf	?___wmul^0,w,c
  1969   0018F4  6E2B               	movwf	??_store_eeprom^0,c
  1970   0018F6  0E01               	movlw	high _gear
  1971   0018F8  2002               	addwfc	(?___wmul+1)^0,w,c
  1972   0018FA  6E2C               	movwf	(??_store_eeprom+1)^0,c
  1973   0018FC  5034               	movf	store_eeprom@i_202^0,w,c
  1974   0018FE  242B               	addwf	??_store_eeprom^0,w,c
  1975   001900  6ED9               	movwf	fsr2l,c
  1976   001902  5035               	movf	(store_eeprom@i_202+1)^0,w,c
  1977   001904  202C               	addwfc	(??_store_eeprom+1)^0,w,c
  1978   001906  6EDA               	movwf	fsr2h,c
  1979   001908  50DF               	movf	indf2,w,c
  1980   00190A  6E23               	movwf	write_eeprom@data^0,c
  1981   00190C  5058               	movf	_address^0,w,c
  1982   00190E  ECA1  F013         	call	_write_eeprom
  1983   001912  2A58               	incf	_address^0,f,c
  1984   001914                     
  1985                           ;main.c: 126:      }
  1986   001914  4A34               	infsnz	store_eeprom@i_202^0,f,c
  1987   001916  2A35               	incf	(store_eeprom@i_202+1)^0,f,c
  1988   001918  BE35               	btfsc	(store_eeprom@i_202+1)^0,7,c
  1989   00191A  EF98  F00C         	goto	u3621
  1990   00191E  5035               	movf	(store_eeprom@i_202+1)^0,w,c
  1991   001920  E109               	bnz	u3620
  1992   001922  0E02               	movlw	2
  1993   001924  5C34               	subwf	store_eeprom@i_202^0,w,c
  1994   001926  A0D8               	btfss	status,0,c
  1995   001928  EF98  F00C         	goto	u3621
  1996   00192C  EF9A  F00C         	goto	u3620
  1997   001930                     u3621:
  1998   001930  EF6E  F00C         	goto	l3840
  1999   001934                     u3620:
  2000   001934                     l3848:
  2001                           
  2002                           ;main.c: 128:  write_eeprom(address++,' ');
  2003   001934  0E20               	movlw	32
  2004   001936  6E23               	movwf	write_eeprom@data^0,c
  2005   001938  5058               	movf	_address^0,w,c
  2006   00193A  ECA1  F013         	call	_write_eeprom
  2007   00193E  2A58               	incf	_address^0,f,c
  2008   001940                     
  2009                           ;main.c: 129:  write_eeprom( address++, ('0'+(((adc_val * 99)/1023) / 10)));
  2010   001940  0EFF               	movlw	255
  2011   001942  6E11               	movwf	___lldiv@divisor^0,c
  2012   001944  0E03               	movlw	3
  2013   001946  6E12               	movwf	(___lldiv@divisor+1)^0,c
  2014   001948  0E00               	movlw	0
  2015   00194A  6E13               	movwf	(___lldiv@divisor+2)^0,c
  2016   00194C  0E00               	movlw	0
  2017   00194E  6E14               	movwf	(___lldiv@divisor+3)^0,c
  2018   001950  C027  F001         	movff	store_eeprom@adc_val,___lmul@multiplier
  2019   001954  C028  F002         	movff	store_eeprom@adc_val+1,___lmul@multiplier+1
  2020   001958  C029  F003         	movff	store_eeprom@adc_val+2,___lmul@multiplier+2
  2021   00195C  C02A  F004         	movff	store_eeprom@adc_val+3,___lmul@multiplier+3
  2022   001960  0E63               	movlw	99
  2023   001962  6E05               	movwf	___lmul@multiplicand^0,c
  2024   001964  0E00               	movlw	0
  2025   001966  6E06               	movwf	(___lmul@multiplicand+1)^0,c
  2026   001968  0E00               	movlw	0
  2027   00196A  6E07               	movwf	(___lmul@multiplicand+2)^0,c
  2028   00196C  0E00               	movlw	0
  2029   00196E  6E08               	movwf	(___lmul@multiplicand+3)^0,c
  2030   001970  EC3C  F012         	call	___lmul	;wreg free
  2031   001974  C001  F00D         	movff	?___lmul,___lldiv@dividend
  2032   001978  C002  F00E         	movff	?___lmul+1,___lldiv@dividend+1
  2033   00197C  C003  F00F         	movff	?___lmul+2,___lldiv@dividend+2
  2034   001980  C004  F010         	movff	?___lmul+3,___lldiv@dividend+3
  2035   001984  ECBB  F010         	call	___lldiv	;wreg free
  2036   001988  C00D  F02D         	movff	?___lldiv,_store_eeprom$1191
  2037   00198C  C00E  F02E         	movff	?___lldiv+1,_store_eeprom$1191+1
  2038   001990  C00F  F02F         	movff	?___lldiv+2,_store_eeprom$1191+2
  2039   001994  C010  F030         	movff	?___lldiv+3,_store_eeprom$1191+3
  2040   001998                     
  2041                           ;main.c: 129:  write_eeprom( address++, ('0'+(((adc_val * 99)/1023) / 10)));
  2042   001998  C02D  F00D         	movff	_store_eeprom$1191,___lldiv@dividend
  2043   00199C  C02E  F00E         	movff	_store_eeprom$1191+1,___lldiv@dividend+1
  2044   0019A0  C02F  F00F         	movff	_store_eeprom$1191+2,___lldiv@dividend+2
  2045   0019A4  C030  F010         	movff	_store_eeprom$1191+3,___lldiv@dividend+3
  2046   0019A8  0E0A               	movlw	10
  2047   0019AA  6E11               	movwf	___lldiv@divisor^0,c
  2048   0019AC  0E00               	movlw	0
  2049   0019AE  6E12               	movwf	(___lldiv@divisor+1)^0,c
  2050   0019B0  0E00               	movlw	0
  2051   0019B2  6E13               	movwf	(___lldiv@divisor+2)^0,c
  2052   0019B4  0E00               	movlw	0
  2053   0019B6  6E14               	movwf	(___lldiv@divisor+3)^0,c
  2054   0019B8  ECBB  F010         	call	___lldiv	;wreg free
  2055   0019BC  500D               	movf	?___lldiv^0,w,c
  2056   0019BE  0F30               	addlw	48
  2057   0019C0  6E23               	movwf	write_eeprom@data^0,c
  2058   0019C2  5058               	movf	_address^0,w,c
  2059   0019C4  ECA1  F013         	call	_write_eeprom
  2060   0019C8  2A58               	incf	_address^0,f,c
  2061                           
  2062                           ;main.c: 130:  write_eeprom( address++, ('0'+(((adc_val * 99)/1023) % 10)));
  2063   0019CA  0EFF               	movlw	255
  2064   0019CC  6E11               	movwf	___lldiv@divisor^0,c
  2065   0019CE  0E03               	movlw	3
  2066   0019D0  6E12               	movwf	(___lldiv@divisor+1)^0,c
  2067   0019D2  0E00               	movlw	0
  2068   0019D4  6E13               	movwf	(___lldiv@divisor+2)^0,c
  2069   0019D6  0E00               	movlw	0
  2070   0019D8  6E14               	movwf	(___lldiv@divisor+3)^0,c
  2071   0019DA  C027  F001         	movff	store_eeprom@adc_val,___lmul@multiplier
  2072   0019DE  C028  F002         	movff	store_eeprom@adc_val+1,___lmul@multiplier+1
  2073   0019E2  C029  F003         	movff	store_eeprom@adc_val+2,___lmul@multiplier+2
  2074   0019E6  C02A  F004         	movff	store_eeprom@adc_val+3,___lmul@multiplier+3
  2075   0019EA  0E63               	movlw	99
  2076   0019EC  6E05               	movwf	___lmul@multiplicand^0,c
  2077   0019EE  0E00               	movlw	0
  2078   0019F0  6E06               	movwf	(___lmul@multiplicand+1)^0,c
  2079   0019F2  0E00               	movlw	0
  2080   0019F4  6E07               	movwf	(___lmul@multiplicand+2)^0,c
  2081   0019F6  0E00               	movlw	0
  2082   0019F8  6E08               	movwf	(___lmul@multiplicand+3)^0,c
  2083   0019FA  EC3C  F012         	call	___lmul	;wreg free
  2084   0019FE  C001  F00D         	movff	?___lmul,___lldiv@dividend
  2085   001A02  C002  F00E         	movff	?___lmul+1,___lldiv@dividend+1
  2086   001A06  C003  F00F         	movff	?___lmul+2,___lldiv@dividend+2
  2087   001A0A  C004  F010         	movff	?___lmul+3,___lldiv@dividend+3
  2088   001A0E  ECBB  F010         	call	___lldiv	;wreg free
  2089   001A12  C00D  F01A         	movff	?___lldiv,___llmod@dividend
  2090   001A16  C00E  F01B         	movff	?___lldiv+1,___llmod@dividend+1
  2091   001A1A  C00F  F01C         	movff	?___lldiv+2,___llmod@dividend+2
  2092   001A1E  C010  F01D         	movff	?___lldiv+3,___llmod@dividend+3
  2093   001A22  0E0A               	movlw	10
  2094   001A24  6E1E               	movwf	___llmod@divisor^0,c
  2095   001A26  0E00               	movlw	0
  2096   001A28  6E1F               	movwf	(___llmod@divisor+1)^0,c
  2097   001A2A  0E00               	movlw	0
  2098   001A2C  6E20               	movwf	(___llmod@divisor+2)^0,c
  2099   001A2E  0E00               	movlw	0
  2100   001A30  6E21               	movwf	(___llmod@divisor+3)^0,c
  2101   001A32  EC0D  F011         	call	___llmod	;wreg free
  2102   001A36  501A               	movf	?___llmod^0,w,c
  2103   001A38  0F30               	addlw	48
  2104   001A3A  6E23               	movwf	write_eeprom@data^0,c
  2105   001A3C  5058               	movf	_address^0,w,c
  2106   001A3E  ECA1  F013         	call	_write_eeprom
  2107   001A42  2A58               	incf	_address^0,f,c
  2108   001A44                     
  2109                           ;main.c: 131:  event++;
  2110   001A44  4A53               	infsnz	_event^0,f,c
  2111   001A46  2A54               	incf	(_event+1)^0,f,c
  2112   001A48                     l271:
  2113   001A48  0012               	return		;funcret
  2114   001A4A                     __end_of_store_eeprom:
  2115                           	callstack 0
  2116                           
  2117 ;; *************** function ___lwmod *****************
  2118 ;; Defined at:
  2119 ;;		line 7 in file "C:\Program Files\Microchip\xc8\v2.41\pic\sources\c99\common\lwmod.c"
  2120 ;; Parameters:    Size  Location     Type
  2121 ;;  dividend        2    0[COMRAM] unsigned int 
  2122 ;;  divisor         2    2[COMRAM] unsigned int 
  2123 ;; Auto vars:     Size  Location     Type
  2124 ;;  counter         1    4[COMRAM] unsigned char 
  2125 ;; Return value:  Size  Location     Type
  2126 ;;                  2    0[COMRAM] unsigned int 
  2127 ;; Registers used:
  2128 ;;		wreg, status,2, status,0
  2129 ;; Tracked objects:
  2130 ;;		On entry : 0/0
  2131 ;;		On exit  : 0/0
  2132 ;;		Unchanged: 0/0
  2133 ;; Data sizes:     COMRAM   BANK0   BANK1   BANK2   BANK3   BANK4   BANK5
  2134 ;;      Params:         4       0       0       0       0       0       0
  2135 ;;      Locals:         1       0       0       0       0       0       0
  2136 ;;      Temps:          0       0       0       0       0       0       0
  2137 ;;      Totals:         5       0       0       0       0       0       0
  2138 ;;Total ram usage:        5 bytes
  2139 ;; Hardware stack levels used: 1
  2140 ;; Hardware stack levels required when called: 1
  2141 ;; This function calls:
  2142 ;;		Nothing
  2143 ;; This function is called by:
  2144 ;;		_store_eeprom
  2145 ;; This function uses a non-reentrant model
  2146 ;;
  2147                           
  2148                           	psect	text2
  2149   00254A                     __ptext2:
  2150                           	callstack 0
  2151   00254A                     ___lwmod:
  2152                           	callstack 28
  2153   00254A  5003               	movf	___lwmod@divisor^0,w,c
  2154   00254C  1004               	iorwf	(___lwmod@divisor+1)^0,w,c
  2155   00254E  B4D8               	btfsc	status,2,c
  2156   002550  EFAC  F012         	goto	u3431
  2157   002554  EFAE  F012         	goto	u3430
  2158   002558                     u3431:
  2159   002558  EFD2  F012         	goto	l1202
  2160   00255C                     u3430:
  2161   00255C  0E01               	movlw	1
  2162   00255E  6E05               	movwf	___lwmod@counter^0,c
  2163   002560  EFB6  F012         	goto	l3712
  2164   002564                     l3710:
  2165   002564  90D8               	bcf	status,0,c
  2166   002566  3603               	rlcf	___lwmod@divisor^0,f,c
  2167   002568  3604               	rlcf	(___lwmod@divisor+1)^0,f,c
  2168   00256A  2A05               	incf	___lwmod@counter^0,f,c
  2169   00256C                     l3712:
  2170   00256C  AE04               	btfss	(___lwmod@divisor+1)^0,7,c
  2171   00256E  EFBB  F012         	goto	u3441
  2172   002572  EFBD  F012         	goto	u3440
  2173   002576                     u3441:
  2174   002576  EFB2  F012         	goto	l3710
  2175   00257A                     u3440:
  2176   00257A                     l3714:
  2177   00257A  5003               	movf	___lwmod@divisor^0,w,c
  2178   00257C  5C01               	subwf	___lwmod@dividend^0,w,c
  2179   00257E  5004               	movf	(___lwmod@divisor+1)^0,w,c
  2180   002580  5802               	subwfb	(___lwmod@dividend+1)^0,w,c
  2181   002582  A0D8               	btfss	status,0,c
  2182   002584  EFC6  F012         	goto	u3451
  2183   002588  EFC8  F012         	goto	u3450
  2184   00258C                     u3451:
  2185   00258C  EFCC  F012         	goto	l3718
  2186   002590                     u3450:
  2187   002590  5003               	movf	___lwmod@divisor^0,w,c
  2188   002592  5E01               	subwf	___lwmod@dividend^0,f,c
  2189   002594  5004               	movf	(___lwmod@divisor+1)^0,w,c
  2190   002596  5A02               	subwfb	(___lwmod@dividend+1)^0,f,c
  2191   002598                     l3718:
  2192   002598  90D8               	bcf	status,0,c
  2193   00259A  3204               	rrcf	(___lwmod@divisor+1)^0,f,c
  2194   00259C  3203               	rrcf	___lwmod@divisor^0,f,c
  2195   00259E  2E05               	decfsz	___lwmod@counter^0,f,c
  2196   0025A0  EFBD  F012         	goto	l3714
  2197   0025A4                     l1202:
  2198   0025A4  C001  F001         	movff	___lwmod@dividend,?___lwmod
  2199   0025A8  C002  F002         	movff	___lwmod@dividend+1,?___lwmod+1
  2200   0025AC  0012               	return		;funcret
  2201   0025AE                     __end_of___lwmod:
  2202                           	callstack 0
  2203                           
  2204 ;; *************** function _read_adc *****************
  2205 ;; Defined at:
  2206 ;;		line 45 in file "adc.c"
  2207 ;; Parameters:    Size  Location     Type
  2208 ;;  channel         1    wreg     unsigned char 
  2209 ;; Auto vars:     Size  Location     Type
  2210 ;;  channel         1    6[COMRAM] unsigned char 
  2211 ;;  reg_val         2    4[COMRAM] unsigned short 
  2212 ;; Return value:  Size  Location     Type
  2213 ;;                  2    0[COMRAM] unsigned short 
  2214 ;; Registers used:
  2215 ;;		wreg, status,2, status,0
  2216 ;; Tracked objects:
  2217 ;;		On entry : 0/0
  2218 ;;		On exit  : 0/0
  2219 ;;		Unchanged: 0/0
  2220 ;; Data sizes:     COMRAM   BANK0   BANK1   BANK2   BANK3   BANK4   BANK5
  2221 ;;      Params:         2       0       0       0       0       0       0
  2222 ;;      Locals:         3       0       0       0       0       0       0
  2223 ;;      Temps:          2       0       0       0       0       0       0
  2224 ;;      Totals:         7       0       0       0       0       0       0
  2225 ;;Total ram usage:        7 bytes
  2226 ;; Hardware stack levels used: 1
  2227 ;; Hardware stack levels required when called: 1
  2228 ;; This function calls:
  2229 ;;		Nothing
  2230 ;; This function is called by:
  2231 ;;		_main
  2232 ;; This function uses a non-reentrant model
  2233 ;;
  2234                           
  2235                           	psect	text3
  2236   0026B6                     __ptext3:
  2237                           	callstack 0
  2238   0026B6                     _read_adc:
  2239                           	callstack 29
  2240                           
  2241                           ;incstack = 0
  2242                           ;read_adc@channel stored from wreg
  2243   0026B6  6E07               	movwf	read_adc@channel^0,c
  2244   0026B8                     
  2245                           ;adc.c: 45: unsigned short read_adc(unsigned char channel);adc.c: 46: {;adc.c: 47:  unsi
      +                          gned short reg_val;;adc.c: 51:  ADCON0 = (ADCON0 & 0xC3) | (channel << 2);
  2246   0026B8  C007  F003         	movff	read_adc@channel,??_read_adc
  2247   0026BC  90D8               	bcf	status,0,c
  2248   0026BE  3603               	rlcf	??_read_adc^0,f,c
  2249   0026C0  90D8               	bcf	status,0,c
  2250   0026C2  3603               	rlcf	??_read_adc^0,f,c
  2251   0026C4  50C2               	movf	194,w,c	;volatile
  2252   0026C6  0BC3               	andlw	195
  2253   0026C8  1003               	iorwf	??_read_adc^0,w,c
  2254   0026CA  6EC2               	movwf	194,c	;volatile
  2255   0026CC                     
  2256                           ;adc.c: 54:  GO = 1;
  2257   0026CC  82C2               	bsf	4034,1,c	;volatile
  2258   0026CE                     l36:
  2259   0026CE  B2C2               	btfsc	4034,1,c	;volatile
  2260   0026D0  EF6C  F013         	goto	u3461
  2261   0026D4  EF6E  F013         	goto	u3460
  2262   0026D8                     u3461:
  2263   0026D8  EF67  F013         	goto	l36
  2264   0026DC                     u3460:
  2265   0026DC                     
  2266                           ;adc.c: 56:  reg_val = (ADRESH << 8) | ADRESL;
  2267   0026DC  50C3               	movf	195,w,c	;volatile
  2268   0026DE  CFC4 F003          	movff	4036,??_read_adc	;volatile
  2269   0026E2  6A04               	clrf	(??_read_adc+1)^0,c
  2270   0026E4  C003  F004         	movff	??_read_adc,??_read_adc+1
  2271   0026E8  6A03               	clrf	??_read_adc^0,c
  2272   0026EA  1003               	iorwf	??_read_adc^0,w,c
  2273   0026EC  6E05               	movwf	read_adc@reg_val^0,c
  2274   0026EE  5004               	movf	(??_read_adc+1)^0,w,c
  2275   0026F0  6E06               	movwf	(read_adc@reg_val+1)^0,c
  2276   0026F2                     
  2277                           ;adc.c: 58:  return reg_val;
  2278   0026F2  C005  F001         	movff	read_adc@reg_val,?_read_adc
  2279   0026F6  C006  F002         	movff	read_adc@reg_val+1,?_read_adc+1
  2280   0026FA  0012               	return		;funcret
  2281   0026FC                     __end_of_read_adc:
  2282                           	callstack 0
  2283                           
  2284 ;; *************** function _init_config *****************
  2285 ;; Defined at:
  2286 ;;		line 57 in file "main.c"
  2287 ;; Parameters:    Size  Location     Type
  2288 ;;		None
  2289 ;; Auto vars:     Size  Location     Type
  2290 ;;		None
  2291 ;; Return value:  Size  Location     Type
  2292 ;;                  1    wreg      void 
  2293 ;; Registers used:
  2294 ;;		wreg, status,2, status,0, cstack
  2295 ;; Tracked objects:
  2296 ;;		On entry : 0/0
  2297 ;;		On exit  : 0/0
  2298 ;;		Unchanged: 0/0
  2299 ;; Data sizes:     COMRAM   BANK0   BANK1   BANK2   BANK3   BANK4   BANK5
  2300 ;;      Params:         0       0       0       0       0       0       0
  2301 ;;      Locals:         0       0       0       0       0       0       0
  2302 ;;      Temps:          0       0       0       0       0       0       0
  2303 ;;      Totals:         0       0       0       0       0       0       0
  2304 ;;Total ram usage:        0 bytes
  2305 ;; Hardware stack levels used: 1
  2306 ;; Hardware stack levels required when called: 6
  2307 ;; This function calls:
  2308 ;;		_init_adc
  2309 ;;		_init_clcd
  2310 ;;		_init_ds1307
  2311 ;;		_init_i2c
  2312 ;;		_init_matrix_keypad
  2313 ;;		_init_uart
  2314 ;; This function is called by:
  2315 ;;		_main
  2316 ;; This function uses a non-reentrant model
  2317 ;;
  2318                           
  2319                           	psect	text4
  2320   0028E8                     __ptext4:
  2321                           	callstack 0
  2322   0028E8                     _init_config:
  2323                           	callstack 24
  2324   0028E8                     
  2325                           ;main.c: 59:     init_clcd();
  2326   0028E8  ECFD  F013         	call	_init_clcd	;wreg free
  2327   0028EC                     
  2328                           ;main.c: 60:     init_i2c();
  2329   0028EC  EC8D  F014         	call	_init_i2c	;wreg free
  2330   0028F0                     
  2331                           ;main.c: 61:     init_ds1307();
  2332   0028F0  EC37  F013         	call	_init_ds1307	;wreg free
  2333                           
  2334                           ;main.c: 62:     init_adc();
  2335   0028F4  EC55  F014         	call	_init_adc	;wreg free
  2336   0028F8                     
  2337                           ;main.c: 63:     init_matrix_keypad();
  2338   0028F8  ECA3  F014         	call	_init_matrix_keypad	;wreg free
  2339   0028FC                     
  2340                           ;main.c: 64:     init_uart();
  2341   0028FC  ECC1  F013         	call	_init_uart	;wreg free
  2342   002900  0012               	return		;funcret
  2343   002902                     __end_of_init_config:
  2344                           	callstack 0
  2345                           
  2346 ;; *************** function _init_uart *****************
  2347 ;; Defined at:
  2348 ;;		line 4 in file "uart.c"
  2349 ;; Parameters:    Size  Location     Type
  2350 ;;		None
  2351 ;; Auto vars:     Size  Location     Type
  2352 ;;		None
  2353 ;; Return value:  Size  Location     Type
  2354 ;;                  1    wreg      void 
  2355 ;; Registers used:
  2356 ;;		wreg, status,2
  2357 ;; Tracked objects:
  2358 ;;		On entry : 0/0
  2359 ;;		On exit  : 0/0
  2360 ;;		Unchanged: 0/0
  2361 ;; Data sizes:     COMRAM   BANK0   BANK1   BANK2   BANK3   BANK4   BANK5
  2362 ;;      Params:         0       0       0       0       0       0       0
  2363 ;;      Locals:         0       0       0       0       0       0       0
  2364 ;;      Temps:          0       0       0       0       0       0       0
  2365 ;;      Totals:         0       0       0       0       0       0       0
  2366 ;;Total ram usage:        0 bytes
  2367 ;; Hardware stack levels used: 1
  2368 ;; Hardware stack levels required when called: 1
  2369 ;; This function calls:
  2370 ;;		Nothing
  2371 ;; This function is called by:
  2372 ;;		_init_config
  2373 ;; This function uses a non-reentrant model
  2374 ;;
  2375                           
  2376                           	psect	text5
  2377   002782                     __ptext5:
  2378                           	callstack 0
  2379   002782                     _init_uart:
  2380                           	callstack 28
  2381   002782                     
  2382                           ;uart.c: 7:  TRISC7 = 1;
  2383   002782  8E94               	bsf	3988,7,c	;volatile
  2384                           
  2385                           ;uart.c: 8:  TRISC6 = 0;
  2386   002784  9C94               	bcf	3988,6,c	;volatile
  2387                           
  2388                           ;uart.c: 13:  CSRC = 0;
  2389   002786  9EAC               	bcf	4012,7,c	;volatile
  2390                           
  2391                           ;uart.c: 15:  TX9 = 0;
  2392   002788  9CAC               	bcf	4012,6,c	;volatile
  2393                           
  2394                           ;uart.c: 17:  TXEN = 1;
  2395   00278A  8AAC               	bsf	4012,5,c	;volatile
  2396                           
  2397                           ;uart.c: 20:  SYNC = 0;
  2398   00278C  98AC               	bcf	4012,4,c	;volatile
  2399                           
  2400                           ;uart.c: 22:  SENDB = 0;
  2401   00278E  96AC               	bcf	4012,3,c	;volatile
  2402                           
  2403                           ;uart.c: 25:  BRGH = 1;
  2404   002790  84AC               	bsf	4012,2,c	;volatile
  2405                           
  2406                           ;uart.c: 27:  TRMT = 0;
  2407   002792  92AC               	bcf	4012,1,c	;volatile
  2408                           
  2409                           ;uart.c: 29:  TX9D = 0;
  2410   002794  90AC               	bcf	4012,0,c	;volatile
  2411                           
  2412                           ;uart.c: 34:  SPEN = 1;
  2413   002796  8EAB               	bsf	4011,7,c	;volatile
  2414                           
  2415                           ;uart.c: 36:  RX9 = 0;
  2416   002798  9CAB               	bcf	4011,6,c	;volatile
  2417                           
  2418                           ;uart.c: 38:  SREN = 0;
  2419   00279A  9AAB               	bcf	4011,5,c	;volatile
  2420                           
  2421                           ;uart.c: 40:  CREN = 1;
  2422   00279C  88AB               	bsf	4011,4,c	;volatile
  2423                           
  2424                           ;uart.c: 42:  ADDEN = 0;
  2425   00279E  96AB               	bcf	4011,3,c	;volatile
  2426                           
  2427                           ;uart.c: 44:  FERR = 0;
  2428   0027A0  94AB               	bcf	4011,2,c	;volatile
  2429                           
  2430                           ;uart.c: 46:  OERR = 0;
  2431   0027A2  92AB               	bcf	4011,1,c	;volatile
  2432                           
  2433                           ;uart.c: 48:  RX9D = 0;
  2434   0027A4  90AB               	bcf	4011,0,c	;volatile
  2435                           
  2436                           ;uart.c: 53:  ABDOVF = 0;
  2437   0027A6  9EB8               	bcf	4024,7,c	;volatile
  2438                           
  2439                           ;uart.c: 55:  RCIDL = 1;
  2440   0027A8  8CB8               	bsf	4024,6,c	;volatile
  2441                           
  2442                           ;uart.c: 57:  SCKP = 0;
  2443   0027AA  98B8               	bcf	4024,4,c	;volatile
  2444                           
  2445                           ;uart.c: 59:  BRG16 = 0;
  2446   0027AC  96B8               	bcf	4024,3,c	;volatile
  2447                           
  2448                           ;uart.c: 61:  WUE = 0;
  2449   0027AE  92B8               	bcf	4024,1,c	;volatile
  2450                           
  2451                           ;uart.c: 63:  ABDEN = 0;
  2452   0027B0  90B8               	bcf	4024,0,c	;volatile
  2453   0027B2                     
  2454                           ;uart.c: 67:  SPBRG = 129;
  2455   0027B2  0E81               	movlw	129
  2456   0027B4  6EAF               	movwf	175,c	;volatile
  2457   0027B6                     
  2458                           ;uart.c: 70:  TXIE = 1;
  2459   0027B6  889D               	bsf	3997,4,c	;volatile
  2460   0027B8                     
  2461                           ;uart.c: 72:  TXIF = 0;
  2462   0027B8  989E               	bcf	3998,4,c	;volatile
  2463   0027BA                     
  2464                           ;uart.c: 74:  RCIE = 1;
  2465   0027BA  8A9D               	bsf	3997,5,c	;volatile
  2466   0027BC                     
  2467                           ;uart.c: 76:  RCIF = 0;
  2468   0027BC  9A9E               	bcf	3998,5,c	;volatile
  2469   0027BE  0012               	return		;funcret
  2470   0027C0                     __end_of_init_uart:
  2471                           	callstack 0
  2472                           
  2473 ;; *************** function _init_matrix_keypad *****************
  2474 ;; Defined at:
  2475 ;;		line 4 in file "matrix_keypad.c"
  2476 ;; Parameters:    Size  Location     Type
  2477 ;;		None
  2478 ;; Auto vars:     Size  Location     Type
  2479 ;;		None
  2480 ;; Return value:  Size  Location     Type
  2481 ;;                  1    wreg      void 
  2482 ;; Registers used:
  2483 ;;		wreg, status,2, status,0
  2484 ;; Tracked objects:
  2485 ;;		On entry : 0/0
  2486 ;;		On exit  : 0/0
  2487 ;;		Unchanged: 0/0
  2488 ;; Data sizes:     COMRAM   BANK0   BANK1   BANK2   BANK3   BANK4   BANK5
  2489 ;;      Params:         0       0       0       0       0       0       0
  2490 ;;      Locals:         0       0       0       0       0       0       0
  2491 ;;      Temps:          0       0       0       0       0       0       0
  2492 ;;      Totals:         0       0       0       0       0       0       0
  2493 ;;Total ram usage:        0 bytes
  2494 ;; Hardware stack levels used: 1
  2495 ;; Hardware stack levels required when called: 1
  2496 ;; This function calls:
  2497 ;;		Nothing
  2498 ;; This function is called by:
  2499 ;;		_init_config
  2500 ;; This function uses a non-reentrant model
  2501 ;;
  2502                           
  2503                           	psect	text6
  2504   002946                     __ptext6:
  2505                           	callstack 0
  2506   002946                     _init_matrix_keypad:
  2507                           	callstack 28
  2508   002946                     
  2509                           ;matrix_keypad.c: 7:  ADCON1 = 0x0F;
  2510   002946  0E0F               	movlw	15
  2511   002948  6EC1               	movwf	193,c	;volatile
  2512                           
  2513                           ;matrix_keypad.c: 10:  TRISB = 0x1E;
  2514   00294A  0E1E               	movlw	30
  2515   00294C  6E93               	movwf	147,c	;volatile
  2516   00294E                     
  2517                           ;matrix_keypad.c: 13:  RBPU = 0;
  2518   00294E  9EF1               	bcf	4081,7,c	;volatile
  2519   002950                     
  2520                           ;matrix_keypad.c: 15:  PORTB = PORTB | 0xE0;
  2521   002950  5081               	movf	129,w,c	;volatile
  2522   002952  09E0               	iorlw	224
  2523   002954  6E81               	movwf	129,c	;volatile
  2524   002956  0012               	return		;funcret
  2525   002958                     __end_of_init_matrix_keypad:
  2526                           	callstack 0
  2527                           
  2528 ;; *************** function _init_i2c *****************
  2529 ;; Defined at:
  2530 ;;		line 3 in file "i2c.c"
  2531 ;; Parameters:    Size  Location     Type
  2532 ;;		None
  2533 ;; Auto vars:     Size  Location     Type
  2534 ;;		None
  2535 ;; Return value:  Size  Location     Type
  2536 ;;                  1    wreg      void 
  2537 ;; Registers used:
  2538 ;;		wreg, status,2
  2539 ;; Tracked objects:
  2540 ;;		On entry : 0/0
  2541 ;;		On exit  : 0/0
  2542 ;;		Unchanged: 0/0
  2543 ;; Data sizes:     COMRAM   BANK0   BANK1   BANK2   BANK3   BANK4   BANK5
  2544 ;;      Params:         0       0       0       0       0       0       0
  2545 ;;      Locals:         0       0       0       0       0       0       0
  2546 ;;      Temps:          0       0       0       0       0       0       0
  2547 ;;      Totals:         0       0       0       0       0       0       0
  2548 ;;Total ram usage:        0 bytes
  2549 ;; Hardware stack levels used: 1
  2550 ;; Hardware stack levels required when called: 1
  2551 ;; This function calls:
  2552 ;;		Nothing
  2553 ;; This function is called by:
  2554 ;;		_init_config
  2555 ;; This function uses a non-reentrant model
  2556 ;;
  2557                           
  2558                           	psect	text7
  2559   00291A                     __ptext7:
  2560                           	callstack 0
  2561   00291A                     _init_i2c:
  2562                           	callstack 28
  2563   00291A                     
  2564                           ;i2c.c: 6:  TRISC3 = 1;
  2565   00291A  8694               	bsf	3988,3,c	;volatile
  2566                           
  2567                           ;i2c.c: 7:  TRISC4 = 1;
  2568   00291C  8894               	bsf	3988,4,c	;volatile
  2569   00291E                     
  2570                           ;i2c.c: 9:  SSPCON1 = 0x28;
  2571   00291E  0E28               	movlw	40
  2572   002920  6EC6               	movwf	198,c	;volatile
  2573                           
  2574                           ;i2c.c: 11:  SSPADD = 0x31;
  2575   002922  0E31               	movlw	49
  2576   002924  6EC8               	movwf	200,c	;volatile
  2577   002926                     
  2578                           ;i2c.c: 13:  CKE = 0;
  2579   002926  9CC7               	bcf	4039,6,c	;volatile
  2580   002928                     
  2581                           ;i2c.c: 15:  SMP = 1;
  2582   002928  8EC7               	bsf	4039,7,c	;volatile
  2583   00292A                     
  2584                           ;i2c.c: 17:  SSPIF = 0;
  2585   00292A  969E               	bcf	3998,3,c	;volatile
  2586   00292C                     
  2587                           ;i2c.c: 19:  BCLIF = 0;
  2588   00292C  96A1               	bcf	4001,3,c	;volatile
  2589   00292E  0012               	return		;funcret
  2590   002930                     __end_of_init_i2c:
  2591                           	callstack 0
  2592                           
  2593 ;; *************** function _init_ds1307 *****************
  2594 ;; Defined at:
  2595 ;;		line 12 in file "ds1307.c"
  2596 ;; Parameters:    Size  Location     Type
  2597 ;;		None
  2598 ;; Auto vars:     Size  Location     Type
  2599 ;;  dummy           1    3[COMRAM] unsigned char 
  2600 ;; Return value:  Size  Location     Type
  2601 ;;                  1    wreg      void 
  2602 ;; Registers used:
  2603 ;;		wreg, status,2, status,0, cstack
  2604 ;; Tracked objects:
  2605 ;;		On entry : 0/0
  2606 ;;		On exit  : 0/0
  2607 ;;		Unchanged: 0/0
  2608 ;; Data sizes:     COMRAM   BANK0   BANK1   BANK2   BANK3   BANK4   BANK5
  2609 ;;      Params:         0       0       0       0       0       0       0
  2610 ;;      Locals:         1       0       0       0       0       0       0
  2611 ;;      Temps:          0       0       0       0       0       0       0
  2612 ;;      Totals:         1       0       0       0       0       0       0
  2613 ;;Total ram usage:        1 bytes
  2614 ;; Hardware stack levels used: 1
  2615 ;; Hardware stack levels required when called: 5
  2616 ;; This function calls:
  2617 ;;		_read_ds1307
  2618 ;;		_write_ds1307
  2619 ;; This function is called by:
  2620 ;;		_init_config
  2621 ;; This function uses a non-reentrant model
  2622 ;;
  2623                           
  2624                           	psect	text8
  2625   00266E                     __ptext8:
  2626                           	callstack 0
  2627   00266E                     _init_ds1307:
  2628                           	callstack 24
  2629   00266E                     
  2630                           ;ds1307.c: 14:  unsigned char dummy;;ds1307.c: 17:  dummy = read_ds1307(0x00);
  2631   00266E  0E00               	movlw	0
  2632   002670  EC18  F014         	call	_read_ds1307
  2633   002674  6E04               	movwf	init_ds1307@dummy^0,c
  2634   002676                     
  2635                           ;ds1307.c: 18:  write_ds1307(0x00, dummy | 0x80);
  2636   002676  5004               	movf	init_ds1307@dummy^0,w,c
  2637   002678  0980               	iorlw	128
  2638   00267A  6E02               	movwf	write_ds1307@data^0,c
  2639   00267C  0E00               	movlw	0
  2640   00267E  EC65  F014         	call	_write_ds1307
  2641   002682                     
  2642                           ;ds1307.c: 21:  dummy = read_ds1307(0x02);
  2643   002682  0E02               	movlw	2
  2644   002684  EC18  F014         	call	_read_ds1307
  2645   002688  6E04               	movwf	init_ds1307@dummy^0,c
  2646                           
  2647                           ;ds1307.c: 22:  write_ds1307(0x02, dummy & 0x40);
  2648   00268A  5004               	movf	init_ds1307@dummy^0,w,c
  2649   00268C  0B40               	andlw	64
  2650   00268E  6E02               	movwf	write_ds1307@data^0,c
  2651   002690  0E02               	movlw	2
  2652   002692  EC65  F014         	call	_write_ds1307
  2653   002696                     
  2654                           ;ds1307.c: 37:  write_ds1307(0x07, 0x93);
  2655   002696  0E93               	movlw	147
  2656   002698  6E02               	movwf	write_ds1307@data^0,c
  2657   00269A  0E07               	movlw	7
  2658   00269C  EC65  F014         	call	_write_ds1307
  2659   0026A0                     
  2660                           ;ds1307.c: 40:  dummy = read_ds1307(0x00);
  2661   0026A0  0E00               	movlw	0
  2662   0026A2  EC18  F014         	call	_read_ds1307
  2663   0026A6  6E04               	movwf	init_ds1307@dummy^0,c
  2664                           
  2665                           ;ds1307.c: 41:  write_ds1307(0x00, dummy & 0x7F);
  2666   0026A8  5004               	movf	init_ds1307@dummy^0,w,c
  2667   0026AA  0B7F               	andlw	127
  2668   0026AC  6E02               	movwf	write_ds1307@data^0,c
  2669   0026AE  0E00               	movlw	0
  2670   0026B0  EC65  F014         	call	_write_ds1307
  2671   0026B4  0012               	return		;funcret
  2672   0026B6                     __end_of_init_ds1307:
  2673                           	callstack 0
  2674                           
  2675 ;; *************** function _init_clcd *****************
  2676 ;; Defined at:
  2677 ;;		line 27 in file "clcd.c"
  2678 ;; Parameters:    Size  Location     Type
  2679 ;;		None
  2680 ;; Auto vars:     Size  Location     Type
  2681 ;;		None
  2682 ;; Return value:  Size  Location     Type
  2683 ;;                  1    wreg      void 
  2684 ;; Registers used:
  2685 ;;		wreg, status,2, status,0, cstack
  2686 ;; Tracked objects:
  2687 ;;		On entry : 0/0
  2688 ;;		On exit  : 0/0
  2689 ;;		Unchanged: 0/0
  2690 ;; Data sizes:     COMRAM   BANK0   BANK1   BANK2   BANK3   BANK4   BANK5
  2691 ;;      Params:         0       0       0       0       0       0       0
  2692 ;;      Locals:         0       0       0       0       0       0       0
  2693 ;;      Temps:          0       0       0       0       0       0       0
  2694 ;;      Totals:         0       0       0       0       0       0       0
  2695 ;;Total ram usage:        0 bytes
  2696 ;; Hardware stack levels used: 1
  2697 ;; Hardware stack levels required when called: 2
  2698 ;; This function calls:
  2699 ;;		_clcd_write
  2700 ;; This function is called by:
  2701 ;;		_init_config
  2702 ;; This function uses a non-reentrant model
  2703 ;;
  2704                           
  2705                           	psect	text9
  2706   0027FA                     __ptext9:
  2707                           	callstack 0
  2708   0027FA                     _init_clcd:
  2709                           	callstack 27
  2710   0027FA                     
  2711                           ;clcd.c: 30:  TRISD = 0x00;
  2712   0027FA  0E00               	movlw	0
  2713   0027FC  6E95               	movwf	149,c	;volatile
  2714   0027FE                     
  2715                           ;clcd.c: 32:  TRISC = TRISC & 0xF8;
  2716   0027FE  5094               	movf	148,w,c	;volatile
  2717   002800  0BF8               	andlw	248
  2718   002802  6E94               	movwf	148,c	;volatile
  2719   002804                     
  2720                           ;clcd.c: 34:  RC0 = 0;
  2721   002804  9082               	bcf	3970,0,c	;volatile
  2722   002806                     
  2723                           ;clcd.c: 36:  clcd_write(0x02, 0);
  2724   002806  0E00               	movlw	0
  2725   002808  6E01               	movwf	clcd_write@control_bit^0,c
  2726   00280A  0E02               	movlw	2
  2727   00280C  ECE0  F013         	call	_clcd_write
  2728   002810                     
  2729                           ;clcd.c: 37:  clcd_write(0x38, 0);
  2730   002810  0E00               	movlw	0
  2731   002812  6E01               	movwf	clcd_write@control_bit^0,c
  2732   002814  0E38               	movlw	56
  2733   002816  ECE0  F013         	call	_clcd_write
  2734   00281A                     
  2735                           ;clcd.c: 38:  clcd_write(0x0C, 0);
  2736   00281A  0E00               	movlw	0
  2737   00281C  6E01               	movwf	clcd_write@control_bit^0,c
  2738   00281E  0E0C               	movlw	12
  2739   002820  ECE0  F013         	call	_clcd_write
  2740   002824                     
  2741                           ;clcd.c: 39:  clcd_write(0x01, 0);
  2742   002824  0E00               	movlw	0
  2743   002826  6E01               	movwf	clcd_write@control_bit^0,c
  2744   002828  0E01               	movlw	1
  2745   00282A  ECE0  F013         	call	_clcd_write
  2746   00282E  0012               	return		;funcret
  2747   002830                     __end_of_init_clcd:
  2748                           	callstack 0
  2749                           
  2750 ;; *************** function _init_adc *****************
  2751 ;; Defined at:
  2752 ;;		line 5 in file "adc.c"
  2753 ;; Parameters:    Size  Location     Type
  2754 ;;		None
  2755 ;; Auto vars:     Size  Location     Type
  2756 ;;		None
  2757 ;; Return value:  Size  Location     Type
  2758 ;;                  1    wreg      void 
  2759 ;; Registers used:
  2760 ;;		wreg, status,2
  2761 ;; Tracked objects:
  2762 ;;		On entry : 0/0
  2763 ;;		On exit  : 0/0
  2764 ;;		Unchanged: 0/0
  2765 ;; Data sizes:     COMRAM   BANK0   BANK1   BANK2   BANK3   BANK4   BANK5
  2766 ;;      Params:         0       0       0       0       0       0       0
  2767 ;;      Locals:         0       0       0       0       0       0       0
  2768 ;;      Temps:          0       0       0       0       0       0       0
  2769 ;;      Totals:         0       0       0       0       0       0       0
  2770 ;;Total ram usage:        0 bytes
  2771 ;; Hardware stack levels used: 1
  2772 ;; Hardware stack levels required when called: 1
  2773 ;; This function calls:
  2774 ;;		Nothing
  2775 ;; This function is called by:
  2776 ;;		_init_config
  2777 ;; This function uses a non-reentrant model
  2778 ;;
  2779                           
  2780                           	psect	text10
  2781   0028AA                     __ptext10:
  2782                           	callstack 0
  2783   0028AA                     _init_adc:
  2784                           	callstack 28
  2785   0028AA                     
  2786                           ;adc.c: 8:  ADFM = 1;
  2787   0028AA  8EC0               	bsf	4032,7,c	;volatile
  2788                           
  2789                           ;adc.c: 14:  ACQT2 = 1;
  2790   0028AC  8AC0               	bsf	4032,5,c	;volatile
  2791                           
  2792                           ;adc.c: 15:  ACQT1 = 0;
  2793   0028AE  98C0               	bcf	4032,4,c	;volatile
  2794                           
  2795                           ;adc.c: 16:  ACQT0 = 0;
  2796   0028B0  96C0               	bcf	4032,3,c	;volatile
  2797                           
  2798                           ;adc.c: 22:  ADCS0 = 0;
  2799   0028B2  90C0               	bcf	4032,0,c	;volatile
  2800                           
  2801                           ;adc.c: 23:  ADCS1 = 1;
  2802   0028B4  82C0               	bsf	4032,1,c	;volatile
  2803                           
  2804                           ;adc.c: 24:  ADCS2 = 0;
  2805   0028B6  94C0               	bcf	4032,2,c	;volatile
  2806                           
  2807                           ;adc.c: 27:  GODONE = 0;
  2808   0028B8  92C2               	bcf	4034,1,c	;volatile
  2809                           
  2810                           ;adc.c: 33:  VCFG1 = 0;
  2811   0028BA  9AC1               	bcf	4033,5,c	;volatile
  2812                           
  2813                           ;adc.c: 35:  VCFG0 = 0;
  2814   0028BC  98C1               	bcf	4033,4,c	;volatile
  2815   0028BE                     
  2816                           ;adc.c: 38:  ADRESH = 0;
  2817   0028BE  0E00               	movlw	0
  2818   0028C0  6EC4               	movwf	196,c	;volatile
  2819                           
  2820                           ;adc.c: 39:  ADRESL = 0;
  2821   0028C2  0E00               	movlw	0
  2822   0028C4  6EC3               	movwf	195,c	;volatile
  2823   0028C6                     
  2824                           ;adc.c: 42:  ADON = 1;
  2825   0028C6  80C2               	bsf	4034,0,c	;volatile
  2826   0028C8  0012               	return		;funcret
  2827   0028CA                     __end_of_init_adc:
  2828                           	callstack 0
  2829                           
  2830 ;; *************** function _get_time *****************
  2831 ;; Defined at:
  2832 ;;		line 31 in file "main.c"
  2833 ;; Parameters:    Size  Location     Type
  2834 ;;		None
  2835 ;; Auto vars:     Size  Location     Type
  2836 ;;		None
  2837 ;; Return value:  Size  Location     Type
  2838 ;;                  1    wreg      void 
  2839 ;; Registers used:
  2840 ;;		wreg, status,2, status,0, cstack
  2841 ;; Tracked objects:
  2842 ;;		On entry : 0/0
  2843 ;;		On exit  : 0/0
  2844 ;;		Unchanged: 0/0
  2845 ;; Data sizes:     COMRAM   BANK0   BANK1   BANK2   BANK3   BANK4   BANK5
  2846 ;;      Params:         0       0       0       0       0       0       0
  2847 ;;      Locals:         0       0       0       0       0       0       0
  2848 ;;      Temps:          0       0       0       0       0       0       0
  2849 ;;      Totals:         0       0       0       0       0       0       0
  2850 ;;Total ram usage:        0 bytes
  2851 ;; Hardware stack levels used: 1
  2852 ;; Hardware stack levels required when called: 5
  2853 ;; This function calls:
  2854 ;;		_read_ds1307
  2855 ;; This function is called by:
  2856 ;;		_main
  2857 ;; This function uses a non-reentrant model
  2858 ;;
  2859                           
  2860                           	psect	text11
  2861   0022A2                     __ptext11:
  2862                           	callstack 0
  2863   0022A2                     _get_time:
  2864                           	callstack 25
  2865   0022A2                     
  2866                           ;main.c: 33:     clock_reg[0] = read_ds1307(0x02);
  2867   0022A2  0E02               	movlw	2
  2868   0022A4  EC18  F014         	call	_read_ds1307
  2869   0022A8  6E4E               	movwf	_clock_reg^0,c
  2870                           
  2871                           ;main.c: 34:     clock_reg[1] = read_ds1307(0x01);
  2872   0022AA  0E01               	movlw	1
  2873   0022AC  EC18  F014         	call	_read_ds1307
  2874   0022B0  6E4F               	movwf	(_clock_reg+1)^0,c
  2875                           
  2876                           ;main.c: 35:     clock_reg[2] = read_ds1307(0x00);
  2877   0022B2  0E00               	movlw	0
  2878   0022B4  EC18  F014         	call	_read_ds1307
  2879   0022B8  6E50               	movwf	(_clock_reg+2)^0,c
  2880   0022BA                     
  2881                           ;main.c: 37:     if (clock_reg[0] & 0x40)
  2882   0022BA  AC4E               	btfss	_clock_reg^0,6,c
  2883   0022BC  EF62  F011         	goto	u3471
  2884   0022C0  EF64  F011         	goto	u3470
  2885   0022C4                     u3471:
  2886   0022C4  EF70  F011         	goto	l3740
  2887   0022C8                     u3470:
  2888   0022C8                     
  2889                           ;main.c: 38:     {;main.c: 39:  time[0] = '0' + ((clock_reg[0] >> 4) & 0x01);
  2890   0022C8  384E               	swapf	_clock_reg^0,w,c
  2891   0022CA  0B0F               	andlw	15
  2892   0022CC  0B01               	andlw	1
  2893   0022CE  0F30               	addlw	48
  2894   0022D0  0100               	movlb	0	; () banked
  2895   0022D2  6FAE               	movwf	_time& (0+255),b
  2896                           
  2897                           ;main.c: 40:  time[1] = '0' + (clock_reg[0] & 0x0F);
  2898   0022D4  504E               	movf	_clock_reg^0,w,c
  2899   0022D6  0B0F               	andlw	15
  2900   0022D8  0F30               	addlw	48
  2901   0022DA  6FAF               	movwf	(_time+1)& (0+255),b
  2902                           
  2903                           ;main.c: 41:     }
  2904   0022DC  EF7A  F011         	goto	l3742
  2905   0022E0                     l3740:
  2906                           
  2907                           ;main.c: 43:     {;main.c: 44:  time[0] = '0' + ((clock_reg[0] >> 4) & 0x0f);
  2908   0022E0  384E               	swapf	_clock_reg^0,w,c
  2909   0022E2  0B0F               	andlw	15
  2910   0022E4  0B0F               	andlw	15
  2911   0022E6  0F30               	addlw	48
  2912   0022E8  0100               	movlb	0	; () banked
  2913   0022EA  6FAE               	movwf	_time& (0+255),b
  2914                           
  2915                           ;main.c: 45:  time[1] = '0' + (clock_reg[0] & 0x0F);
  2916   0022EC  504E               	movf	_clock_reg^0,w,c
  2917   0022EE  0B0F               	andlw	15
  2918   0022F0  0F30               	addlw	48
  2919   0022F2  6FAF               	movwf	(_time+1)& (0+255),b
  2920   0022F4                     l3742:
  2921                           
  2922                           ; BSR set to: 0
  2923                           ;main.c: 47:     time[2] = ':';
  2924   0022F4  0E3A               	movlw	58
  2925   0022F6  6FB0               	movwf	(_time+2)& (0+255),b
  2926   0022F8                     
  2927                           ; BSR set to: 0
  2928                           ;main.c: 48:     time[3] = '0' + ((clock_reg[1] >> 4) & 0x0F);
  2929   0022F8  384F               	swapf	(_clock_reg+1)^0,w,c
  2930   0022FA  0B0F               	andlw	15
  2931   0022FC  0B0F               	andlw	15
  2932   0022FE  0F30               	addlw	48
  2933   002300  6FB1               	movwf	(_time+3)& (0+255),b
  2934   002302                     
  2935                           ; BSR set to: 0
  2936                           ;main.c: 49:     time[4] = '0' + (clock_reg[1] & 0x0F);
  2937   002302  504F               	movf	(_clock_reg+1)^0,w,c
  2938   002304  0B0F               	andlw	15
  2939   002306  0F30               	addlw	48
  2940   002308  6FB2               	movwf	(_time+4)& (0+255),b
  2941   00230A                     
  2942                           ; BSR set to: 0
  2943                           ;main.c: 50:     time[5] = ':';
  2944   00230A  0E3A               	movlw	58
  2945   00230C  6FB3               	movwf	(_time+5)& (0+255),b
  2946                           
  2947                           ;main.c: 51:     time[6] = '0' + ((clock_reg[2] >> 4) & 0x0F);
  2948   00230E  3850               	swapf	(_clock_reg+2)^0,w,c
  2949   002310  0B0F               	andlw	15
  2950   002312  0B0F               	andlw	15
  2951   002314  0F30               	addlw	48
  2952   002316  6FB4               	movwf	(_time+6)& (0+255),b
  2953                           
  2954                           ;main.c: 52:     time[7] = '0' + (clock_reg[2] & 0x0F);
  2955   002318  5050               	movf	(_clock_reg+2)^0,w,c
  2956   00231A  0B0F               	andlw	15
  2957   00231C  0F30               	addlw	48
  2958   00231E  6FB5               	movwf	(_time+7)& (0+255),b
  2959   002320                     
  2960                           ; BSR set to: 0
  2961                           ;main.c: 53:     time[8] = '\0';
  2962   002320  0E00               	movlw	0
  2963   002322  6FB6               	movwf	(_time+8)& (0+255),b
  2964   002324                     
  2965                           ; BSR set to: 0
  2966   002324  0012               	return		;funcret
  2967   002326                     __end_of_get_time:
  2968                           	callstack 0
  2969                           
  2970 ;; *************** function _enter_menu *****************
  2971 ;; Defined at:
  2972 ;;		line 26 in file "menu.c"
  2973 ;; Parameters:    Size  Location     Type
  2974 ;;  key             1    wreg     unsigned char 
  2975 ;; Auto vars:     Size  Location     Type
  2976 ;;  key             1    0[COMRAM] unsigned char 
  2977 ;;  u               4   89[BANK1 ] unsigned long 
  2978 ;;  b               1  110[BANK1 ] unsigned char 
  2979 ;;  menu           80    0[BANK1 ] unsigned char [16][5]
  2980 ;;  ti1             4   80[BANK1 ] unsigned long 
  2981 ;;  len             2  117[BANK1 ] int 
  2982 ;;  ti0             2  115[BANK1 ] unsigned int 
  2983 ;;  delay0          2  113[BANK1 ] unsigned int 
  2984 ;;  i               2  111[BANK1 ] int 
  2985 ;;  pos             2  108[BANK1 ] int 
  2986 ;;  blink           2  106[BANK1 ] int 
  2987 ;;  goback          2  101[BANK1 ] int 
  2988 ;;  count           2   99[BANK1 ] int 
  2989 ;;  tr              2   97[BANK1 ] int 
  2990 ;;  input           2   95[BANK1 ] int 
  2991 ;;  delay1          2   93[BANK1 ] int 
  2992 ;;  k               2   86[BANK1 ] int 
  2993 ;;  add             2    0        int 
  2994 ;;  delay           2   84[BANK1 ] int 
  2995 ;;  count1          1  120[BANK1 ] unsigned char 
  2996 ;;  fl02            1  119[BANK1 ] unsigned char 
  2997 ;;  long_key        1  105[BANK1 ] unsigned char 
  2998 ;;  fl022           1  104[BANK1 ] unsigned char 
  2999 ;;  fl021           1  103[BANK1 ] unsigned char 
  3000 ;;  fl03            1   88[BANK1 ] unsigned char 
  3001 ;;  scr_key         1    0        unsigned char 
  3002 ;;  once1           1    0        unsigned char 
  3003 ;; Return value:  Size  Location     Type
  3004 ;;                  1    wreg      void 
  3005 ;; Registers used:
  3006 ;;		wreg, fsr0l, fsr0h, fsr1l, fsr1h, fsr2l, fsr2h, status,2, status,0, tblptrl, tblptrh, tblptru, prodl, prodh, cstack
  3007 ;; Tracked objects:
  3008 ;;		On entry : 0/0
  3009 ;;		On exit  : 0/0
  3010 ;;		Unchanged: 0/0
  3011 ;; Data sizes:     COMRAM   BANK0   BANK1   BANK2   BANK3   BANK4   BANK5
  3012 ;;      Params:         0       0       0       0       0       0       0
  3013 ;;      Locals:         0       0     121       0       0       0       0
  3014 ;;      Temps:          2       0       0       0       0       0       0
  3015 ;;      Totals:         2       0     121       0       0       0       0
  3016 ;;Total ram usage:      123 bytes
  3017 ;; Hardware stack levels used: 1
  3018 ;; Hardware stack levels required when called: 6
  3019 ;; This function calls:
  3020 ;;		_change_password
  3021 ;;		_clcd_print
  3022 ;;		_clcd_putch
  3023 ;;		_clear_log
  3024 ;;		_download_log
  3025 ;;		_read_eeprom
  3026 ;;		_read_switches
  3027 ;;		_set_time
  3028 ;;		_view_log
  3029 ;; This function is called by:
  3030 ;;		_main
  3031 ;; This function uses a non-reentrant model
  3032 ;;
  3033                           
  3034                           	psect	text12
  3035   000012                     __ptext12:
  3036                           	callstack 0
  3037   000012                     _enter_menu:
  3038                           	callstack 24
  3039   000012  0E00               	movlw	0
  3040   000014  0101               	movlb	1	; () banked
  3041   000016  6F57               	movwf	(enter_menu@k+1)& (0+255),b
  3042   000018  0E00               	movlw	0
  3043   00001A  6F56               	movwf	enter_menu@k& (0+255),b
  3044   00001C  0E00               	movlw	0
  3045   00001E  6F55               	movwf	(enter_menu@delay+1)& (0+255),b
  3046   000020  0E00               	movlw	0
  3047   000022  6F54               	movwf	enter_menu@delay& (0+255),b
  3048   000024  0E00               	movlw	0
  3049   000026  6F5E               	movwf	(enter_menu@delay1+1)& (0+255),b
  3050   000028  0E00               	movlw	0
  3051   00002A  6F5D               	movwf	enter_menu@delay1& (0+255),b
  3052   00002C  0E00               	movlw	0
  3053   00002E  6F64               	movwf	(enter_menu@count+1)& (0+255),b
  3054   000030  0E00               	movlw	0
  3055   000032  6F63               	movwf	enter_menu@count& (0+255),b
  3056   000034  0E00               	movlw	0
  3057   000036  6F60               	movwf	(enter_menu@input+1)& (0+255),b
  3058   000038  0E00               	movlw	0
  3059   00003A  6F5F               	movwf	enter_menu@input& (0+255),b
  3060   00003C  0E00               	movlw	0
  3061   00003E  6F76               	movwf	(enter_menu@len+1)& (0+255),b
  3062   000040  0E06               	movlw	6
  3063   000042  6F75               	movwf	enter_menu@len& (0+255),b
  3064   000044  0E00               	movlw	0
  3065   000046  6F70               	movwf	(enter_menu@i+1)& (0+255),b
  3066   000048  0E00               	movlw	0
  3067   00004A  6F6F               	movwf	enter_menu@i& (0+255),b
  3068   00004C  0E00               	movlw	0
  3069   00004E  6F62               	movwf	(enter_menu@tr+1)& (0+255),b
  3070   000050  0E00               	movlw	0
  3071   000052  6F61               	movwf	enter_menu@tr& (0+255),b
  3072   000054  0E00               	movlw	0
  3073   000056  6F6B               	movwf	(enter_menu@blink+1)& (0+255),b
  3074   000058  0E00               	movlw	0
  3075   00005A  6F6A               	movwf	enter_menu@blink& (0+255),b
  3076   00005C  0E00               	movlw	0
  3077   00005E  6F6D               	movwf	(enter_menu@pos+1)& (0+255),b
  3078   000060  0E00               	movlw	0
  3079   000062  6F6C               	movwf	enter_menu@pos& (0+255),b
  3080   000064  0E00               	movlw	0
  3081   000066  6F66               	movwf	(enter_menu@goback+1)& (0+255),b
  3082   000068  0E00               	movlw	0
  3083   00006A  6F65               	movwf	enter_menu@goback& (0+255),b
  3084   00006C                     
  3085                           ; BSR set to: 1
  3086                           ;menu.c: 29:     unsigned char menu[5][16] = {"1 View Log    ","2 Clear Log   ","3 Downl
      +                          oad Log","4 Set Time    ","5 Change Passwd "};
  3087   00006C  EE21  F079         	lfsr	2,enter_menu@F78
  3088   000070  EE11  F000         	lfsr	1,enter_menu@menu
  3089   000074  0E4F               	movlw	79
  3090   000076                     u3631:
  3091   000076  CFDB FFE3          	movff	plusw2,plusw1
  3092   00007A  06E8               	decf	wreg,f,c
  3093   00007C  E2FC               	bc	u3631
  3094   00007E                     
  3095                           ; BSR set to: 1
  3096                           ;menu.c: 30:     unsigned char once1;;menu.c: 31:     unsigned int delay0 = 0;
  3097   00007E  0E00               	movlw	0
  3098   000080  6F72               	movwf	(enter_menu@delay0+1)& (0+255),b
  3099   000082  0E00               	movlw	0
  3100   000084  6F71               	movwf	enter_menu@delay0& (0+255),b
  3101   000086                     
  3102                           ; BSR set to: 1
  3103                           ;menu.c: 32:     unsigned int ti0 = 0;
  3104   000086  0E00               	movlw	0
  3105   000088  6F74               	movwf	(enter_menu@ti0+1)& (0+255),b
  3106   00008A  0E00               	movlw	0
  3107   00008C  6F73               	movwf	enter_menu@ti0& (0+255),b
  3108   00008E                     
  3109                           ; BSR set to: 1
  3110                           ;menu.c: 33:     unsigned char scr_key, long_key, count1 = 0, fl02 = 1, fl021 = 0, fl022
      +                           = 0, fl03 = 1;
  3111   00008E  0E00               	movlw	0
  3112   000090  6F78               	movwf	enter_menu@count1& (0+255),b
  3113   000092                     
  3114                           ; BSR set to: 1
  3115   000092  0E01               	movlw	1
  3116   000094  6F77               	movwf	enter_menu@fl02& (0+255),b
  3117   000096                     
  3118                           ; BSR set to: 1
  3119   000096  0E00               	movlw	0
  3120   000098  6F67               	movwf	enter_menu@fl021& (0+255),b
  3121   00009A                     
  3122                           ; BSR set to: 1
  3123   00009A  0E00               	movlw	0
  3124   00009C  6F68               	movwf	enter_menu@fl022& (0+255),b
  3125   00009E                     
  3126                           ; BSR set to: 1
  3127   00009E  0E01               	movlw	1
  3128   0000A0  6F58               	movwf	enter_menu@fl03& (0+255),b
  3129   0000A2                     
  3130                           ; BSR set to: 1
  3131                           ;menu.c: 34:     unsigned long ti1 = 0;
  3132   0000A2  0E00               	movlw	0
  3133   0000A4  6F50               	movwf	enter_menu@ti1& (0+255),b
  3134   0000A6  0E00               	movlw	0
  3135   0000A8  6F51               	movwf	(enter_menu@ti1+1)& (0+255),b
  3136   0000AA  0E00               	movlw	0
  3137   0000AC  6F52               	movwf	(enter_menu@ti1+2)& (0+255),b
  3138   0000AE  0E00               	movlw	0
  3139   0000B0  6F53               	movwf	(enter_menu@ti1+3)& (0+255),b
  3140   0000B2                     
  3141                           ; BSR set to: 1
  3142                           ;menu.c: 36:     for( unsigned char b = 0 ; b < 4 ; b++ )
  3143   0000B2  0E00               	movlw	0
  3144   0000B4  6F6E               	movwf	enter_menu@b& (0+255),b
  3145   0000B6                     l3884:
  3146                           
  3147                           ; BSR set to: 1
  3148   0000B6  0E03               	movlw	3
  3149   0000B8  656E               	cpfsgt	enter_menu@b& (0+255),b
  3150   0000BA  EF61  F000         	goto	u3641
  3151   0000BE  EF63  F000         	goto	u3640
  3152   0000C2                     u3641:
  3153   0000C2  EF65  F000         	goto	l3888
  3154   0000C6                     u3640:
  3155   0000C6  EF73  F000         	goto	l3894
  3156   0000CA                     l3888:
  3157                           
  3158                           ; BSR set to: 1
  3159                           ;menu.c: 37:     {;menu.c: 38:  pass[b] = read_eeprom(0);
  3160   0000CA  0EE5               	movlw	low _pass
  3161   0000CC  256E               	addwf	enter_menu@b& (0+255),w,b
  3162   0000CE  6ED9               	movwf	fsr2l,c
  3163   0000D0  6ADA               	clrf	fsr2h,c
  3164   0000D2  0E01               	movlw	high _pass
  3165   0000D4  22DA               	addwfc	fsr2h,f,c
  3166   0000D6  0E00               	movlw	0
  3167   0000D8  EC2D  F014         	call	_read_eeprom
  3168   0000DC  6EDF               	movwf	indf2,c
  3169   0000DE                     
  3170                           ;menu.c: 39:     }
  3171   0000DE  0101               	movlb	1	; () banked
  3172   0000E0  2B6E               	incf	enter_menu@b& (0+255),f,b
  3173   0000E2  EF5B  F000         	goto	l3884
  3174   0000E6                     l3894:
  3175                           
  3176                           ; BSR set to: 1
  3177                           ;menu.c: 41:     clcd_print( "                ", (0xC0 + (0)) );
  3178   0000E6  0EA7               	movlw	low STR_2
  3179   0000E8  6E07               	movwf	clcd_print@data^0,c
  3180   0000EA  0E2F               	movlw	high STR_2
  3181   0000EC  6E08               	movwf	(clcd_print@data+1)^0,c
  3182   0000EE  0EC0               	movlw	192
  3183   0000F0  6E09               	movwf	clcd_print@addr^0,c
  3184   0000F2  EC06  F012         	call	_clcd_print	;wreg free
  3185                           
  3186                           ;menu.c: 42:     clcd_print( "Enter Password:   ", (0x80 + (0)) );
  3187   0000F6  0EB5               	movlw	low STR_7
  3188   0000F8  6E07               	movwf	clcd_print@data^0,c
  3189   0000FA  0E2E               	movlw	high STR_7
  3190   0000FC  6E08               	movwf	(clcd_print@data+1)^0,c
  3191   0000FE  0E80               	movlw	128
  3192   000100  6E09               	movwf	clcd_print@addr^0,c
  3193   000102  EC06  F012         	call	_clcd_print	;wreg free
  3194   000106                     l3896:
  3195                           
  3196                           ;menu.c: 45:     {;menu.c: 46:  if( input < 3 )
  3197   000106  0101               	movlb	1	; () banked
  3198   000108  BF60               	btfsc	(enter_menu@input+1)& (0+255),7,b
  3199   00010A  EF92  F000         	goto	u3650
  3200   00010E  5160               	movf	(enter_menu@input+1)& (0+255),w,b
  3201   000110  E107               	bnz	u3651
  3202   000112  0E03               	movlw	3
  3203   000114  5D5F               	subwf	enter_menu@input& (0+255),w,b
  3204   000116  B0D8               	btfsc	status,0,c
  3205   000118  EF90  F000         	goto	u3651
  3206   00011C  EF92  F000         	goto	u3650
  3207   000120                     u3651:
  3208   000120  EF73  F003         	goto	l4104
  3209   000124                     u3650:
  3210   000124                     
  3211                           ; BSR set to: 1
  3212                           ;menu.c: 47:  {;menu.c: 48:      pass_key = read_switches(1);
  3213   000124  0E01               	movlw	1
  3214   000126  EC93  F011         	call	_read_switches
  3215   00012A  0101               	movlb	1	; () banked
  3216   00012C  6FE9               	movwf	_pass_key& (0+255),b
  3217   00012E                     
  3218                           ; BSR set to: 1
  3219                           ;menu.c: 49:      if( len < 10 )
  3220   00012E  BF76               	btfsc	(enter_menu@len+1)& (0+255),7,b
  3221   000130  EFA5  F000         	goto	u3660
  3222   000134  5176               	movf	(enter_menu@len+1)& (0+255),w,b
  3223   000136  E107               	bnz	u3661
  3224   000138  0E0A               	movlw	10
  3225   00013A  5D75               	subwf	enter_menu@len& (0+255),w,b
  3226   00013C  B0D8               	btfsc	status,0,c
  3227   00013E  EFA3  F000         	goto	u3661
  3228   000142  EFA5  F000         	goto	u3660
  3229   000146                     u3661:
  3230   000146  EF48  F001         	goto	l3948
  3231   00014A                     u3660:
  3232   00014A                     
  3233                           ; BSR set to: 1
  3234                           ;menu.c: 50:      {;menu.c: 51:   if( goback == 3 )
  3235   00014A  0E03               	movlw	3
  3236   00014C  1965               	xorwf	enter_menu@goback& (0+255),w,b
  3237   00014E  1166               	iorwf	(enter_menu@goback+1)& (0+255),w,b
  3238   000150  A4D8               	btfss	status,2,c
  3239   000152  EFAD  F000         	goto	u3671
  3240   000156  EFAF  F000         	goto	u3670
  3241   00015A                     u3671:
  3242   00015A  EFB5  F000         	goto	l3908
  3243   00015E                     u3670:
  3244   00015E                     
  3245                           ; BSR set to: 1
  3246                           ;menu.c: 52:   {;menu.c: 53:       goback = 0;
  3247   00015E  0E00               	movlw	0
  3248   000160  6F66               	movwf	(enter_menu@goback+1)& (0+255),b
  3249   000162  0E00               	movlw	0
  3250   000164  6F65               	movwf	enter_menu@goback& (0+255),b
  3251   000166  EFA3  F003         	goto	l382
  3252   00016A                     l3908:
  3253                           
  3254                           ; BSR set to: 1
  3255                           ;menu.c: 56:   if( blink++ < 10 )
  3256   00016A  516A               	movf	enter_menu@blink& (0+255),w,b
  3257   00016C  6E45               	movwf	??_enter_menu^0,c
  3258   00016E  516B               	movf	(enter_menu@blink+1)& (0+255),w,b
  3259   000170  6E46               	movwf	(??_enter_menu+1)^0,c
  3260   000172  4B6A               	infsnz	enter_menu@blink& (0+255),f,b
  3261   000174  2B6B               	incf	(enter_menu@blink+1)& (0+255),f,b
  3262   000176  BE46               	btfsc	(??_enter_menu+1)^0,7,c
  3263   000178  EFC9  F000         	goto	u3680
  3264   00017C  5046               	movf	(??_enter_menu+1)^0,w,c
  3265   00017E  E107               	bnz	u3681
  3266   000180  0E0A               	movlw	10
  3267   000182  5C45               	subwf	??_enter_menu^0,w,c
  3268   000184  B0D8               	btfsc	status,0,c
  3269   000186  EFC7  F000         	goto	u3681
  3270   00018A  EFC9  F000         	goto	u3680
  3271   00018E                     u3681:
  3272   00018E  EFD1  F000         	goto	l3912
  3273   000192                     u3680:
  3274   000192                     
  3275                           ; BSR set to: 1
  3276                           ;menu.c: 57:   {;menu.c: 58:       clcd_putch(' ',(0xC0 + (len)));
  3277   000192  5175               	movf	enter_menu@len& (0+255),w,b
  3278   000194  0FC0               	addlw	192
  3279   000196  6E23               	movwf	clcd_putch@addr^0,c
  3280   000198  0E20               	movlw	32
  3281   00019A  EC81  F014         	call	_clcd_putch
  3282                           
  3283                           ;menu.c: 59:   }
  3284   00019E  EFE7  F000         	goto	l3920
  3285   0001A2                     l3912:
  3286                           
  3287                           ; BSR set to: 1
  3288                           ;menu.c: 61:   {;menu.c: 62:       if( blink == 20 )
  3289   0001A2  0E14               	movlw	20
  3290   0001A4  196A               	xorwf	enter_menu@blink& (0+255),w,b
  3291   0001A6  116B               	iorwf	(enter_menu@blink+1)& (0+255),w,b
  3292   0001A8  A4D8               	btfss	status,2,c
  3293   0001AA  EFD9  F000         	goto	u3691
  3294   0001AE  EFDB  F000         	goto	u3690
  3295   0001B2                     u3691:
  3296   0001B2  EFE1  F000         	goto	l3918
  3297   0001B6                     u3690:
  3298   0001B6                     
  3299                           ; BSR set to: 1
  3300                           ;menu.c: 63:       {;menu.c: 64:    goback++;
  3301   0001B6  4B65               	infsnz	enter_menu@goback& (0+255),f,b
  3302   0001B8  2B66               	incf	(enter_menu@goback+1)& (0+255),f,b
  3303   0001BA                     
  3304                           ; BSR set to: 1
  3305                           ;menu.c: 65:    blink=0;
  3306   0001BA  0E00               	movlw	0
  3307   0001BC  6F6B               	movwf	(enter_menu@blink+1)& (0+255),b
  3308   0001BE  0E00               	movlw	0
  3309   0001C0  6F6A               	movwf	enter_menu@blink& (0+255),b
  3310   0001C2                     l3918:
  3311                           
  3312                           ; BSR set to: 1
  3313                           ;menu.c: 67:       clcd_putch(-1,(0xC0 + (len)));
  3314   0001C2  5175               	movf	enter_menu@len& (0+255),w,b
  3315   0001C4  0FC0               	addlw	192
  3316   0001C6  6E23               	movwf	clcd_putch@addr^0,c
  3317   0001C8  0EFF               	movlw	255
  3318   0001CA  EC81  F014         	call	_clcd_putch
  3319   0001CE                     l3920:
  3320                           
  3321                           ;menu.c: 70:   if ( pass_key == 11 )
  3322   0001CE  0E0B               	movlw	11
  3323   0001D0  0101               	movlb	1	; () banked
  3324   0001D2  19E9               	xorwf	_pass_key& (0+255),w,b
  3325   0001D4  A4D8               	btfss	status,2,c
  3326   0001D6  EFEF  F000         	goto	u3701
  3327   0001DA  EFF1  F000         	goto	u3700
  3328   0001DE                     u3701:
  3329   0001DE  EF04  F001         	goto	l3930
  3330   0001E2                     u3700:
  3331   0001E2                     
  3332                           ; BSR set to: 1
  3333                           ;menu.c: 71:   {;menu.c: 72:       clcd_putch('*',(0xC0 + (len)));
  3334   0001E2  5175               	movf	enter_menu@len& (0+255),w,b
  3335   0001E4  0FC0               	addlw	192
  3336   0001E6  6E23               	movwf	clcd_putch@addr^0,c
  3337   0001E8  0E2A               	movlw	42
  3338   0001EA  EC81  F014         	call	_clcd_putch
  3339   0001EE                     
  3340                           ;menu.c: 73:       arr[pos++] = '0';
  3341   0001EE  0EE1               	movlw	low _arr
  3342   0001F0  0101               	movlb	1	; () banked
  3343   0001F2  256C               	addwf	enter_menu@pos& (0+255),w,b
  3344   0001F4  6ED9               	movwf	fsr2l,c
  3345   0001F6  0E01               	movlw	high _arr
  3346   0001F8  216D               	addwfc	(enter_menu@pos+1)& (0+255),w,b
  3347   0001FA  6EDA               	movwf	fsr2h,c
  3348   0001FC  0E30               	movlw	48
  3349   0001FE  6EDF               	movwf	indf2,c
  3350   000200                     
  3351                           ; BSR set to: 1
  3352   000200  4B6C               	infsnz	enter_menu@pos& (0+255),f,b
  3353   000202  2B6D               	incf	(enter_menu@pos+1)& (0+255),f,b
  3354   000204                     
  3355                           ; BSR set to: 1
  3356                           ;menu.c: 74:       len++;
  3357   000204  4B75               	infsnz	enter_menu@len& (0+255),f,b
  3358   000206  2B76               	incf	(enter_menu@len+1)& (0+255),f,b
  3359   000208                     l3930:
  3360                           
  3361                           ; BSR set to: 1
  3362                           ;menu.c: 76:   if( pass_key == 12 )
  3363   000208  0E0C               	movlw	12
  3364   00020A  19E9               	xorwf	_pass_key& (0+255),w,b
  3365   00020C  A4D8               	btfss	status,2,c
  3366   00020E  EF0B  F001         	goto	u3711
  3367   000212  EF0D  F001         	goto	u3710
  3368   000216                     u3711:
  3369   000216  EF20  F001         	goto	l3940
  3370   00021A                     u3710:
  3371   00021A                     
  3372                           ; BSR set to: 1
  3373                           ;menu.c: 77:   {;menu.c: 78:       clcd_putch('*',(0xC0 + (len)));
  3374   00021A  5175               	movf	enter_menu@len& (0+255),w,b
  3375   00021C  0FC0               	addlw	192
  3376   00021E  6E23               	movwf	clcd_putch@addr^0,c
  3377   000220  0E2A               	movlw	42
  3378   000222  EC81  F014         	call	_clcd_putch
  3379   000226                     
  3380                           ;menu.c: 79:       arr[pos++] = '1';
  3381   000226  0EE1               	movlw	low _arr
  3382   000228  0101               	movlb	1	; () banked
  3383   00022A  256C               	addwf	enter_menu@pos& (0+255),w,b
  3384   00022C  6ED9               	movwf	fsr2l,c
  3385   00022E  0E01               	movlw	high _arr
  3386   000230  216D               	addwfc	(enter_menu@pos+1)& (0+255),w,b
  3387   000232  6EDA               	movwf	fsr2h,c
  3388   000234  0E31               	movlw	49
  3389   000236  6EDF               	movwf	indf2,c
  3390   000238                     
  3391                           ; BSR set to: 1
  3392   000238  4B6C               	infsnz	enter_menu@pos& (0+255),f,b
  3393   00023A  2B6D               	incf	(enter_menu@pos+1)& (0+255),f,b
  3394   00023C                     
  3395                           ; BSR set to: 1
  3396                           ;menu.c: 80:       len++;
  3397   00023C  4B75               	infsnz	enter_menu@len& (0+255),f,b
  3398   00023E  2B76               	incf	(enter_menu@len+1)& (0+255),f,b
  3399   000240                     l3940:
  3400   000240                     l3942:
  3401                           
  3402                           ; BSR set to: 1
  3403   000240  076F               	decf	enter_menu@i& (0+255),f,b
  3404   000242  A0D8               	btfss	status,0,c
  3405   000244  0770               	decf	(enter_menu@i+1)& (0+255),f,b
  3406   000246  296F               	incf	enter_menu@i& (0+255),w,b
  3407   000248  E106               	bnz	u3721
  3408   00024A  2970               	incf	(enter_menu@i+1)& (0+255),w,b
  3409   00024C  A4D8               	btfss	status,2,c
  3410   00024E  EF2B  F001         	goto	u3721
  3411   000252  EF2D  F001         	goto	u3720
  3412   000256                     u3721:
  3413   000256  EF20  F001         	goto	l3942
  3414   00025A                     u3720:
  3415   00025A  EF83  F000         	goto	l3896
  3416   00025E                     l3944:
  3417                           
  3418                           ; BSR set to: 1
  3419                           ;menu.c: 87:   {;menu.c: 88:       if( pass[i] == arr[i] )
  3420   00025E  0EE1               	movlw	low _arr
  3421   000260  256F               	addwf	enter_menu@i& (0+255),w,b
  3422   000262  6ED9               	movwf	fsr2l,c
  3423   000264  0E01               	movlw	high _arr
  3424   000266  2170               	addwfc	(enter_menu@i+1)& (0+255),w,b
  3425   000268  6EDA               	movwf	fsr2h,c
  3426   00026A  0EE5               	movlw	low _pass
  3427   00026C  256F               	addwf	enter_menu@i& (0+255),w,b
  3428   00026E  6EE1               	movwf	fsr1l,c
  3429   000270  0E01               	movlw	high _pass
  3430   000272  2170               	addwfc	(enter_menu@i+1)& (0+255),w,b
  3431   000274  6EE2               	movwf	fsr1h,c
  3432   000276  50DE               	movf	postinc2,w,c
  3433   000278  18E6               	xorwf	postinc1,w,c
  3434   00027A  A4D8               	btfss	status,2,c
  3435   00027C  EF42  F001         	goto	u3731
  3436   000280  EF44  F001         	goto	u3730
  3437   000284                     u3731:
  3438   000284  EF46  F001         	goto	l394
  3439   000288                     u3730:
  3440   000288                     
  3441                           ; BSR set to: 1
  3442                           ;menu.c: 89:       {;menu.c: 90:    count++;
  3443   000288  4B63               	infsnz	enter_menu@count& (0+255),f,b
  3444   00028A  2B64               	incf	(enter_menu@count+1)& (0+255),f,b
  3445   00028C                     l394:
  3446                           
  3447                           ; BSR set to: 1
  3448                           ;menu.c: 92:       i++;
  3449   00028C  4B6F               	infsnz	enter_menu@i& (0+255),f,b
  3450   00028E  2B70               	incf	(enter_menu@i+1)& (0+255),f,b
  3451   000290                     l3948:
  3452                           
  3453                           ; BSR set to: 1
  3454                           ;menu.c: 86:   while( i < 4 )
  3455   000290  BF70               	btfsc	(enter_menu@i+1)& (0+255),7,b
  3456   000292  EF54  F001         	goto	u3741
  3457   000296  5170               	movf	(enter_menu@i+1)& (0+255),w,b
  3458   000298  E109               	bnz	u3740
  3459   00029A  0E04               	movlw	4
  3460   00029C  5D6F               	subwf	enter_menu@i& (0+255),w,b
  3461   00029E  A0D8               	btfss	status,0,c
  3462   0002A0  EF54  F001         	goto	u3741
  3463   0002A4  EF56  F001         	goto	u3740
  3464   0002A8                     u3741:
  3465   0002A8  EF2F  F001         	goto	l3944
  3466   0002AC                     u3740:
  3467   0002AC                     
  3468                           ; BSR set to: 1
  3469                           ;menu.c: 94:   if(count == 4)
  3470   0002AC  0E04               	movlw	4
  3471   0002AE  1963               	xorwf	enter_menu@count& (0+255),w,b
  3472   0002B0  1164               	iorwf	(enter_menu@count+1)& (0+255),w,b
  3473   0002B2  A4D8               	btfss	status,2,c
  3474   0002B4  EF5E  F001         	goto	u3751
  3475   0002B8  EF60  F001         	goto	u3750
  3476   0002BC                     u3751:
  3477   0002BC  EF27  F003         	goto	l4078
  3478   0002C0                     u3750:
  3479   0002C0                     l3952:
  3480                           
  3481                           ;menu.c: 98:       {;menu.c: 99:    long_key = read_switches( 0 );
  3482   0002C0  0E00               	movlw	0
  3483   0002C2  EC93  F011         	call	_read_switches
  3484   0002C6  0101               	movlb	1	; () banked
  3485   0002C8  6F69               	movwf	enter_menu@long_key& (0+255),b
  3486   0002CA                     
  3487                           ; BSR set to: 1
  3488                           ;menu.c: 101:    if( long_key == 11 )
  3489   0002CA  0E0B               	movlw	11
  3490   0002CC  1969               	xorwf	enter_menu@long_key& (0+255),w,b
  3491   0002CE  A4D8               	btfss	status,2,c
  3492   0002D0  EF6C  F001         	goto	u3761
  3493   0002D4  EF6E  F001         	goto	u3760
  3494   0002D8                     u3761:
  3495   0002D8  EF43  F002         	goto	l4018
  3496   0002DC                     u3760:
  3497   0002DC                     
  3498                           ; BSR set to: 1
  3499                           ;menu.c: 102:    {;menu.c: 103:        if( ti0++ == 300 )
  3500   0002DC  4B73               	infsnz	enter_menu@ti0& (0+255),f,b
  3501   0002DE  2B74               	incf	(enter_menu@ti0+1)& (0+255),f,b
  3502   0002E0  0E2D               	movlw	45
  3503   0002E2  1973               	xorwf	enter_menu@ti0& (0+255),w,b
  3504   0002E4  E106               	bnz	u3771
  3505   0002E6  0574               	decf	(enter_menu@ti0+1)& (0+255),w,b
  3506   0002E8  A4D8               	btfss	status,2,c
  3507   0002EA  EF79  F001         	goto	u3771
  3508   0002EE  EF7B  F001         	goto	u3770
  3509   0002F2                     u3771:
  3510   0002F2  EF32  F002         	goto	l4014
  3511   0002F6                     u3770:
  3512   0002F6                     
  3513                           ; BSR set to: 1
  3514                           ;menu.c: 104:        {;menu.c: 105:     if( count1 == 0 && fl02 == 1 )
  3515   0002F6  5178               	movf	enter_menu@count1& (0+255),w,b
  3516   0002F8  A4D8               	btfss	status,2,c
  3517   0002FA  EF81  F001         	goto	u3781
  3518   0002FE  EF83  F001         	goto	u3780
  3519   000302                     u3781:
  3520   000302  EF8F  F001         	goto	l3964
  3521   000306                     u3780:
  3522   000306                     
  3523                           ; BSR set to: 1
  3524   000306  0577               	decf	enter_menu@fl02& (0+255),w,b
  3525   000308  A4D8               	btfss	status,2,c
  3526   00030A  EF89  F001         	goto	u3791
  3527   00030E  EF8B  F001         	goto	u3790
  3528   000312                     u3791:
  3529   000312  EF8F  F001         	goto	l3964
  3530   000316                     u3790:
  3531   000316                     l3962:
  3532                           
  3533                           ; BSR set to: 1
  3534                           ;menu.c: 106:     {;menu.c: 107:         view_log();
  3535   000316  EC31  F00A         	call	_view_log	;wreg free
  3536                           
  3537                           ;menu.c: 108:     }
  3538   00031A  EF2B  F002         	goto	l4012
  3539   00031E                     l3964:
  3540                           
  3541                           ; BSR set to: 1
  3542   00031E  5178               	movf	enter_menu@count1& (0+255),w,b
  3543   000320  A4D8               	btfss	status,2,c
  3544   000322  EF95  F001         	goto	u3801
  3545   000326  EF97  F001         	goto	u3800
  3546   00032A                     u3801:
  3547   00032A  EFA3  F001         	goto	l3970
  3548   00032E                     u3800:
  3549   00032E                     
  3550                           ; BSR set to: 1
  3551   00032E  5177               	movf	enter_menu@fl02& (0+255),w,b
  3552   000330  A4D8               	btfss	status,2,c
  3553   000332  EF9D  F001         	goto	u3811
  3554   000336  EF9F  F001         	goto	u3810
  3555   00033A                     u3811:
  3556   00033A  EFA3  F001         	goto	l3970
  3557   00033E                     u3810:
  3558   00033E                     l3968:
  3559                           
  3560                           ; BSR set to: 1
  3561                           ;menu.c: 110:     {;menu.c: 111:         clear_log();
  3562   00033E  ECD7  F012         	call	_clear_log	;wreg free
  3563                           
  3564                           ;menu.c: 112:     }
  3565   000342  EF2B  F002         	goto	l4012
  3566   000346                     l3970:
  3567                           
  3568                           ; BSR set to: 1
  3569   000346  0578               	decf	enter_menu@count1& (0+255),w,b
  3570   000348  A4D8               	btfss	status,2,c
  3571   00034A  EFA9  F001         	goto	u3821
  3572   00034E  EFAB  F001         	goto	u3820
  3573   000352                     u3821:
  3574   000352  EFB7  F001         	goto	l3976
  3575   000356                     u3820:
  3576   000356                     
  3577                           ; BSR set to: 1
  3578   000356  5177               	movf	enter_menu@fl02& (0+255),w,b
  3579   000358  A4D8               	btfss	status,2,c
  3580   00035A  EFB1  F001         	goto	u3831
  3581   00035E  EFB3  F001         	goto	u3830
  3582   000362                     u3831:
  3583   000362  EFB7  F001         	goto	l3976
  3584   000366                     u3830:
  3585   000366                     l3974:
  3586                           
  3587                           ; BSR set to: 1
  3588                           ;menu.c: 114:     {;menu.c: 115:         download_log();
  3589   000366  EC25  F00D         	call	_download_log	;wreg free
  3590                           
  3591                           ;menu.c: 116:     }
  3592   00036A  EF2B  F002         	goto	l4012
  3593   00036E                     l3976:
  3594                           
  3595                           ; BSR set to: 1
  3596   00036E  0E02               	movlw	2
  3597   000370  1978               	xorwf	enter_menu@count1& (0+255),w,b
  3598   000372  A4D8               	btfss	status,2,c
  3599   000374  EFBE  F001         	goto	u3841
  3600   000378  EFC0  F001         	goto	u3840
  3601   00037C                     u3841:
  3602   00037C  EFCC  F001         	goto	l3982
  3603   000380                     u3840:
  3604   000380                     
  3605                           ; BSR set to: 1
  3606   000380  5177               	movf	enter_menu@fl02& (0+255),w,b
  3607   000382  A4D8               	btfss	status,2,c
  3608   000384  EFC6  F001         	goto	u3851
  3609   000388  EFC8  F001         	goto	u3850
  3610   00038C                     u3851:
  3611   00038C  EFCC  F001         	goto	l3982
  3612   000390                     u3850:
  3613   000390                     l3980:
  3614                           
  3615                           ; BSR set to: 1
  3616                           ;menu.c: 118:     {;menu.c: 119:         set_time();
  3617   000390  EC14  F007         	call	_set_time	;wreg free
  3618                           
  3619                           ;menu.c: 120:     }
  3620   000394  EF2B  F002         	goto	l4012
  3621   000398                     l3982:
  3622                           
  3623                           ; BSR set to: 1
  3624   000398  0E03               	movlw	3
  3625   00039A  1978               	xorwf	enter_menu@count1& (0+255),w,b
  3626   00039C  A4D8               	btfss	status,2,c
  3627   00039E  EFD3  F001         	goto	u3861
  3628   0003A2  EFD5  F001         	goto	u3860
  3629   0003A6                     u3861:
  3630   0003A6  EFE1  F001         	goto	l3988
  3631   0003AA                     u3860:
  3632   0003AA                     
  3633                           ; BSR set to: 1
  3634   0003AA  5177               	movf	enter_menu@fl02& (0+255),w,b
  3635   0003AC  A4D8               	btfss	status,2,c
  3636   0003AE  EFDB  F001         	goto	u3871
  3637   0003B2  EFDD  F001         	goto	u3870
  3638   0003B6                     u3871:
  3639   0003B6  EFE1  F001         	goto	l3988
  3640   0003BA                     u3870:
  3641   0003BA                     
  3642                           ; BSR set to: 1
  3643                           ;menu.c: 122:     {;menu.c: 123:         change_password();
  3644   0003BA  ECA4  F003         	call	_change_password	;wreg free
  3645                           
  3646                           ;menu.c: 124:     }
  3647   0003BE  EF2B  F002         	goto	l4012
  3648   0003C2                     l3988:
  3649                           
  3650                           ; BSR set to: 1
  3651   0003C2  0E03               	movlw	3
  3652   0003C4  1978               	xorwf	enter_menu@count1& (0+255),w,b
  3653   0003C6  A4D8               	btfss	status,2,c
  3654   0003C8  EFE8  F001         	goto	u3881
  3655   0003CC  EFEA  F001         	goto	u3880
  3656   0003D0                     u3881:
  3657   0003D0  EFF4  F001         	goto	l3994
  3658   0003D4                     u3880:
  3659   0003D4                     
  3660                           ; BSR set to: 1
  3661   0003D4  0577               	decf	enter_menu@fl02& (0+255),w,b
  3662   0003D6  A4D8               	btfss	status,2,c
  3663   0003D8  EFF0  F001         	goto	u3891
  3664   0003DC  EFF2  F001         	goto	u3890
  3665   0003E0                     u3891:
  3666   0003E0  EFF4  F001         	goto	l3994
  3667   0003E4                     u3890:
  3668   0003E4  EFC8  F001         	goto	l3980
  3669   0003E8                     l3994:
  3670                           
  3671                           ; BSR set to: 1
  3672   0003E8  0E02               	movlw	2
  3673   0003EA  1978               	xorwf	enter_menu@count1& (0+255),w,b
  3674   0003EC  A4D8               	btfss	status,2,c
  3675   0003EE  EFFB  F001         	goto	u3901
  3676   0003F2  EFFD  F001         	goto	u3900
  3677   0003F6                     u3901:
  3678   0003F6  EF07  F002         	goto	l4000
  3679   0003FA                     u3900:
  3680   0003FA                     
  3681                           ; BSR set to: 1
  3682   0003FA  0577               	decf	enter_menu@fl02& (0+255),w,b
  3683   0003FC  A4D8               	btfss	status,2,c
  3684   0003FE  EF03  F002         	goto	u3911
  3685   000402  EF05  F002         	goto	u3910
  3686   000406                     u3911:
  3687   000406  EF07  F002         	goto	l4000
  3688   00040A                     u3910:
  3689   00040A  EFB3  F001         	goto	l3974
  3690   00040E                     l4000:
  3691                           
  3692                           ; BSR set to: 1
  3693   00040E  0578               	decf	enter_menu@count1& (0+255),w,b
  3694   000410  A4D8               	btfss	status,2,c
  3695   000412  EF0D  F002         	goto	u3921
  3696   000416  EF0F  F002         	goto	u3920
  3697   00041A                     u3921:
  3698   00041A  EF19  F002         	goto	l4006
  3699   00041E                     u3920:
  3700   00041E                     
  3701                           ; BSR set to: 1
  3702   00041E  0577               	decf	enter_menu@fl02& (0+255),w,b
  3703   000420  A4D8               	btfss	status,2,c
  3704   000422  EF15  F002         	goto	u3931
  3705   000426  EF17  F002         	goto	u3930
  3706   00042A                     u3931:
  3707   00042A  EF19  F002         	goto	l4006
  3708   00042E                     u3930:
  3709   00042E  EF9F  F001         	goto	l3968
  3710   000432                     l4006:
  3711                           
  3712                           ; BSR set to: 1
  3713   000432  5178               	movf	enter_menu@count1& (0+255),w,b
  3714   000434  A4D8               	btfss	status,2,c
  3715   000436  EF1F  F002         	goto	u3941
  3716   00043A  EF21  F002         	goto	u3940
  3717   00043E                     u3941:
  3718   00043E  EF2B  F002         	goto	l411
  3719   000442                     u3940:
  3720   000442                     
  3721                           ; BSR set to: 1
  3722   000442  0577               	decf	enter_menu@fl02& (0+255),w,b
  3723   000444  A4D8               	btfss	status,2,c
  3724   000446  EF27  F002         	goto	u3951
  3725   00044A  EF29  F002         	goto	u3950
  3726   00044E                     u3951:
  3727   00044E  EF2B  F002         	goto	l411
  3728   000452                     u3950:
  3729   000452  EF8B  F001         	goto	l3962
  3730   000456                     l411:
  3731   000456                     l4012:
  3732                           
  3733                           ;menu.c: 141:     ti0 = 0;
  3734   000456  0E00               	movlw	0
  3735   000458  0101               	movlb	1	; () banked
  3736   00045A  6F74               	movwf	(enter_menu@ti0+1)& (0+255),b
  3737   00045C  0E00               	movlw	0
  3738   00045E  6F73               	movwf	enter_menu@ti0& (0+255),b
  3739                           
  3740                           ;menu.c: 142:        }
  3741   000460  EF76  F002         	goto	l4036
  3742   000464                     l4014:
  3743                           
  3744                           ; BSR set to: 1
  3745   000464  0E2D               	movlw	45
  3746   000466  5D73               	subwf	enter_menu@ti0& (0+255),w,b
  3747   000468  0E01               	movlw	1
  3748   00046A  5974               	subwfb	(enter_menu@ti0+1)& (0+255),w,b
  3749   00046C  A0D8               	btfss	status,0,c
  3750   00046E  EF3B  F002         	goto	u3961
  3751   000472  EF3D  F002         	goto	u3960
  3752   000476                     u3961:
  3753   000476  EF76  F002         	goto	l4036
  3754   00047A                     u3960:
  3755   00047A                     
  3756                           ; BSR set to: 1
  3757                           ;menu.c: 144:        {;menu.c: 145:     ti0 = 301;
  3758   00047A  0E01               	movlw	1
  3759   00047C  6F74               	movwf	(enter_menu@ti0+1)& (0+255),b
  3760   00047E  0E2D               	movlw	45
  3761   000480  6F73               	movwf	enter_menu@ti0& (0+255),b
  3762   000482  EF76  F002         	goto	l4036
  3763   000486                     l4018:
  3764                           
  3765                           ; BSR set to: 1
  3766   000486  5173               	movf	enter_menu@ti0& (0+255),w,b
  3767   000488  1174               	iorwf	(enter_menu@ti0+1)& (0+255),w,b
  3768   00048A  B4D8               	btfsc	status,2,c
  3769   00048C  EF4A  F002         	goto	u3971
  3770   000490  EF4C  F002         	goto	u3970
  3771   000494                     u3971:
  3772   000494  EF76  F002         	goto	l4036
  3773   000498                     u3970:
  3774   000498                     
  3775                           ; BSR set to: 1
  3776   000498  0E2C               	movlw	44
  3777   00049A  5D73               	subwf	enter_menu@ti0& (0+255),w,b
  3778   00049C  0E01               	movlw	1
  3779   00049E  5974               	subwfb	(enter_menu@ti0+1)& (0+255),w,b
  3780   0004A0  B0D8               	btfsc	status,0,c
  3781   0004A2  EF55  F002         	goto	u3981
  3782   0004A6  EF57  F002         	goto	u3980
  3783   0004AA                     u3981:
  3784   0004AA  EF76  F002         	goto	l4036
  3785   0004AE                     u3980:
  3786   0004AE                     
  3787                           ; BSR set to: 1
  3788                           ;menu.c: 149:    {;menu.c: 150:        ti0 = 0;
  3789   0004AE  0E00               	movlw	0
  3790   0004B0  6F74               	movwf	(enter_menu@ti0+1)& (0+255),b
  3791   0004B2  0E00               	movlw	0
  3792   0004B4  6F73               	movwf	enter_menu@ti0& (0+255),b
  3793                           
  3794                           ;menu.c: 151:        if(count1 == 0 )
  3795   0004B6  5178               	movf	enter_menu@count1& (0+255),w,b
  3796   0004B8  A4D8               	btfss	status,2,c
  3797   0004BA  EF61  F002         	goto	u3991
  3798   0004BE  EF63  F002         	goto	u3990
  3799   0004C2                     u3991:
  3800   0004C2  EF67  F002         	goto	l4026
  3801   0004C6                     u3990:
  3802   0004C6                     
  3803                           ; BSR set to: 1
  3804                           ;menu.c: 152:        {;menu.c: 153:     count1 = 0;
  3805   0004C6  0E00               	movlw	0
  3806   0004C8  6F78               	movwf	enter_menu@count1& (0+255),b
  3807                           
  3808                           ;menu.c: 154:        }
  3809   0004CA  EF70  F002         	goto	l4030
  3810   0004CE                     l4026:
  3811                           
  3812                           ; BSR set to: 1
  3813   0004CE  0568               	decf	enter_menu@fl022& (0+255),w,b
  3814   0004D0  A4D8               	btfss	status,2,c
  3815   0004D2  EF6D  F002         	goto	u4001
  3816   0004D6  EF6F  F002         	goto	u4000
  3817   0004DA                     u4001:
  3818   0004DA  EF70  F002         	goto	l4030
  3819   0004DE                     u4000:
  3820   0004DE                     
  3821                           ; BSR set to: 1
  3822                           ;menu.c: 156:        {;menu.c: 157:     count1--;
  3823   0004DE  0778               	decf	enter_menu@count1& (0+255),f,b
  3824   0004E0                     l4030:
  3825                           
  3826                           ; BSR set to: 1
  3827                           ;menu.c: 159:        fl02 = 1;
  3828   0004E0  0E01               	movlw	1
  3829   0004E2  6F77               	movwf	enter_menu@fl02& (0+255),b
  3830   0004E4                     
  3831                           ; BSR set to: 1
  3832                           ;menu.c: 160:        fl022 = 1;
  3833   0004E4  0E01               	movlw	1
  3834   0004E6  6F68               	movwf	enter_menu@fl022& (0+255),b
  3835   0004E8                     
  3836                           ; BSR set to: 1
  3837                           ;menu.c: 161:        fl021 = 0;
  3838   0004E8  0E00               	movlw	0
  3839   0004EA  6F67               	movwf	enter_menu@fl021& (0+255),b
  3840   0004EC                     l4036:
  3841                           
  3842                           ; BSR set to: 1
  3843                           ;menu.c: 163:    if( long_key == 12 )
  3844   0004EC  0E0C               	movlw	12
  3845   0004EE  1969               	xorwf	enter_menu@long_key& (0+255),w,b
  3846   0004F0  A4D8               	btfss	status,2,c
  3847   0004F2  EF7D  F002         	goto	u4011
  3848   0004F6  EF7F  F002         	goto	u4010
  3849   0004FA                     u4011:
  3850   0004FA  EF9F  F002         	goto	l4048
  3851   0004FE                     u4010:
  3852   0004FE                     
  3853                           ; BSR set to: 1
  3854                           ;menu.c: 164:    {;menu.c: 165:        if( delay0++ == 300 )
  3855   0004FE  4B71               	infsnz	enter_menu@delay0& (0+255),f,b
  3856   000500  2B72               	incf	(enter_menu@delay0+1)& (0+255),f,b
  3857   000502  0E2D               	movlw	45
  3858   000504  1971               	xorwf	enter_menu@delay0& (0+255),w,b
  3859   000506  E106               	bnz	u4021
  3860   000508  0572               	decf	(enter_menu@delay0+1)& (0+255),w,b
  3861   00050A  A4D8               	btfss	status,2,c
  3862   00050C  EF8A  F002         	goto	u4021
  3863   000510  EF8C  F002         	goto	u4020
  3864   000514                     u4021:
  3865   000514  EF8E  F002         	goto	l4044
  3866   000518                     u4020:
  3867   000518  EFA3  F003         	goto	l382
  3868   00051C                     l4044:
  3869                           
  3870                           ; BSR set to: 1
  3871   00051C  0E2D               	movlw	45
  3872   00051E  5D71               	subwf	enter_menu@delay0& (0+255),w,b
  3873   000520  0E01               	movlw	1
  3874   000522  5972               	subwfb	(enter_menu@delay0+1)& (0+255),w,b
  3875   000524  A0D8               	btfss	status,0,c
  3876   000526  EF97  F002         	goto	u4031
  3877   00052A  EF99  F002         	goto	u4030
  3878   00052E                     u4031:
  3879   00052E  EFD3  F002         	goto	l4068
  3880   000532                     u4030:
  3881   000532                     
  3882                           ; BSR set to: 1
  3883                           ;menu.c: 171:        {;menu.c: 172:     delay0 = 301;
  3884   000532  0E01               	movlw	1
  3885   000534  6F72               	movwf	(enter_menu@delay0+1)& (0+255),b
  3886   000536  0E2D               	movlw	45
  3887   000538  6F71               	movwf	enter_menu@delay0& (0+255),b
  3888   00053A  EFD3  F002         	goto	l4068
  3889   00053E                     l4048:
  3890                           
  3891                           ; BSR set to: 1
  3892   00053E  5171               	movf	enter_menu@delay0& (0+255),w,b
  3893   000540  1172               	iorwf	(enter_menu@delay0+1)& (0+255),w,b
  3894   000542  B4D8               	btfsc	status,2,c
  3895   000544  EFA6  F002         	goto	u4041
  3896   000548  EFA8  F002         	goto	u4040
  3897   00054C                     u4041:
  3898   00054C  EFD3  F002         	goto	l4068
  3899   000550                     u4040:
  3900   000550                     
  3901                           ; BSR set to: 1
  3902   000550  0E2C               	movlw	44
  3903   000552  5D71               	subwf	enter_menu@delay0& (0+255),w,b
  3904   000554  0E01               	movlw	1
  3905   000556  5972               	subwfb	(enter_menu@delay0+1)& (0+255),w,b
  3906   000558  B0D8               	btfsc	status,0,c
  3907   00055A  EFB1  F002         	goto	u4051
  3908   00055E  EFB3  F002         	goto	u4050
  3909   000562                     u4051:
  3910   000562  EFD3  F002         	goto	l4068
  3911   000566                     u4050:
  3912   000566                     
  3913                           ; BSR set to: 1
  3914                           ;menu.c: 176:    {;menu.c: 179:        delay0 = 0;
  3915   000566  0E00               	movlw	0
  3916   000568  6F72               	movwf	(enter_menu@delay0+1)& (0+255),b
  3917   00056A  0E00               	movlw	0
  3918   00056C  6F71               	movwf	enter_menu@delay0& (0+255),b
  3919   00056E                     
  3920                           ; BSR set to: 1
  3921                           ;menu.c: 180:        if( count1 == 3 )
  3922   00056E  0E03               	movlw	3
  3923   000570  1978               	xorwf	enter_menu@count1& (0+255),w,b
  3924   000572  A4D8               	btfss	status,2,c
  3925   000574  EFBE  F002         	goto	u4061
  3926   000578  EFC0  F002         	goto	u4060
  3927   00057C                     u4061:
  3928   00057C  EFC4  F002         	goto	l4058
  3929   000580                     u4060:
  3930   000580                     
  3931                           ; BSR set to: 1
  3932                           ;menu.c: 181:        {;menu.c: 182:     count1 = 3;
  3933   000580  0E03               	movlw	3
  3934   000582  6F78               	movwf	enter_menu@count1& (0+255),b
  3935                           
  3936                           ;menu.c: 183:        }
  3937   000584  EFCD  F002         	goto	l4062
  3938   000588                     l4058:
  3939                           
  3940                           ; BSR set to: 1
  3941   000588  0567               	decf	enter_menu@fl021& (0+255),w,b
  3942   00058A  A4D8               	btfss	status,2,c
  3943   00058C  EFCA  F002         	goto	u4071
  3944   000590  EFCC  F002         	goto	u4070
  3945   000594                     u4071:
  3946   000594  EFCD  F002         	goto	l4062
  3947   000598                     u4070:
  3948   000598                     
  3949                           ; BSR set to: 1
  3950                           ;menu.c: 185:        {;menu.c: 186:     count1++;
  3951   000598  2B78               	incf	enter_menu@count1& (0+255),f,b
  3952   00059A                     l4062:
  3953                           
  3954                           ; BSR set to: 1
  3955                           ;menu.c: 188:        fl02 = 0;
  3956   00059A  0E00               	movlw	0
  3957   00059C  6F77               	movwf	enter_menu@fl02& (0+255),b
  3958   00059E                     
  3959                           ; BSR set to: 1
  3960                           ;menu.c: 189:        fl021 = 1;
  3961   00059E  0E01               	movlw	1
  3962   0005A0  6F67               	movwf	enter_menu@fl021& (0+255),b
  3963   0005A2                     
  3964                           ; BSR set to: 1
  3965                           ;menu.c: 190:        fl022 = 0;
  3966   0005A2  0E00               	movlw	0
  3967   0005A4  6F68               	movwf	enter_menu@fl022& (0+255),b
  3968   0005A6                     l4068:
  3969                           
  3970                           ; BSR set to: 1
  3971                           ;menu.c: 192:    clcd_print( menu[count1],(0x80 + (2)) );
  3972   0005A6  5178               	movf	enter_menu@count1& (0+255),w,b
  3973   0005A8  0D10               	mullw	16
  3974   0005AA  0E00               	movlw	low enter_menu@menu
  3975   0005AC  24F3               	addwf	243,w,c
  3976   0005AE  6E07               	movwf	clcd_print@data^0,c
  3977   0005B0  0E01               	movlw	high enter_menu@menu
  3978   0005B2  20F4               	addwfc	prodh,w,c
  3979   0005B4  6E08               	movwf	(clcd_print@data+1)^0,c
  3980   0005B6  0E82               	movlw	130
  3981   0005B8  6E09               	movwf	clcd_print@addr^0,c
  3982   0005BA  EC06  F012         	call	_clcd_print	;wreg free
  3983   0005BE                     
  3984                           ;menu.c: 193:    clcd_print( menu[count1+1],(0xC0 + (2)) );
  3985   0005BE  0101               	movlb	1	; () banked
  3986   0005C0  5178               	movf	enter_menu@count1& (0+255),w,b
  3987   0005C2  6E45               	movwf	??_enter_menu^0,c
  3988   0005C4  6A46               	clrf	(??_enter_menu+1)^0,c
  3989   0005C6  3A45               	swapf	??_enter_menu^0,f,c
  3990   0005C8  3A46               	swapf	(??_enter_menu+1)^0,f,c
  3991   0005CA  0EF0               	movlw	240
  3992   0005CC  1646               	andwf	(??_enter_menu+1)^0,f,c
  3993   0005CE  5045               	movf	??_enter_menu^0,w,c
  3994   0005D0  0B0F               	andlw	15
  3995   0005D2  1246               	iorwf	(??_enter_menu+1)^0,f,c
  3996   0005D4  0EF0               	movlw	240
  3997   0005D6  1645               	andwf	??_enter_menu^0,f,c
  3998   0005D8  0E10               	movlw	16
  3999   0005DA  2645               	addwf	??_enter_menu^0,f,c
  4000   0005DC  0E00               	movlw	0
  4001   0005DE  2246               	addwfc	(??_enter_menu+1)^0,f,c
  4002   0005E0  0E00               	movlw	low enter_menu@menu
  4003   0005E2  2445               	addwf	??_enter_menu^0,w,c
  4004   0005E4  6E07               	movwf	clcd_print@data^0,c
  4005   0005E6  0E01               	movlw	high enter_menu@menu
  4006   0005E8  2046               	addwfc	(??_enter_menu+1)^0,w,c
  4007   0005EA  6E08               	movwf	(clcd_print@data+1)^0,c
  4008   0005EC  0EC2               	movlw	194
  4009   0005EE  6E09               	movwf	clcd_print@addr^0,c
  4010   0005F0  EC06  F012         	call	_clcd_print	;wreg free
  4011   0005F4                     
  4012                           ;menu.c: 194:    if( fl02 == 1 )
  4013   0005F4  0101               	movlb	1	; () banked
  4014   0005F6  0577               	decf	enter_menu@fl02& (0+255),w,b
  4015   0005F8  A4D8               	btfss	status,2,c
  4016   0005FA  EF01  F003         	goto	u4081
  4017   0005FE  EF03  F003         	goto	u4080
  4018   000602                     u4081:
  4019   000602  EF15  F003         	goto	l4076
  4020   000606                     u4080:
  4021   000606                     
  4022                           ; BSR set to: 1
  4023                           ;menu.c: 195:    {;menu.c: 196:        clcd_print( "* ", (0x80 + (0)));
  4024   000606  0E60               	movlw	low (STR_37+14)
  4025   000608  6E07               	movwf	clcd_print@data^0,c
  4026   00060A  0E2F               	movlw	high (STR_37+14)
  4027   00060C  6E08               	movwf	(clcd_print@data+1)^0,c
  4028   00060E  0E80               	movlw	128
  4029   000610  6E09               	movwf	clcd_print@addr^0,c
  4030   000612  EC06  F012         	call	_clcd_print	;wreg free
  4031                           
  4032                           ;menu.c: 197:        clcd_print( "  ", (0xC0 + (0)) );
  4033   000616  0EB5               	movlw	low (STR_2+14)
  4034   000618  6E07               	movwf	clcd_print@data^0,c
  4035   00061A  0E2F               	movlw	high (STR_2+14)
  4036   00061C  6E08               	movwf	(clcd_print@data+1)^0,c
  4037   00061E  0EC0               	movlw	192
  4038   000620  6E09               	movwf	clcd_print@addr^0,c
  4039   000622  EC06  F012         	call	_clcd_print	;wreg free
  4040                           
  4041                           ;menu.c: 198:    }
  4042   000626  EF60  F001         	goto	l3952
  4043   00062A                     l4076:
  4044                           
  4045                           ; BSR set to: 1
  4046                           ;menu.c: 200:    {;menu.c: 201:        clcd_print( "  ", (0x80 + (0)) );
  4047   00062A  0EB5               	movlw	low (STR_2+14)
  4048   00062C  6E07               	movwf	clcd_print@data^0,c
  4049   00062E  0E2F               	movlw	high (STR_2+14)
  4050   000630  6E08               	movwf	(clcd_print@data+1)^0,c
  4051   000632  0E80               	movlw	128
  4052   000634  6E09               	movwf	clcd_print@addr^0,c
  4053   000636  EC06  F012         	call	_clcd_print	;wreg free
  4054                           
  4055                           ;menu.c: 202:        clcd_print( "* ", (0xC0 + (0)) );
  4056   00063A  0E60               	movlw	low (STR_37+14)
  4057   00063C  6E07               	movwf	clcd_print@data^0,c
  4058   00063E  0E2F               	movlw	high (STR_37+14)
  4059   000640  6E08               	movwf	(clcd_print@data+1)^0,c
  4060   000642  0EC0               	movlw	192
  4061   000644  6E09               	movwf	clcd_print@addr^0,c
  4062   000646  EC06  F012         	call	_clcd_print	;wreg free
  4063   00064A  EF60  F001         	goto	l3952
  4064   00064E                     l4078:
  4065                           
  4066                           ; BSR set to: 1
  4067                           ;menu.c: 207:   {;menu.c: 208:       clcd_print("Try again       ",(0xC0 + (0)));
  4068   00064E  0EFD               	movlw	low STR_12
  4069   000650  6E07               	movwf	clcd_print@data^0,c
  4070   000652  0E2E               	movlw	high STR_12
  4071   000654  6E08               	movwf	(clcd_print@data+1)^0,c
  4072   000656  0EC0               	movlw	192
  4073   000658  6E09               	movwf	clcd_print@addr^0,c
  4074   00065A  EC06  F012         	call	_clcd_print	;wreg free
  4075   00065E                     
  4076                           ;menu.c: 209:       if( delay1 ++ == 200 )
  4077   00065E  0101               	movlb	1	; () banked
  4078   000660  4B5D               	infsnz	enter_menu@delay1& (0+255),f,b
  4079   000662  2B5E               	incf	(enter_menu@delay1+1)& (0+255),f,b
  4080   000664  0EC9               	movlw	201
  4081   000666  195D               	xorwf	enter_menu@delay1& (0+255),w,b
  4082   000668  115E               	iorwf	(enter_menu@delay1+1)& (0+255),w,b
  4083   00066A  A4D8               	btfss	status,2,c
  4084   00066C  EF3A  F003         	goto	u4091
  4085   000670  EF3C  F003         	goto	u4090
  4086   000674                     u4091:
  4087   000674  EF40  F003         	goto	l4084
  4088   000678                     u4090:
  4089   000678                     
  4090                           ; BSR set to: 1
  4091                           ;menu.c: 210:       {;menu.c: 211:    delay1=0;
  4092   000678  0E00               	movlw	0
  4093   00067A  6F5E               	movwf	(enter_menu@delay1+1)& (0+255),b
  4094   00067C  0E00               	movlw	0
  4095   00067E  6F5D               	movwf	enter_menu@delay1& (0+255),b
  4096   000680                     l4084:
  4097                           
  4098                           ; BSR set to: 1
  4099                           ;menu.c: 213:       if(tr++==2000 )
  4100   000680  4B61               	infsnz	enter_menu@tr& (0+255),f,b
  4101   000682  2B62               	incf	(enter_menu@tr+1)& (0+255),f,b
  4102   000684  0ED1               	movlw	209
  4103   000686  1961               	xorwf	enter_menu@tr& (0+255),w,b
  4104   000688  E107               	bnz	u4101
  4105   00068A  0E07               	movlw	7
  4106   00068C  1962               	xorwf	(enter_menu@tr+1)& (0+255),w,b
  4107   00068E  A4D8               	btfss	status,2,c
  4108   000690  EF4C  F003         	goto	u4101
  4109   000694  EF4E  F003         	goto	u4100
  4110   000698                     u4101:
  4111   000698  EFA1  F003         	goto	l440
  4112   00069C                     u4100:
  4113   00069C                     
  4114                           ; BSR set to: 1
  4115                           ;menu.c: 214:       {;menu.c: 215:    i=0;
  4116   00069C  0E00               	movlw	0
  4117   00069E  6F70               	movwf	(enter_menu@i+1)& (0+255),b
  4118   0006A0  0E00               	movlw	0
  4119   0006A2  6F6F               	movwf	enter_menu@i& (0+255),b
  4120   0006A4                     
  4121                           ; BSR set to: 1
  4122                           ;menu.c: 216:    clcd_print("                ",(0xC0 + (0)));
  4123   0006A4  0EA7               	movlw	low STR_2
  4124   0006A6  6E07               	movwf	clcd_print@data^0,c
  4125   0006A8  0E2F               	movlw	high STR_2
  4126   0006AA  6E08               	movwf	(clcd_print@data+1)^0,c
  4127   0006AC  0EC0               	movlw	192
  4128   0006AE  6E09               	movwf	clcd_print@addr^0,c
  4129   0006B0  EC06  F012         	call	_clcd_print	;wreg free
  4130   0006B4                     
  4131                           ;menu.c: 217:    input++;
  4132   0006B4  0101               	movlb	1	; () banked
  4133   0006B6  4B5F               	infsnz	enter_menu@input& (0+255),f,b
  4134   0006B8  2B60               	incf	(enter_menu@input+1)& (0+255),f,b
  4135   0006BA                     
  4136                           ; BSR set to: 1
  4137                           ;menu.c: 219:    len=6;
  4138   0006BA  0E00               	movlw	0
  4139   0006BC  6F76               	movwf	(enter_menu@len+1)& (0+255),b
  4140   0006BE  0E06               	movlw	6
  4141   0006C0  6F75               	movwf	enter_menu@len& (0+255),b
  4142   0006C2                     
  4143                           ; BSR set to: 1
  4144                           ;menu.c: 220:    count=0;
  4145   0006C2  0E00               	movlw	0
  4146   0006C4  6F64               	movwf	(enter_menu@count+1)& (0+255),b
  4147   0006C6  0E00               	movlw	0
  4148   0006C8  6F63               	movwf	enter_menu@count& (0+255),b
  4149   0006CA                     
  4150                           ; BSR set to: 1
  4151                           ;menu.c: 221:    blink=0;
  4152   0006CA  0E00               	movlw	0
  4153   0006CC  6F6B               	movwf	(enter_menu@blink+1)& (0+255),b
  4154   0006CE  0E00               	movlw	0
  4155   0006D0  6F6A               	movwf	enter_menu@blink& (0+255),b
  4156   0006D2                     
  4157                           ; BSR set to: 1
  4158                           ;menu.c: 222:    tr=0;
  4159   0006D2  0E00               	movlw	0
  4160   0006D4  6F62               	movwf	(enter_menu@tr+1)& (0+255),b
  4161   0006D6  0E00               	movlw	0
  4162   0006D8  6F61               	movwf	enter_menu@tr& (0+255),b
  4163   0006DA                     
  4164                           ; BSR set to: 1
  4165                           ;menu.c: 223:    pos = 0;
  4166   0006DA  0E00               	movlw	0
  4167   0006DC  6F6D               	movwf	(enter_menu@pos+1)& (0+255),b
  4168   0006DE  0E00               	movlw	0
  4169   0006E0  6F6C               	movwf	enter_menu@pos& (0+255),b
  4170   0006E2  EF83  F000         	goto	l3896
  4171   0006E6                     l4104:
  4172                           
  4173                           ; BSR set to: 1
  4174                           ;menu.c: 229:  {;menu.c: 230:      clcd_print("TRY AGAIN AFTER",(0x80 + (0)));
  4175   0006E6  0ED8               	movlw	low STR_14
  4176   0006E8  6E07               	movwf	clcd_print@data^0,c
  4177   0006EA  0E2F               	movlw	high STR_14
  4178   0006EC  6E08               	movwf	(clcd_print@data+1)^0,c
  4179   0006EE  0E80               	movlw	128
  4180   0006F0  6E09               	movwf	clcd_print@addr^0,c
  4181   0006F2  EC06  F012         	call	_clcd_print	;wreg free
  4182                           
  4183                           ;menu.c: 231:      clcd_print("     3 MIN     ",(0xC0 + (0)));
  4184   0006F6  0EC8               	movlw	low STR_15
  4185   0006F8  6E07               	movwf	clcd_print@data^0,c
  4186   0006FA  0E2F               	movlw	high STR_15
  4187   0006FC  6E08               	movwf	(clcd_print@data+1)^0,c
  4188   0006FE  0EC0               	movlw	192
  4189   000700  6E09               	movwf	clcd_print@addr^0,c
  4190   000702  EC06  F012         	call	_clcd_print	;wreg free
  4191   000706                     
  4192                           ;menu.c: 232:      for(unsigned long u = 5000000 ; u-- ;);
  4193   000706  0E40               	movlw	64
  4194   000708  0101               	movlb	1	; () banked
  4195   00070A  6F59               	movwf	enter_menu@u& (0+255),b
  4196   00070C  0E4B               	movlw	75
  4197   00070E  6F5A               	movwf	(enter_menu@u+1)& (0+255),b
  4198   000710  0E4C               	movlw	76
  4199   000712  6F5B               	movwf	(enter_menu@u+2)& (0+255),b
  4200   000714  0E00               	movlw	0
  4201   000716  6F5C               	movwf	(enter_menu@u+3)& (0+255),b
  4202   000718                     l4108:
  4203                           
  4204                           ; BSR set to: 1
  4205   000718  0759               	decf	enter_menu@u& (0+255),f,b
  4206   00071A  0E00               	movlw	0
  4207   00071C  5B5A               	subwfb	(enter_menu@u+1)& (0+255),f,b
  4208   00071E  5B5B               	subwfb	(enter_menu@u+2)& (0+255),f,b
  4209   000720  5B5C               	subwfb	(enter_menu@u+3)& (0+255),f,b
  4210   000722  2959               	incf	enter_menu@u& (0+255),w,b
  4211   000724  E10A               	bnz	u4111
  4212   000726  295A               	incf	(enter_menu@u+1)& (0+255),w,b
  4213   000728  E108               	bnz	u4111
  4214   00072A  295B               	incf	(enter_menu@u+2)& (0+255),w,b
  4215   00072C  E106               	bnz	u4111
  4216   00072E  295C               	incf	(enter_menu@u+3)& (0+255),w,b
  4217   000730  A4D8               	btfss	status,2,c
  4218   000732  EF9D  F003         	goto	u4111
  4219   000736  EF9F  F003         	goto	u4110
  4220   00073A                     u4111:
  4221   00073A  EF8C  F003         	goto	l4108
  4222   00073E                     u4110:
  4223   00073E  EFA3  F003         	goto	l382
  4224   000742                     l440:
  4225                           
  4226                           ; BSR set to: 1
  4227   000742  EF83  F000         	goto	l3896
  4228   000746                     l382:
  4229                           
  4230                           ; BSR set to: 1
  4231   000746  0012               	return		;funcret
  4232   000748                     __end_of_enter_menu:
  4233                           	callstack 0
  4234                           
  4235 ;; *************** function _view_log *****************
  4236 ;; Defined at:
  4237 ;;		line 238 in file "menu.c"
  4238 ;; Parameters:    Size  Location     Type
  4239 ;;		None
  4240 ;; Auto vars:     Size  Location     Type
  4241 ;;  i               2   43[COMRAM] int 
  4242 ;;  i               2   41[COMRAM] int 
  4243 ;;  addr1           4   54[COMRAM] unsigned long 
  4244 ;;  ti2             4   50[COMRAM] unsigned long 
  4245 ;;  ti21            4   45[COMRAM] unsigned long 
  4246 ;;  pos             1   49[COMRAM] unsigned char 
  4247 ;;  key1            1   40[COMRAM] unsigned char 
  4248 ;; Return value:  Size  Location     Type
  4249 ;;                  1    wreg      void 
  4250 ;; Registers used:
  4251 ;;		wreg, fsr0l, fsr0h, status,2, status,0, tblptrl, tblptrh, tblptru, prodl, prodh, cstack
  4252 ;; Tracked objects:
  4253 ;;		On entry : 0/0
  4254 ;;		On exit  : 0/0
  4255 ;;		Unchanged: 0/0
  4256 ;; Data sizes:     COMRAM   BANK0   BANK1   BANK2   BANK3   BANK4   BANK5
  4257 ;;      Params:         0       0       0       0       0       0       0
  4258 ;;      Locals:        18       0       0       0       0       0       0
  4259 ;;      Temps:          4       0       0       0       0       0       0
  4260 ;;      Totals:        22       0       0       0       0       0       0
  4261 ;;Total ram usage:       22 bytes
  4262 ;; Hardware stack levels used: 1
  4263 ;; Hardware stack levels required when called: 5
  4264 ;; This function calls:
  4265 ;;		___wmul
  4266 ;;		_clcd_print
  4267 ;;		_clcd_putch
  4268 ;;		_read_eeprom
  4269 ;;		_read_switches
  4270 ;; This function is called by:
  4271 ;;		_enter_menu
  4272 ;; This function uses a non-reentrant model
  4273 ;;
  4274                           
  4275                           	psect	text13
  4276   001462                     __ptext13:
  4277                           	callstack 0
  4278   001462                     _view_log:
  4279                           	callstack 24
  4280   001462                     
  4281                           ;menu.c: 240:     clcd_print("                ", (0xC0 + (0)) );
  4282   001462  0EA7               	movlw	low STR_2
  4283   001464  6E07               	movwf	clcd_print@data^0,c
  4284   001466  0E2F               	movlw	high STR_2
  4285   001468  6E08               	movwf	(clcd_print@data+1)^0,c
  4286   00146A  0EC0               	movlw	192
  4287   00146C  6E09               	movwf	clcd_print@addr^0,c
  4288   00146E  EC06  F012         	call	_clcd_print	;wreg free
  4289                           
  4290                           ;menu.c: 241:     clcd_print("                ", (0x80 + (0)) );
  4291   001472  0EA7               	movlw	low STR_2
  4292   001474  6E07               	movwf	clcd_print@data^0,c
  4293   001476  0E2F               	movlw	high STR_2
  4294   001478  6E08               	movwf	(clcd_print@data+1)^0,c
  4295   00147A  0E80               	movlw	128
  4296   00147C  6E09               	movwf	clcd_print@addr^0,c
  4297   00147E  EC06  F012         	call	_clcd_print	;wreg free
  4298   001482                     
  4299                           ;menu.c: 242:     unsigned char key1;;menu.c: 243:     unsigned char pos = '0';
  4300   001482  0E30               	movlw	48
  4301   001484  6E32               	movwf	view_log@pos^0,c
  4302   001486                     
  4303                           ;menu.c: 244:     unsigned long ti2 = 0;
  4304   001486  0E00               	movlw	0
  4305   001488  6E33               	movwf	view_log@ti2^0,c
  4306   00148A  0E00               	movlw	0
  4307   00148C  6E34               	movwf	(view_log@ti2+1)^0,c
  4308   00148E  0E00               	movlw	0
  4309   001490  6E35               	movwf	(view_log@ti2+2)^0,c
  4310   001492  0E00               	movlw	0
  4311   001494  6E36               	movwf	(view_log@ti2+3)^0,c
  4312   001496                     
  4313                           ;menu.c: 245:     unsigned long ti21 = 0;
  4314   001496  0E00               	movlw	0
  4315   001498  6E2E               	movwf	view_log@ti21^0,c
  4316   00149A  0E00               	movlw	0
  4317   00149C  6E2F               	movwf	(view_log@ti21+1)^0,c
  4318   00149E  0E00               	movlw	0
  4319   0014A0  6E30               	movwf	(view_log@ti21+2)^0,c
  4320   0014A2  0E00               	movlw	0
  4321   0014A4  6E31               	movwf	(view_log@ti21+3)^0,c
  4322   0014A6                     
  4323                           ;menu.c: 246:     unsigned long addr1 = 0;
  4324   0014A6  0E00               	movlw	0
  4325   0014A8  6E37               	movwf	view_log@addr1^0,c
  4326   0014AA  0E00               	movlw	0
  4327   0014AC  6E38               	movwf	(view_log@addr1+1)^0,c
  4328   0014AE  0E00               	movlw	0
  4329   0014B0  6E39               	movwf	(view_log@addr1+2)^0,c
  4330   0014B2  0E00               	movlw	0
  4331   0014B4  6E3A               	movwf	(view_log@addr1+3)^0,c
  4332                           
  4333                           ;menu.c: 247:     clcd_print("Logs:           ", (0x80 + (0)));
  4334   0014B6  0EEC               	movlw	low STR_18
  4335   0014B8  6E07               	movwf	clcd_print@data^0,c
  4336   0014BA  0E2E               	movlw	high STR_18
  4337   0014BC  6E08               	movwf	(clcd_print@data+1)^0,c
  4338   0014BE  0E80               	movlw	128
  4339   0014C0  6E09               	movwf	clcd_print@addr^0,c
  4340   0014C2  EC06  F012         	call	_clcd_print	;wreg free
  4341   0014C6                     
  4342                           ;menu.c: 248:     clcd_putch( pos, (0xC0 + (0)) );
  4343   0014C6  0EC0               	movlw	192
  4344   0014C8  6E23               	movwf	clcd_putch@addr^0,c
  4345   0014CA  0E30               	movlw	48
  4346   0014CC  EC81  F014         	call	_clcd_putch
  4347   0014D0                     
  4348                           ;menu.c: 249:     if( event > 10)
  4349   0014D0  5054               	movf	(_event+1)^0,w,c
  4350   0014D2  E109               	bnz	u2520
  4351   0014D4  0E0B               	movlw	11
  4352   0014D6  5C53               	subwf	_event^0,w,c
  4353   0014D8  A0D8               	btfss	status,0,c
  4354   0014DA  EF71  F00A         	goto	u2521
  4355   0014DE  EF73  F00A         	goto	u2520
  4356   0014E2                     u2521:
  4357   0014E2  EF77  F00A         	goto	l448
  4358   0014E6                     u2520:
  4359   0014E6                     
  4360                           ;menu.c: 250:     {;menu.c: 251:  event = 10;
  4361   0014E6  0E00               	movlw	0
  4362   0014E8  6E54               	movwf	(_event+1)^0,c
  4363   0014EA  0E0A               	movlw	10
  4364   0014EC  6E53               	movwf	_event^0,c
  4365   0014EE                     l448:
  4366                           
  4367                           ;menu.c: 253:     for( int i = 0; i < 14 ; i++ )
  4368   0014EE  0E00               	movlw	0
  4369   0014F0  6E2B               	movwf	(view_log@i+1)^0,c
  4370   0014F2  0E00               	movlw	0
  4371   0014F4  6E2A               	movwf	view_log@i^0,c
  4372   0014F6                     l3168:
  4373                           
  4374                           ;menu.c: 254:     {;menu.c: 255:  clcd_putch( read_eeprom(addr1+i),(0xC0 + (i+2)) );
  4375   0014F6  502A               	movf	view_log@i^0,w,c
  4376   0014F8  0FC2               	addlw	194
  4377   0014FA  6E23               	movwf	clcd_putch@addr^0,c
  4378   0014FC  502A               	movf	view_log@i^0,w,c
  4379   0014FE  2437               	addwf	view_log@addr1^0,w,c
  4380   001500  EC2D  F014         	call	_read_eeprom
  4381   001504  EC81  F014         	call	_clcd_putch
  4382   001508                     
  4383                           ;menu.c: 256:     }
  4384   001508  4A2A               	infsnz	view_log@i^0,f,c
  4385   00150A  2A2B               	incf	(view_log@i+1)^0,f,c
  4386   00150C  BE2B               	btfsc	(view_log@i+1)^0,7,c
  4387   00150E  EF92  F00A         	goto	u2531
  4388   001512  502B               	movf	(view_log@i+1)^0,w,c
  4389   001514  E109               	bnz	u2530
  4390   001516  0E0E               	movlw	14
  4391   001518  5C2A               	subwf	view_log@i^0,w,c
  4392   00151A  A0D8               	btfss	status,0,c
  4393   00151C  EF92  F00A         	goto	u2531
  4394   001520  EF94  F00A         	goto	u2530
  4395   001524                     u2531:
  4396   001524  EF7B  F00A         	goto	l3168
  4397   001528                     u2530:
  4398   001528                     l3174:
  4399                           
  4400                           ;menu.c: 258:     {;menu.c: 259:  key1 = read_switches(0);
  4401   001528  0E00               	movlw	0
  4402   00152A  EC93  F011         	call	_read_switches
  4403   00152E  6E29               	movwf	view_log@key1^0,c
  4404   001530                     
  4405                           ;menu.c: 260:  if( event == 0 )
  4406   001530  5053               	movf	_event^0,w,c
  4407   001532  1054               	iorwf	(_event+1)^0,w,c
  4408   001534  A4D8               	btfss	status,2,c
  4409   001536  EF9F  F00A         	goto	u2541
  4410   00153A  EFA1  F00A         	goto	u2540
  4411   00153E                     u2541:
  4412   00153E  EFBF  F00A         	goto	l3186
  4413   001542                     u2540:
  4414   001542                     
  4415                           ;menu.c: 261:  {;menu.c: 262:      clcd_print("   Logs Empty   ",(0xC0 + (0)));
  4416   001542  0E41               	movlw	low STR_19
  4417   001544  6E07               	movwf	clcd_print@data^0,c
  4418   001546  0E2F               	movlw	high STR_19
  4419   001548  6E08               	movwf	(clcd_print@data+1)^0,c
  4420   00154A  0EC0               	movlw	192
  4421   00154C  6E09               	movwf	clcd_print@addr^0,c
  4422   00154E  EC06  F012         	call	_clcd_print	;wreg free
  4423   001552                     
  4424                           ;menu.c: 263:      if( ti2++ == 1000 )
  4425   001552  0E01               	movlw	1
  4426   001554  2633               	addwf	view_log@ti2^0,f,c
  4427   001556  0E00               	movlw	0
  4428   001558  2234               	addwfc	(view_log@ti2+1)^0,f,c
  4429   00155A  2235               	addwfc	(view_log@ti2+2)^0,f,c
  4430   00155C  2236               	addwfc	(view_log@ti2+3)^0,f,c
  4431   00155E  0EE9               	movlw	233
  4432   001560  1833               	xorwf	view_log@ti2^0,w,c
  4433   001562  E109               	bnz	u2551
  4434   001564  0E03               	movlw	3
  4435   001566  1834               	xorwf	(view_log@ti2+1)^0,w,c
  4436   001568  1035               	iorwf	(view_log@ti2+2)^0,w,c
  4437   00156A  1036               	iorwf	(view_log@ti2+3)^0,w,c
  4438   00156C  A4D8               	btfss	status,2,c
  4439   00156E  EFBB  F00A         	goto	u2551
  4440   001572  EFBD  F00A         	goto	u2550
  4441   001576                     u2551:
  4442   001576  EF94  F00A         	goto	l3174
  4443   00157A                     u2550:
  4444   00157A                     l3182:
  4445   00157A  EFFB  F00B         	goto	l454
  4446   00157E                     l3186:
  4447                           
  4448                           ;menu.c: 270:  {;menu.c: 271:      if( key1 == 12 )
  4449   00157E  0E0C               	movlw	12
  4450   001580  1829               	xorwf	view_log@key1^0,w,c
  4451   001582  A4D8               	btfss	status,2,c
  4452   001584  EFC6  F00A         	goto	u2561
  4453   001588  EFC8  F00A         	goto	u2560
  4454   00158C                     u2561:
  4455   00158C  EFF5  F00A         	goto	l3200
  4456   001590                     u2560:
  4457   001590                     
  4458                           ;menu.c: 272:      {;menu.c: 273:   if( ti2++ == 300 )
  4459   001590  0E01               	movlw	1
  4460   001592  2633               	addwf	view_log@ti2^0,f,c
  4461   001594  0E00               	movlw	0
  4462   001596  2234               	addwfc	(view_log@ti2+1)^0,f,c
  4463   001598  2235               	addwfc	(view_log@ti2+2)^0,f,c
  4464   00159A  2236               	addwfc	(view_log@ti2+3)^0,f,c
  4465   00159C  0E2D               	movlw	45
  4466   00159E  1833               	xorwf	view_log@ti2^0,w,c
  4467   0015A0  E108               	bnz	u2571
  4468   0015A2  0434               	decf	(view_log@ti2+1)^0,w,c
  4469   0015A4  1035               	iorwf	(view_log@ti2+2)^0,w,c
  4470   0015A6  1036               	iorwf	(view_log@ti2+3)^0,w,c
  4471   0015A8  A4D8               	btfss	status,2,c
  4472   0015AA  EFD9  F00A         	goto	u2571
  4473   0015AE  EFDB  F00A         	goto	u2570
  4474   0015B2                     u2571:
  4475   0015B2  EFDD  F00A         	goto	l3196
  4476   0015B6                     u2570:
  4477   0015B6  EFBD  F00A         	goto	l3182
  4478   0015BA                     l3196:
  4479   0015BA  5036               	movf	(view_log@ti2+3)^0,w,c
  4480   0015BC  1035               	iorwf	(view_log@ti2+2)^0,w,c
  4481   0015BE  E10B               	bnz	u2580
  4482   0015C0  0E2D               	movlw	45
  4483   0015C2  5C33               	subwf	view_log@ti2^0,w,c
  4484   0015C4  0E01               	movlw	1
  4485   0015C6  5834               	subwfb	(view_log@ti2+1)^0,w,c
  4486   0015C8  A0D8               	btfss	status,0,c
  4487   0015CA  EFE9  F00A         	goto	u2581
  4488   0015CE  EFEB  F00A         	goto	u2580
  4489   0015D2                     u2581:
  4490   0015D2  EF53  F00B         	goto	l3216
  4491   0015D6                     u2580:
  4492   0015D6                     
  4493                           ;menu.c: 279:   {;menu.c: 280:       ti2 = 301;
  4494   0015D6  0E2D               	movlw	45
  4495   0015D8  6E33               	movwf	view_log@ti2^0,c
  4496   0015DA  0E01               	movlw	1
  4497   0015DC  6E34               	movwf	(view_log@ti2+1)^0,c
  4498   0015DE  0E00               	movlw	0
  4499   0015E0  6E35               	movwf	(view_log@ti2+2)^0,c
  4500   0015E2  0E00               	movlw	0
  4501   0015E4  6E36               	movwf	(view_log@ti2+3)^0,c
  4502   0015E6  EF53  F00B         	goto	l3216
  4503   0015EA                     l3200:
  4504   0015EA  5033               	movf	view_log@ti2^0,w,c
  4505   0015EC  1034               	iorwf	(view_log@ti2+1)^0,w,c
  4506   0015EE  1035               	iorwf	(view_log@ti2+2)^0,w,c
  4507   0015F0  1036               	iorwf	(view_log@ti2+3)^0,w,c
  4508   0015F2  B4D8               	btfsc	status,2,c
  4509   0015F4  EFFE  F00A         	goto	u2591
  4510   0015F8  EF00  F00B         	goto	u2590
  4511   0015FC                     u2591:
  4512   0015FC  EF53  F00B         	goto	l3216
  4513   001600                     u2590:
  4514   001600  5036               	movf	(view_log@ti2+3)^0,w,c
  4515   001602  1035               	iorwf	(view_log@ti2+2)^0,w,c
  4516   001604  E109               	bnz	u2601
  4517   001606  0E2C               	movlw	44
  4518   001608  5C33               	subwf	view_log@ti2^0,w,c
  4519   00160A  0E01               	movlw	1
  4520   00160C  5834               	subwfb	(view_log@ti2+1)^0,w,c
  4521   00160E  B0D8               	btfsc	status,0,c
  4522   001610  EF0C  F00B         	goto	u2601
  4523   001614  EF0E  F00B         	goto	u2600
  4524   001618                     u2601:
  4525   001618  EF53  F00B         	goto	l3216
  4526   00161C                     u2600:
  4527   00161C                     
  4528                           ;menu.c: 284:      {;menu.c: 285:   ti2 = 0;
  4529   00161C  0E00               	movlw	0
  4530   00161E  6E33               	movwf	view_log@ti2^0,c
  4531   001620  0E00               	movlw	0
  4532   001622  6E34               	movwf	(view_log@ti2+1)^0,c
  4533   001624  0E00               	movlw	0
  4534   001626  6E35               	movwf	(view_log@ti2+2)^0,c
  4535   001628  0E00               	movlw	0
  4536   00162A  6E36               	movwf	(view_log@ti2+3)^0,c
  4537   00162C                     
  4538                           ;menu.c: 286:   if( pos == (event+'0'-1) )
  4539   00162C  5032               	movf	view_log@pos^0,w,c
  4540   00162E  6E25               	movwf	??_view_log^0,c
  4541   001630  6A26               	clrf	(??_view_log+1)^0,c
  4542   001632  0E2F               	movlw	47
  4543   001634  2453               	addwf	_event^0,w,c
  4544   001636  6E27               	movwf	(??_view_log+2)^0,c
  4545   001638  0E00               	movlw	0
  4546   00163A  2054               	addwfc	(_event+1)^0,w,c
  4547   00163C  6E28               	movwf	(??_view_log+3)^0,c
  4548   00163E  5025               	movf	??_view_log^0,w,c
  4549   001640  1827               	xorwf	(??_view_log+2)^0,w,c
  4550   001642  E107               	bnz	u2611
  4551   001644  5026               	movf	(??_view_log+1)^0,w,c
  4552   001646  1828               	xorwf	(??_view_log+3)^0,w,c
  4553   001648  A4D8               	btfss	status,2,c
  4554   00164A  EF29  F00B         	goto	u2611
  4555   00164E  EF2B  F00B         	goto	u2610
  4556   001652                     u2611:
  4557   001652  EF46  F00B         	goto	l3212
  4558   001656                     u2610:
  4559   001656                     
  4560                           ;menu.c: 287:   {;menu.c: 288:       pos = (event + '0'-1);
  4561   001656  5053               	movf	_event^0,w,c
  4562   001658  0F2F               	addlw	47
  4563   00165A  6E32               	movwf	view_log@pos^0,c
  4564   00165C                     
  4565                           ;menu.c: 289:       addr1 = (event * 14)-14;
  4566   00165C  C053  F001         	movff	_event,___wmul@multiplier
  4567   001660  C054  F002         	movff	_event+1,___wmul@multiplier+1
  4568   001664  0E00               	movlw	0
  4569   001666  6E04               	movwf	(___wmul@multiplicand+1)^0,c
  4570   001668  0E0E               	movlw	14
  4571   00166A  6E03               	movwf	___wmul@multiplicand^0,c
  4572   00166C  EC42  F014         	call	___wmul	;wreg free
  4573   001670  0EF2               	movlw	242
  4574   001672  2401               	addwf	?___wmul^0,w,c
  4575   001674  6E25               	movwf	??_view_log^0,c
  4576   001676  0EFF               	movlw	255
  4577   001678  2002               	addwfc	(?___wmul+1)^0,w,c
  4578   00167A  6E26               	movwf	(??_view_log+1)^0,c
  4579   00167C  C025  F037         	movff	??_view_log,view_log@addr1
  4580   001680  C026  F038         	movff	??_view_log+1,view_log@addr1+1
  4581   001684  6A39               	clrf	(view_log@addr1+2)^0,c
  4582   001686  6A3A               	clrf	(view_log@addr1+3)^0,c
  4583                           
  4584                           ;menu.c: 290:   }
  4585   001688  EF53  F00B         	goto	l3216
  4586   00168C                     l3212:
  4587                           
  4588                           ;menu.c: 292:   {;menu.c: 293:       pos++;
  4589   00168C  2A32               	incf	view_log@pos^0,f,c
  4590   00168E                     
  4591                           ;menu.c: 294:       addr1 = addr1 + 14;
  4592   00168E  0E0E               	movlw	14
  4593   001690  2437               	addwf	view_log@addr1^0,w,c
  4594   001692  6E37               	movwf	view_log@addr1^0,c
  4595   001694  0E00               	movlw	0
  4596   001696  2038               	addwfc	(view_log@addr1+1)^0,w,c
  4597   001698  6E38               	movwf	(view_log@addr1+1)^0,c
  4598   00169A  0E00               	movlw	0
  4599   00169C  2039               	addwfc	(view_log@addr1+2)^0,w,c
  4600   00169E  6E39               	movwf	(view_log@addr1+2)^0,c
  4601   0016A0  0E00               	movlw	0
  4602   0016A2  203A               	addwfc	(view_log@addr1+3)^0,w,c
  4603   0016A4  6E3A               	movwf	(view_log@addr1+3)^0,c
  4604   0016A6                     l3216:
  4605                           
  4606                           ;menu.c: 297:      if( key1 == 11 )
  4607   0016A6  0E0B               	movlw	11
  4608   0016A8  1829               	xorwf	view_log@key1^0,w,c
  4609   0016AA  A4D8               	btfss	status,2,c
  4610   0016AC  EF5A  F00B         	goto	u2621
  4611   0016B0  EF5C  F00B         	goto	u2620
  4612   0016B4                     u2621:
  4613   0016B4  EF89  F00B         	goto	l3226
  4614   0016B8                     u2620:
  4615   0016B8                     
  4616                           ;menu.c: 298:      {;menu.c: 299:   if( ti21++ == 500 )
  4617   0016B8  0E01               	movlw	1
  4618   0016BA  262E               	addwf	view_log@ti21^0,f,c
  4619   0016BC  0E00               	movlw	0
  4620   0016BE  222F               	addwfc	(view_log@ti21+1)^0,f,c
  4621   0016C0  2230               	addwfc	(view_log@ti21+2)^0,f,c
  4622   0016C2  2231               	addwfc	(view_log@ti21+3)^0,f,c
  4623   0016C4  0EF5               	movlw	245
  4624   0016C6  182E               	xorwf	view_log@ti21^0,w,c
  4625   0016C8  E108               	bnz	u2631
  4626   0016CA  042F               	decf	(view_log@ti21+1)^0,w,c
  4627   0016CC  1030               	iorwf	(view_log@ti21+2)^0,w,c
  4628   0016CE  1031               	iorwf	(view_log@ti21+3)^0,w,c
  4629   0016D0  A4D8               	btfss	status,2,c
  4630   0016D2  EF6D  F00B         	goto	u2631
  4631   0016D6  EF6F  F00B         	goto	u2630
  4632   0016DA                     u2631:
  4633   0016DA  EF71  F00B         	goto	l3222
  4634   0016DE                     u2630:
  4635   0016DE  EFD7  F00B         	goto	l3242
  4636   0016E2                     l3222:
  4637   0016E2  5031               	movf	(view_log@ti21+3)^0,w,c
  4638   0016E4  1030               	iorwf	(view_log@ti21+2)^0,w,c
  4639   0016E6  E10B               	bnz	u2640
  4640   0016E8  0EF5               	movlw	245
  4641   0016EA  5C2E               	subwf	view_log@ti21^0,w,c
  4642   0016EC  0E01               	movlw	1
  4643   0016EE  582F               	subwfb	(view_log@ti21+1)^0,w,c
  4644   0016F0  A0D8               	btfss	status,0,c
  4645   0016F2  EF7D  F00B         	goto	u2641
  4646   0016F6  EF7F  F00B         	goto	u2640
  4647   0016FA                     u2641:
  4648   0016FA  EFD7  F00B         	goto	l3242
  4649   0016FE                     u2640:
  4650   0016FE                     
  4651                           ;menu.c: 303:   {;menu.c: 304:       ti21 = 501;
  4652   0016FE  0EF5               	movlw	245
  4653   001700  6E2E               	movwf	view_log@ti21^0,c
  4654   001702  0E01               	movlw	1
  4655   001704  6E2F               	movwf	(view_log@ti21+1)^0,c
  4656   001706  0E00               	movlw	0
  4657   001708  6E30               	movwf	(view_log@ti21+2)^0,c
  4658   00170A  0E00               	movlw	0
  4659   00170C  6E31               	movwf	(view_log@ti21+3)^0,c
  4660   00170E  EFD7  F00B         	goto	l3242
  4661   001712                     l3226:
  4662   001712  502E               	movf	view_log@ti21^0,w,c
  4663   001714  102F               	iorwf	(view_log@ti21+1)^0,w,c
  4664   001716  1030               	iorwf	(view_log@ti21+2)^0,w,c
  4665   001718  1031               	iorwf	(view_log@ti21+3)^0,w,c
  4666   00171A  B4D8               	btfsc	status,2,c
  4667   00171C  EF92  F00B         	goto	u2651
  4668   001720  EF94  F00B         	goto	u2650
  4669   001724                     u2651:
  4670   001724  EFD7  F00B         	goto	l3242
  4671   001728                     u2650:
  4672   001728  5031               	movf	(view_log@ti21+3)^0,w,c
  4673   00172A  1030               	iorwf	(view_log@ti21+2)^0,w,c
  4674   00172C  E109               	bnz	u2661
  4675   00172E  0EF4               	movlw	244
  4676   001730  5C2E               	subwf	view_log@ti21^0,w,c
  4677   001732  0E01               	movlw	1
  4678   001734  582F               	subwfb	(view_log@ti21+1)^0,w,c
  4679   001736  B0D8               	btfsc	status,0,c
  4680   001738  EFA0  F00B         	goto	u2661
  4681   00173C  EFA2  F00B         	goto	u2660
  4682   001740                     u2661:
  4683   001740  EFD7  F00B         	goto	l3242
  4684   001744                     u2660:
  4685   001744                     
  4686                           ;menu.c: 308:      {;menu.c: 309:   ti21 = 0;
  4687   001744  0E00               	movlw	0
  4688   001746  6E2E               	movwf	view_log@ti21^0,c
  4689   001748  0E00               	movlw	0
  4690   00174A  6E2F               	movwf	(view_log@ti21+1)^0,c
  4691   00174C  0E00               	movlw	0
  4692   00174E  6E30               	movwf	(view_log@ti21+2)^0,c
  4693   001750  0E00               	movlw	0
  4694   001752  6E31               	movwf	(view_log@ti21+3)^0,c
  4695   001754                     
  4696                           ;menu.c: 310:   if( pos == '0' && addr1 == 0 )
  4697   001754  0E30               	movlw	48
  4698   001756  1832               	xorwf	view_log@pos^0,w,c
  4699   001758  A4D8               	btfss	status,2,c
  4700   00175A  EFB1  F00B         	goto	u2671
  4701   00175E  EFB3  F00B         	goto	u2670
  4702   001762                     u2671:
  4703   001762  EFCA  F00B         	goto	l3238
  4704   001766                     u2670:
  4705   001766  5037               	movf	view_log@addr1^0,w,c
  4706   001768  1038               	iorwf	(view_log@addr1+1)^0,w,c
  4707   00176A  1039               	iorwf	(view_log@addr1+2)^0,w,c
  4708   00176C  103A               	iorwf	(view_log@addr1+3)^0,w,c
  4709   00176E  A4D8               	btfss	status,2,c
  4710   001770  EFBC  F00B         	goto	u2681
  4711   001774  EFBE  F00B         	goto	u2680
  4712   001778                     u2681:
  4713   001778  EFCA  F00B         	goto	l3238
  4714   00177C                     u2680:
  4715   00177C                     
  4716                           ;menu.c: 311:   {;menu.c: 312:       pos = '0';
  4717   00177C  0E30               	movlw	48
  4718   00177E  6E32               	movwf	view_log@pos^0,c
  4719                           
  4720                           ;menu.c: 313:       addr1 = 0;
  4721   001780  0E00               	movlw	0
  4722   001782  6E37               	movwf	view_log@addr1^0,c
  4723   001784  0E00               	movlw	0
  4724   001786  6E38               	movwf	(view_log@addr1+1)^0,c
  4725   001788  0E00               	movlw	0
  4726   00178A  6E39               	movwf	(view_log@addr1+2)^0,c
  4727   00178C  0E00               	movlw	0
  4728   00178E  6E3A               	movwf	(view_log@addr1+3)^0,c
  4729                           
  4730                           ;menu.c: 314:   }
  4731   001790  EFD7  F00B         	goto	l3242
  4732   001794                     l3238:
  4733                           
  4734                           ;menu.c: 316:   {;menu.c: 317:       pos--;
  4735   001794  0632               	decf	view_log@pos^0,f,c
  4736   001796                     
  4737                           ;menu.c: 318:       addr1 = addr1 - 14;
  4738   001796  0EF2               	movlw	242
  4739   001798  2437               	addwf	view_log@addr1^0,w,c
  4740   00179A  6E37               	movwf	view_log@addr1^0,c
  4741   00179C  0EFF               	movlw	255
  4742   00179E  2038               	addwfc	(view_log@addr1+1)^0,w,c
  4743   0017A0  6E38               	movwf	(view_log@addr1+1)^0,c
  4744   0017A2  0EFF               	movlw	255
  4745   0017A4  2039               	addwfc	(view_log@addr1+2)^0,w,c
  4746   0017A6  6E39               	movwf	(view_log@addr1+2)^0,c
  4747   0017A8  0EFF               	movlw	255
  4748   0017AA  203A               	addwfc	(view_log@addr1+3)^0,w,c
  4749   0017AC  6E3A               	movwf	(view_log@addr1+3)^0,c
  4750   0017AE                     l3242:
  4751                           
  4752                           ;menu.c: 321:      clcd_putch( pos, (0xC0 + (0)) );
  4753   0017AE  0EC0               	movlw	192
  4754   0017B0  6E23               	movwf	clcd_putch@addr^0,c
  4755   0017B2  5032               	movf	view_log@pos^0,w,c
  4756   0017B4  EC81  F014         	call	_clcd_putch
  4757   0017B8                     
  4758                           ;menu.c: 322:      for( int i = 0; i < 14 ; i++ )
  4759   0017B8  0E00               	movlw	0
  4760   0017BA  6E2D               	movwf	(view_log@i_403+1)^0,c
  4761   0017BC  0E00               	movlw	0
  4762   0017BE  6E2C               	movwf	view_log@i_403^0,c
  4763   0017C0                     l3250:
  4764                           
  4765                           ;menu.c: 323:      {;menu.c: 324:   clcd_putch( read_eeprom(addr1+i),(0xC0 + (i+2)) );
  4766   0017C0  502C               	movf	view_log@i_403^0,w,c
  4767   0017C2  0FC2               	addlw	194
  4768   0017C4  6E23               	movwf	clcd_putch@addr^0,c
  4769   0017C6  502C               	movf	view_log@i_403^0,w,c
  4770   0017C8  2437               	addwf	view_log@addr1^0,w,c
  4771   0017CA  EC2D  F014         	call	_read_eeprom
  4772   0017CE  EC81  F014         	call	_clcd_putch
  4773   0017D2                     
  4774                           ;menu.c: 325:      }
  4775   0017D2  4A2C               	infsnz	view_log@i_403^0,f,c
  4776   0017D4  2A2D               	incf	(view_log@i_403+1)^0,f,c
  4777   0017D6  BE2D               	btfsc	(view_log@i_403+1)^0,7,c
  4778   0017D8  EFF7  F00B         	goto	u2691
  4779   0017DC  502D               	movf	(view_log@i_403+1)^0,w,c
  4780   0017DE  E109               	bnz	u2690
  4781   0017E0  0E0E               	movlw	14
  4782   0017E2  5C2C               	subwf	view_log@i_403^0,w,c
  4783   0017E4  A0D8               	btfss	status,0,c
  4784   0017E6  EFF7  F00B         	goto	u2691
  4785   0017EA  EFF9  F00B         	goto	u2690
  4786   0017EE                     u2691:
  4787   0017EE  EFE0  F00B         	goto	l3250
  4788   0017F2                     u2690:
  4789   0017F2  EF94  F00A         	goto	l3174
  4790   0017F6                     l454:
  4791   0017F6  0012               	return		;funcret
  4792   0017F8                     __end_of_view_log:
  4793                           	callstack 0
  4794                           
  4795 ;; *************** function _set_time *****************
  4796 ;; Defined at:
  4797 ;;		line 389 in file "menu.c"
  4798 ;; Parameters:    Size  Location     Type
  4799 ;;		None
  4800 ;; Auto vars:     Size  Location     Type
  4801 ;;  ti51            4   57[COMRAM] unsigned long 
  4802 ;;  ti5             4   53[COMRAM] unsigned long 
  4803 ;;  wait2           4   49[COMRAM] unsigned long 
  4804 ;;  wait1           4   45[COMRAM] unsigned long 
  4805 ;;  wait            4   41[COMRAM] unsigned long 
  4806 ;;  field           1   67[COMRAM] unsigned char 
  4807 ;;  hr              1   66[COMRAM] unsigned char 
  4808 ;;  min             1   65[COMRAM] unsigned char 
  4809 ;;  sec             1   64[COMRAM] unsigned char 
  4810 ;;  bcd_min         1   63[COMRAM] unsigned char 
  4811 ;;  bcd_sec         1   62[COMRAM] unsigned char 
  4812 ;;  bcd_hr          1   61[COMRAM] unsigned char 
  4813 ;;  k2              1   40[COMRAM] unsigned char 
  4814 ;; Return value:  Size  Location     Type
  4815 ;;                  1    wreg      void 
  4816 ;; Registers used:
  4817 ;;		wreg, fsr0l, fsr0h, status,2, status,0, tblptrl, tblptrh, tblptru, prodl, prodh, cstack
  4818 ;; Tracked objects:
  4819 ;;		On entry : 0/0
  4820 ;;		On exit  : 0/0
  4821 ;;		Unchanged: 0/0
  4822 ;; Data sizes:     COMRAM   BANK0   BANK1   BANK2   BANK3   BANK4   BANK5
  4823 ;;      Params:         0       0       0       0       0       0       0
  4824 ;;      Locals:        28       0       0       0       0       0       0
  4825 ;;      Temps:          4       0       0       0       0       0       0
  4826 ;;      Totals:        32       0       0       0       0       0       0
  4827 ;;Total ram usage:       32 bytes
  4828 ;; Hardware stack levels used: 1
  4829 ;; Hardware stack levels required when called: 5
  4830 ;; This function calls:
  4831 ;;		___awdiv
  4832 ;;		___awmod
  4833 ;;		_clcd_print
  4834 ;;		_clcd_putch
  4835 ;;		_clcd_write
  4836 ;;		_read_ds1307
  4837 ;;		_read_switches
  4838 ;;		_write_ds1307
  4839 ;; This function is called by:
  4840 ;;		_enter_menu
  4841 ;; This function uses a non-reentrant model
  4842 ;;
  4843                           
  4844                           	psect	text14
  4845   000E28                     __ptext14:
  4846                           	callstack 0
  4847   000E28                     _set_time:
  4848                           	callstack 24
  4849   000E28                     
  4850                           ;menu.c: 391:     unsigned long ti5 = 0, ti51 = 0, wait = 0, wait1 = 0, wait2 = 0;
  4851   000E28  0E00               	movlw	0
  4852   000E2A  6E36               	movwf	set_time@ti5^0,c
  4853   000E2C  0E00               	movlw	0
  4854   000E2E  6E37               	movwf	(set_time@ti5+1)^0,c
  4855   000E30  0E00               	movlw	0
  4856   000E32  6E38               	movwf	(set_time@ti5+2)^0,c
  4857   000E34  0E00               	movlw	0
  4858   000E36  6E39               	movwf	(set_time@ti5+3)^0,c
  4859   000E38  0E00               	movlw	0
  4860   000E3A  6E3A               	movwf	set_time@ti51^0,c
  4861   000E3C  0E00               	movlw	0
  4862   000E3E  6E3B               	movwf	(set_time@ti51+1)^0,c
  4863   000E40  0E00               	movlw	0
  4864   000E42  6E3C               	movwf	(set_time@ti51+2)^0,c
  4865   000E44  0E00               	movlw	0
  4866   000E46  6E3D               	movwf	(set_time@ti51+3)^0,c
  4867   000E48  0E00               	movlw	0
  4868   000E4A  6E2A               	movwf	set_time@wait^0,c
  4869   000E4C  0E00               	movlw	0
  4870   000E4E  6E2B               	movwf	(set_time@wait+1)^0,c
  4871   000E50  0E00               	movlw	0
  4872   000E52  6E2C               	movwf	(set_time@wait+2)^0,c
  4873   000E54  0E00               	movlw	0
  4874   000E56  6E2D               	movwf	(set_time@wait+3)^0,c
  4875   000E58  0E00               	movlw	0
  4876   000E5A  6E2E               	movwf	set_time@wait1^0,c
  4877   000E5C  0E00               	movlw	0
  4878   000E5E  6E2F               	movwf	(set_time@wait1+1)^0,c
  4879   000E60  0E00               	movlw	0
  4880   000E62  6E30               	movwf	(set_time@wait1+2)^0,c
  4881   000E64  0E00               	movlw	0
  4882   000E66  6E31               	movwf	(set_time@wait1+3)^0,c
  4883   000E68  0E00               	movlw	0
  4884   000E6A  6E32               	movwf	set_time@wait2^0,c
  4885   000E6C  0E00               	movlw	0
  4886   000E6E  6E33               	movwf	(set_time@wait2+1)^0,c
  4887   000E70  0E00               	movlw	0
  4888   000E72  6E34               	movwf	(set_time@wait2+2)^0,c
  4889   000E74  0E00               	movlw	0
  4890   000E76  6E35               	movwf	(set_time@wait2+3)^0,c
  4891   000E78                     
  4892                           ;menu.c: 394:     clcd_write(0x01, 0);
  4893   000E78  0E00               	movlw	0
  4894   000E7A  6E01               	movwf	clcd_write@control_bit^0,c
  4895   000E7C  0E01               	movlw	1
  4896   000E7E  ECE0  F013         	call	_clcd_write
  4897   000E82                     
  4898                           ;menu.c: 396:     unsigned char bcd_sec = read_ds1307(0x00),sec;
  4899   000E82  0E00               	movlw	0
  4900   000E84  EC18  F014         	call	_read_ds1307
  4901   000E88  6E3F               	movwf	set_time@bcd_sec^0,c
  4902   000E8A                     
  4903                           ;menu.c: 397:     unsigned char bcd_min = read_ds1307(0x01),min;
  4904   000E8A  0E01               	movlw	1
  4905   000E8C  EC18  F014         	call	_read_ds1307
  4906   000E90  6E40               	movwf	set_time@bcd_min^0,c
  4907   000E92                     
  4908                           ;menu.c: 398:     unsigned char bcd_hr = read_ds1307(0x02),hr;
  4909   000E92  0E02               	movlw	2
  4910   000E94  EC18  F014         	call	_read_ds1307
  4911   000E98  6E3E               	movwf	set_time@bcd_hr^0,c
  4912   000E9A                     
  4913                           ;menu.c: 401:     sec = (( bcd_sec >> 4 ) & 0x0f ) * 10;
  4914   000E9A  383F               	swapf	set_time@bcd_sec^0,w,c
  4915   000E9C  0B0F               	andlw	15
  4916   000E9E  0B0F               	andlw	15
  4917   000EA0  0D0A               	mullw	10
  4918   000EA2  CFF3 F041          	movff	prodl,set_time@sec
  4919   000EA6                     
  4920                           ;menu.c: 402:     sec = ( bcd_sec & 0x0f ) + sec;
  4921   000EA6  503F               	movf	set_time@bcd_sec^0,w,c
  4922   000EA8  0B0F               	andlw	15
  4923   000EAA  2441               	addwf	set_time@sec^0,w,c
  4924   000EAC  6E41               	movwf	set_time@sec^0,c
  4925   000EAE                     
  4926                           ;menu.c: 405:     min = (( bcd_min >> 4 ) & 0x0f ) * 10;
  4927   000EAE  3840               	swapf	set_time@bcd_min^0,w,c
  4928   000EB0  0B0F               	andlw	15
  4929   000EB2  0B0F               	andlw	15
  4930   000EB4  0D0A               	mullw	10
  4931   000EB6  CFF3 F042          	movff	prodl,set_time@min
  4932   000EBA                     
  4933                           ;menu.c: 406:     min = ( bcd_min & 0x0f ) + min;
  4934   000EBA  5040               	movf	set_time@bcd_min^0,w,c
  4935   000EBC  0B0F               	andlw	15
  4936   000EBE  2442               	addwf	set_time@min^0,w,c
  4937   000EC0  6E42               	movwf	set_time@min^0,c
  4938   000EC2                     
  4939                           ;menu.c: 408:     hr = (( bcd_hr >> 4 ) & 0xff ) * 10;
  4940   000EC2  383E               	swapf	set_time@bcd_hr^0,w,c
  4941   000EC4  0B0F               	andlw	15
  4942   000EC6  0D0A               	mullw	10
  4943   000EC8  CFF3 F043          	movff	prodl,set_time@hr
  4944   000ECC                     
  4945                           ;menu.c: 409:     hr = ( bcd_hr & 0x0f ) + hr;
  4946   000ECC  503E               	movf	set_time@bcd_hr^0,w,c
  4947   000ECE  0B0F               	andlw	15
  4948   000ED0  2443               	addwf	set_time@hr^0,w,c
  4949   000ED2  6E43               	movwf	set_time@hr^0,c
  4950   000ED4                     
  4951                           ;menu.c: 411:     char field = 0;
  4952   000ED4  0E00               	movlw	0
  4953   000ED6  6E44               	movwf	set_time@field^0,c
  4954   000ED8                     l3336:
  4955                           
  4956                           ;menu.c: 414:     {;menu.c: 415:  if(wait++ < 150)
  4957   000ED8  C02A  F025         	movff	set_time@wait,??_set_time
  4958   000EDC  C02B  F026         	movff	set_time@wait+1,??_set_time+1
  4959   000EE0  C02C  F027         	movff	set_time@wait+2,??_set_time+2
  4960   000EE4  C02D  F028         	movff	set_time@wait+3,??_set_time+3
  4961   000EE8  2A2A               	incf	set_time@wait^0,f,c
  4962   000EEA  0E00               	movlw	0
  4963   000EEC  222B               	addwfc	(set_time@wait+1)^0,f,c
  4964   000EEE  222C               	addwfc	(set_time@wait+2)^0,f,c
  4965   000EF0  222D               	addwfc	(set_time@wait+3)^0,f,c
  4966   000EF2  5028               	movf	(??_set_time+3)^0,w,c
  4967   000EF4  1027               	iorwf	(??_set_time+2)^0,w,c
  4968   000EF6  1026               	iorwf	(??_set_time+1)^0,w,c
  4969   000EF8  E107               	bnz	u2761
  4970   000EFA  0E96               	movlw	150
  4971   000EFC  5C25               	subwf	??_set_time^0,w,c
  4972   000EFE  B0D8               	btfsc	status,0,c
  4973   000F00  EF84  F007         	goto	u2761
  4974   000F04  EF86  F007         	goto	u2760
  4975   000F08                     u2761:
  4976   000F08  EFA6  F007         	goto	l3340
  4977   000F0C                     u2760:
  4978   000F0C                     
  4979                           ;menu.c: 416:  {;menu.c: 417:      clcd_putch(hr / 10 + 48, (0xC0 + (5)));
  4980   000F0C  0EC5               	movlw	197
  4981   000F0E  6E23               	movwf	clcd_putch@addr^0,c
  4982   000F10  C043  F001         	movff	set_time@hr,___awdiv@dividend
  4983   000F14  6A02               	clrf	(___awdiv@dividend+1)^0,c
  4984   000F16  0E00               	movlw	0
  4985   000F18  6E04               	movwf	(___awdiv@divisor+1)^0,c
  4986   000F1A  0E0A               	movlw	10
  4987   000F1C  6E03               	movwf	___awdiv@divisor^0,c
  4988   000F1E  EC01  F010         	call	___awdiv	;wreg free
  4989   000F22  5001               	movf	?___awdiv^0,w,c
  4990   000F24  0F30               	addlw	48
  4991   000F26  EC81  F014         	call	_clcd_putch
  4992                           
  4993                           ;menu.c: 418:      clcd_putch(hr % 10 + 48, (0xC0 + (6)));
  4994   000F2A  0EC6               	movlw	198
  4995   000F2C  6E23               	movwf	clcd_putch@addr^0,c
  4996   000F2E  C043  F001         	movff	set_time@hr,___awmod@dividend
  4997   000F32  6A02               	clrf	(___awmod@dividend+1)^0,c
  4998   000F34  0E00               	movlw	0
  4999   000F36  6E04               	movwf	(___awmod@divisor+1)^0,c
  5000   000F38  0E0A               	movlw	10
  5001   000F3A  6E03               	movwf	___awmod@divisor^0,c
  5002   000F3C  EC63  F010         	call	___awmod	;wreg free
  5003   000F40  5001               	movf	?___awmod^0,w,c
  5004   000F42  0F30               	addlw	48
  5005   000F44  EC81  F014         	call	_clcd_putch
  5006                           
  5007                           ;menu.c: 419:  }
  5008   000F48  EFDE  F007         	goto	l3350
  5009   000F4C                     l3340:
  5010   000F4C  502D               	movf	(set_time@wait+3)^0,w,c
  5011   000F4E  102C               	iorwf	(set_time@wait+2)^0,w,c
  5012   000F50  102B               	iorwf	(set_time@wait+1)^0,w,c
  5013   000F52  E109               	bnz	u2770
  5014   000F54  0E97               	movlw	151
  5015   000F56  5C2A               	subwf	set_time@wait^0,w,c
  5016   000F58  A0D8               	btfss	status,0,c
  5017   000F5A  EFB1  F007         	goto	u2771
  5018   000F5E  EFB3  F007         	goto	u2770
  5019   000F62                     u2771:
  5020   000F62  EFD6  F007         	goto	l3348
  5021   000F66                     u2770:
  5022   000F66  502D               	movf	(set_time@wait+3)^0,w,c
  5023   000F68  102C               	iorwf	(set_time@wait+2)^0,w,c
  5024   000F6A  E109               	bnz	u2781
  5025   000F6C  0E2C               	movlw	44
  5026   000F6E  5C2A               	subwf	set_time@wait^0,w,c
  5027   000F70  0E01               	movlw	1
  5028   000F72  582B               	subwfb	(set_time@wait+1)^0,w,c
  5029   000F74  B0D8               	btfsc	status,0,c
  5030   000F76  EFBF  F007         	goto	u2781
  5031   000F7A  EFC1  F007         	goto	u2780
  5032   000F7E                     u2781:
  5033   000F7E  EFD6  F007         	goto	l3348
  5034   000F82                     u2780:
  5035   000F82  0E02               	movlw	2
  5036   000F84  1844               	xorwf	set_time@field^0,w,c
  5037   000F86  A4D8               	btfss	status,2,c
  5038   000F88  EFC8  F007         	goto	u2791
  5039   000F8C  EFCA  F007         	goto	u2790
  5040   000F90                     u2791:
  5041   000F90  EFD6  F007         	goto	l3348
  5042   000F94                     u2790:
  5043   000F94                     
  5044                           ;menu.c: 421:  {;menu.c: 422:      clcd_putch(' ', (0xC0 + (5)));
  5045   000F94  0EC5               	movlw	197
  5046   000F96  6E23               	movwf	clcd_putch@addr^0,c
  5047   000F98  0E20               	movlw	32
  5048   000F9A  EC81  F014         	call	_clcd_putch
  5049                           
  5050                           ;menu.c: 423:      clcd_putch(' ', (0xC0 + (6)));
  5051   000F9E  0EC6               	movlw	198
  5052   000FA0  6E23               	movwf	clcd_putch@addr^0,c
  5053   000FA2  0E20               	movlw	32
  5054   000FA4  EC81  F014         	call	_clcd_putch
  5055                           
  5056                           ;menu.c: 424:  }
  5057   000FA8  EFDE  F007         	goto	l3350
  5058   000FAC                     l3348:
  5059                           
  5060                           ;menu.c: 426:      wait = 0;
  5061   000FAC  0E00               	movlw	0
  5062   000FAE  6E2A               	movwf	set_time@wait^0,c
  5063   000FB0  0E00               	movlw	0
  5064   000FB2  6E2B               	movwf	(set_time@wait+1)^0,c
  5065   000FB4  0E00               	movlw	0
  5066   000FB6  6E2C               	movwf	(set_time@wait+2)^0,c
  5067   000FB8  0E00               	movlw	0
  5068   000FBA  6E2D               	movwf	(set_time@wait+3)^0,c
  5069   000FBC                     l3350:
  5070                           
  5071                           ;menu.c: 428:  clcd_putch(':', (0xC0 + (7)));
  5072   000FBC  0EC7               	movlw	199
  5073   000FBE  6E23               	movwf	clcd_putch@addr^0,c
  5074   000FC0  0E3A               	movlw	58
  5075   000FC2  EC81  F014         	call	_clcd_putch
  5076   000FC6                     
  5077                           ;menu.c: 430:  if( wait1++ < 150 )
  5078   000FC6  C02E  F025         	movff	set_time@wait1,??_set_time
  5079   000FCA  C02F  F026         	movff	set_time@wait1+1,??_set_time+1
  5080   000FCE  C030  F027         	movff	set_time@wait1+2,??_set_time+2
  5081   000FD2  C031  F028         	movff	set_time@wait1+3,??_set_time+3
  5082   000FD6  2A2E               	incf	set_time@wait1^0,f,c
  5083   000FD8  0E00               	movlw	0
  5084   000FDA  222F               	addwfc	(set_time@wait1+1)^0,f,c
  5085   000FDC  2230               	addwfc	(set_time@wait1+2)^0,f,c
  5086   000FDE  2231               	addwfc	(set_time@wait1+3)^0,f,c
  5087   000FE0  5028               	movf	(??_set_time+3)^0,w,c
  5088   000FE2  1027               	iorwf	(??_set_time+2)^0,w,c
  5089   000FE4  1026               	iorwf	(??_set_time+1)^0,w,c
  5090   000FE6  E107               	bnz	u2801
  5091   000FE8  0E96               	movlw	150
  5092   000FEA  5C25               	subwf	??_set_time^0,w,c
  5093   000FEC  B0D8               	btfsc	status,0,c
  5094   000FEE  EFFB  F007         	goto	u2801
  5095   000FF2  EFFD  F007         	goto	u2800
  5096   000FF6                     u2801:
  5097   000FF6  EF1D  F008         	goto	l3356
  5098   000FFA                     u2800:
  5099   000FFA                     
  5100                           ;menu.c: 431:  {;menu.c: 432:      clcd_putch(min / 10 + 48, (0xC0 + (8)));
  5101   000FFA  0EC8               	movlw	200
  5102   000FFC  6E23               	movwf	clcd_putch@addr^0,c
  5103   000FFE  C042  F001         	movff	set_time@min,___awdiv@dividend
  5104   001002  6A02               	clrf	(___awdiv@dividend+1)^0,c
  5105   001004  0E00               	movlw	0
  5106   001006  6E04               	movwf	(___awdiv@divisor+1)^0,c
  5107   001008  0E0A               	movlw	10
  5108   00100A  6E03               	movwf	___awdiv@divisor^0,c
  5109   00100C  EC01  F010         	call	___awdiv	;wreg free
  5110   001010  5001               	movf	?___awdiv^0,w,c
  5111   001012  0F30               	addlw	48
  5112   001014  EC81  F014         	call	_clcd_putch
  5113                           
  5114                           ;menu.c: 433:      clcd_putch(min % 10 + 48, (0xC0 + (9)));
  5115   001018  0EC9               	movlw	201
  5116   00101A  6E23               	movwf	clcd_putch@addr^0,c
  5117   00101C  C042  F001         	movff	set_time@min,___awmod@dividend
  5118   001020  6A02               	clrf	(___awmod@dividend+1)^0,c
  5119   001022  0E00               	movlw	0
  5120   001024  6E04               	movwf	(___awmod@divisor+1)^0,c
  5121   001026  0E0A               	movlw	10
  5122   001028  6E03               	movwf	___awmod@divisor^0,c
  5123   00102A  EC63  F010         	call	___awmod	;wreg free
  5124   00102E  5001               	movf	?___awmod^0,w,c
  5125   001030  0F30               	addlw	48
  5126   001032  EC81  F014         	call	_clcd_putch
  5127                           
  5128                           ;menu.c: 434:  }
  5129   001036  EF54  F008         	goto	l3366
  5130   00103A                     l3356:
  5131   00103A  5031               	movf	(set_time@wait1+3)^0,w,c
  5132   00103C  1030               	iorwf	(set_time@wait1+2)^0,w,c
  5133   00103E  102F               	iorwf	(set_time@wait1+1)^0,w,c
  5134   001040  E109               	bnz	u2810
  5135   001042  0E97               	movlw	151
  5136   001044  5C2E               	subwf	set_time@wait1^0,w,c
  5137   001046  A0D8               	btfss	status,0,c
  5138   001048  EF28  F008         	goto	u2811
  5139   00104C  EF2A  F008         	goto	u2810
  5140   001050                     u2811:
  5141   001050  EF4C  F008         	goto	l3364
  5142   001054                     u2810:
  5143   001054  5031               	movf	(set_time@wait1+3)^0,w,c
  5144   001056  1030               	iorwf	(set_time@wait1+2)^0,w,c
  5145   001058  E109               	bnz	u2821
  5146   00105A  0E2C               	movlw	44
  5147   00105C  5C2E               	subwf	set_time@wait1^0,w,c
  5148   00105E  0E01               	movlw	1
  5149   001060  582F               	subwfb	(set_time@wait1+1)^0,w,c
  5150   001062  B0D8               	btfsc	status,0,c
  5151   001064  EF36  F008         	goto	u2821
  5152   001068  EF38  F008         	goto	u2820
  5153   00106C                     u2821:
  5154   00106C  EF4C  F008         	goto	l3364
  5155   001070                     u2820:
  5156   001070  0444               	decf	set_time@field^0,w,c
  5157   001072  A4D8               	btfss	status,2,c
  5158   001074  EF3E  F008         	goto	u2831
  5159   001078  EF40  F008         	goto	u2830
  5160   00107C                     u2831:
  5161   00107C  EF4C  F008         	goto	l3364
  5162   001080                     u2830:
  5163   001080                     
  5164                           ;menu.c: 436:  {;menu.c: 437:      clcd_putch(' ', (0xC0 + (8)));
  5165   001080  0EC8               	movlw	200
  5166   001082  6E23               	movwf	clcd_putch@addr^0,c
  5167   001084  0E20               	movlw	32
  5168   001086  EC81  F014         	call	_clcd_putch
  5169                           
  5170                           ;menu.c: 438:      clcd_putch(' ', (0xC0 + (9)));
  5171   00108A  0EC9               	movlw	201
  5172   00108C  6E23               	movwf	clcd_putch@addr^0,c
  5173   00108E  0E20               	movlw	32
  5174   001090  EC81  F014         	call	_clcd_putch
  5175                           
  5176                           ;menu.c: 439:  }
  5177   001094  EF54  F008         	goto	l3366
  5178   001098                     l3364:
  5179                           
  5180                           ;menu.c: 441:      wait1 = 0;
  5181   001098  0E00               	movlw	0
  5182   00109A  6E2E               	movwf	set_time@wait1^0,c
  5183   00109C  0E00               	movlw	0
  5184   00109E  6E2F               	movwf	(set_time@wait1+1)^0,c
  5185   0010A0  0E00               	movlw	0
  5186   0010A2  6E30               	movwf	(set_time@wait1+2)^0,c
  5187   0010A4  0E00               	movlw	0
  5188   0010A6  6E31               	movwf	(set_time@wait1+3)^0,c
  5189   0010A8                     l3366:
  5190                           
  5191                           ;menu.c: 443:  clcd_putch(':', (0xC0 + (10)));
  5192   0010A8  0ECA               	movlw	202
  5193   0010AA  6E23               	movwf	clcd_putch@addr^0,c
  5194   0010AC  0E3A               	movlw	58
  5195   0010AE  EC81  F014         	call	_clcd_putch
  5196   0010B2                     
  5197                           ;menu.c: 445:  if( wait2++ < 150 )
  5198   0010B2  C032  F025         	movff	set_time@wait2,??_set_time
  5199   0010B6  C033  F026         	movff	set_time@wait2+1,??_set_time+1
  5200   0010BA  C034  F027         	movff	set_time@wait2+2,??_set_time+2
  5201   0010BE  C035  F028         	movff	set_time@wait2+3,??_set_time+3
  5202   0010C2  2A32               	incf	set_time@wait2^0,f,c
  5203   0010C4  0E00               	movlw	0
  5204   0010C6  2233               	addwfc	(set_time@wait2+1)^0,f,c
  5205   0010C8  2234               	addwfc	(set_time@wait2+2)^0,f,c
  5206   0010CA  2235               	addwfc	(set_time@wait2+3)^0,f,c
  5207   0010CC  5028               	movf	(??_set_time+3)^0,w,c
  5208   0010CE  1027               	iorwf	(??_set_time+2)^0,w,c
  5209   0010D0  1026               	iorwf	(??_set_time+1)^0,w,c
  5210   0010D2  E107               	bnz	u2841
  5211   0010D4  0E96               	movlw	150
  5212   0010D6  5C25               	subwf	??_set_time^0,w,c
  5213   0010D8  B0D8               	btfsc	status,0,c
  5214   0010DA  EF71  F008         	goto	u2841
  5215   0010DE  EF73  F008         	goto	u2840
  5216   0010E2                     u2841:
  5217   0010E2  EF93  F008         	goto	l3372
  5218   0010E6                     u2840:
  5219   0010E6                     
  5220                           ;menu.c: 446:  {;menu.c: 447:      clcd_putch(sec / 10 + 48, (0xC0 + (11)));
  5221   0010E6  0ECB               	movlw	203
  5222   0010E8  6E23               	movwf	clcd_putch@addr^0,c
  5223   0010EA  C041  F001         	movff	set_time@sec,___awdiv@dividend
  5224   0010EE  6A02               	clrf	(___awdiv@dividend+1)^0,c
  5225   0010F0  0E00               	movlw	0
  5226   0010F2  6E04               	movwf	(___awdiv@divisor+1)^0,c
  5227   0010F4  0E0A               	movlw	10
  5228   0010F6  6E03               	movwf	___awdiv@divisor^0,c
  5229   0010F8  EC01  F010         	call	___awdiv	;wreg free
  5230   0010FC  5001               	movf	?___awdiv^0,w,c
  5231   0010FE  0F30               	addlw	48
  5232   001100  EC81  F014         	call	_clcd_putch
  5233                           
  5234                           ;menu.c: 448:      clcd_putch(sec % 10 + 48, (0xC0 + (12)));
  5235   001104  0ECC               	movlw	204
  5236   001106  6E23               	movwf	clcd_putch@addr^0,c
  5237   001108  C041  F001         	movff	set_time@sec,___awmod@dividend
  5238   00110C  6A02               	clrf	(___awmod@dividend+1)^0,c
  5239   00110E  0E00               	movlw	0
  5240   001110  6E04               	movwf	(___awmod@divisor+1)^0,c
  5241   001112  0E0A               	movlw	10
  5242   001114  6E03               	movwf	___awmod@divisor^0,c
  5243   001116  EC63  F010         	call	___awmod	;wreg free
  5244   00111A  5001               	movf	?___awmod^0,w,c
  5245   00111C  0F30               	addlw	48
  5246   00111E  EC81  F014         	call	_clcd_putch
  5247                           
  5248                           ;menu.c: 449:  }
  5249   001122  EFCA  F008         	goto	l3382
  5250   001126                     l3372:
  5251   001126  5035               	movf	(set_time@wait2+3)^0,w,c
  5252   001128  1034               	iorwf	(set_time@wait2+2)^0,w,c
  5253   00112A  1033               	iorwf	(set_time@wait2+1)^0,w,c
  5254   00112C  E109               	bnz	u2850
  5255   00112E  0E97               	movlw	151
  5256   001130  5C32               	subwf	set_time@wait2^0,w,c
  5257   001132  A0D8               	btfss	status,0,c
  5258   001134  EF9E  F008         	goto	u2851
  5259   001138  EFA0  F008         	goto	u2850
  5260   00113C                     u2851:
  5261   00113C  EFC2  F008         	goto	l3380
  5262   001140                     u2850:
  5263   001140  5035               	movf	(set_time@wait2+3)^0,w,c
  5264   001142  1034               	iorwf	(set_time@wait2+2)^0,w,c
  5265   001144  E109               	bnz	u2861
  5266   001146  0E2C               	movlw	44
  5267   001148  5C32               	subwf	set_time@wait2^0,w,c
  5268   00114A  0E01               	movlw	1
  5269   00114C  5833               	subwfb	(set_time@wait2+1)^0,w,c
  5270   00114E  B0D8               	btfsc	status,0,c
  5271   001150  EFAC  F008         	goto	u2861
  5272   001154  EFAE  F008         	goto	u2860
  5273   001158                     u2861:
  5274   001158  EFC2  F008         	goto	l3380
  5275   00115C                     u2860:
  5276   00115C  5044               	movf	set_time@field^0,w,c
  5277   00115E  A4D8               	btfss	status,2,c
  5278   001160  EFB4  F008         	goto	u2871
  5279   001164  EFB6  F008         	goto	u2870
  5280   001168                     u2871:
  5281   001168  EFC2  F008         	goto	l3380
  5282   00116C                     u2870:
  5283   00116C                     
  5284                           ;menu.c: 451:  {;menu.c: 452:      clcd_putch(' ', (0xC0 + (11)));
  5285   00116C  0ECB               	movlw	203
  5286   00116E  6E23               	movwf	clcd_putch@addr^0,c
  5287   001170  0E20               	movlw	32
  5288   001172  EC81  F014         	call	_clcd_putch
  5289                           
  5290                           ;menu.c: 453:      clcd_putch(' ', (0xC0 + (12)));
  5291   001176  0ECC               	movlw	204
  5292   001178  6E23               	movwf	clcd_putch@addr^0,c
  5293   00117A  0E20               	movlw	32
  5294   00117C  EC81  F014         	call	_clcd_putch
  5295                           
  5296                           ;menu.c: 454:  }
  5297   001180  EFCA  F008         	goto	l3382
  5298   001184                     l3380:
  5299                           
  5300                           ;menu.c: 456:      wait2 = 0;
  5301   001184  0E00               	movlw	0
  5302   001186  6E32               	movwf	set_time@wait2^0,c
  5303   001188  0E00               	movlw	0
  5304   00118A  6E33               	movwf	(set_time@wait2+1)^0,c
  5305   00118C  0E00               	movlw	0
  5306   00118E  6E34               	movwf	(set_time@wait2+2)^0,c
  5307   001190  0E00               	movlw	0
  5308   001192  6E35               	movwf	(set_time@wait2+3)^0,c
  5309   001194                     l3382:
  5310                           
  5311                           ;menu.c: 458:  k2 = read_switches(0);
  5312   001194  0E00               	movlw	0
  5313   001196  EC93  F011         	call	_read_switches
  5314   00119A  6E29               	movwf	set_time@k2^0,c
  5315   00119C                     
  5316                           ;menu.c: 459:  clcd_print("Set Time:      ",(0x80 + (0)));
  5317   00119C  0EB8               	movlw	low STR_29
  5318   00119E  6E07               	movwf	clcd_print@data^0,c
  5319   0011A0  0E2F               	movlw	high STR_29
  5320   0011A2  6E08               	movwf	(clcd_print@data+1)^0,c
  5321   0011A4  0E80               	movlw	128
  5322   0011A6  6E09               	movwf	clcd_print@addr^0,c
  5323   0011A8  EC06  F012         	call	_clcd_print	;wreg free
  5324   0011AC                     
  5325                           ;menu.c: 461:  if( k2 == 12 )
  5326   0011AC  0E0C               	movlw	12
  5327   0011AE  1829               	xorwf	set_time@k2^0,w,c
  5328   0011B0  A4D8               	btfss	status,2,c
  5329   0011B2  EFDD  F008         	goto	u2881
  5330   0011B6  EFDF  F008         	goto	u2880
  5331   0011BA                     u2881:
  5332   0011BA  EF0A  F009         	goto	l3398
  5333   0011BE                     u2880:
  5334   0011BE                     
  5335                           ;menu.c: 462:  {;menu.c: 463:      if( ti5++ == 200 )
  5336   0011BE  0E01               	movlw	1
  5337   0011C0  2636               	addwf	set_time@ti5^0,f,c
  5338   0011C2  0E00               	movlw	0
  5339   0011C4  2237               	addwfc	(set_time@ti5+1)^0,f,c
  5340   0011C6  2238               	addwfc	(set_time@ti5+2)^0,f,c
  5341   0011C8  2239               	addwfc	(set_time@ti5+3)^0,f,c
  5342   0011CA  0EC9               	movlw	201
  5343   0011CC  1836               	xorwf	set_time@ti5^0,w,c
  5344   0011CE  1037               	iorwf	(set_time@ti5+1)^0,w,c
  5345   0011D0  1038               	iorwf	(set_time@ti5+2)^0,w,c
  5346   0011D2  1039               	iorwf	(set_time@ti5+3)^0,w,c
  5347   0011D4  A4D8               	btfss	status,2,c
  5348   0011D6  EFEF  F008         	goto	u2891
  5349   0011DA  EFF1  F008         	goto	u2890
  5350   0011DE                     u2891:
  5351   0011DE  EFF3  F008         	goto	l3394
  5352   0011E2                     u2890:
  5353   0011E2                     
  5354                           ;menu.c: 467:   break;
  5355   0011E2  EFD6  F009         	goto	l3448
  5356   0011E6                     l3394:
  5357   0011E6  5039               	movf	(set_time@ti5+3)^0,w,c
  5358   0011E8  1038               	iorwf	(set_time@ti5+2)^0,w,c
  5359   0011EA  1037               	iorwf	(set_time@ti5+1)^0,w,c
  5360   0011EC  E109               	bnz	u2900
  5361   0011EE  0EC9               	movlw	201
  5362   0011F0  5C36               	subwf	set_time@ti5^0,w,c
  5363   0011F2  A0D8               	btfss	status,0,c
  5364   0011F4  EFFE  F008         	goto	u2901
  5365   0011F8  EF00  F009         	goto	u2900
  5366   0011FC                     u2901:
  5367   0011FC  EF35  F009         	goto	l3410
  5368   001200                     u2900:
  5369   001200                     
  5370                           ;menu.c: 470:      {;menu.c: 471:   ti5 = 201;
  5371   001200  0EC9               	movlw	201
  5372   001202  6E36               	movwf	set_time@ti5^0,c
  5373   001204  0E00               	movlw	0
  5374   001206  6E37               	movwf	(set_time@ti5+1)^0,c
  5375   001208  0E00               	movlw	0
  5376   00120A  6E38               	movwf	(set_time@ti5+2)^0,c
  5377   00120C  0E00               	movlw	0
  5378   00120E  6E39               	movwf	(set_time@ti5+3)^0,c
  5379   001210  EF35  F009         	goto	l3410
  5380   001214                     l3398:
  5381   001214  5036               	movf	set_time@ti5^0,w,c
  5382   001216  1037               	iorwf	(set_time@ti5+1)^0,w,c
  5383   001218  1038               	iorwf	(set_time@ti5+2)^0,w,c
  5384   00121A  1039               	iorwf	(set_time@ti5+3)^0,w,c
  5385   00121C  B4D8               	btfsc	status,2,c
  5386   00121E  EF13  F009         	goto	u2911
  5387   001222  EF15  F009         	goto	u2910
  5388   001226                     u2911:
  5389   001226  EF35  F009         	goto	l3410
  5390   00122A                     u2910:
  5391   00122A  5039               	movf	(set_time@ti5+3)^0,w,c
  5392   00122C  1038               	iorwf	(set_time@ti5+2)^0,w,c
  5393   00122E  1037               	iorwf	(set_time@ti5+1)^0,w,c
  5394   001230  E107               	bnz	u2921
  5395   001232  0EC8               	movlw	200
  5396   001234  5C36               	subwf	set_time@ti5^0,w,c
  5397   001236  B0D8               	btfsc	status,0,c
  5398   001238  EF20  F009         	goto	u2921
  5399   00123C  EF22  F009         	goto	u2920
  5400   001240                     u2921:
  5401   001240  EF35  F009         	goto	l3410
  5402   001244                     u2920:
  5403   001244                     
  5404                           ;menu.c: 475:  {;menu.c: 476:      ti5 = 0;
  5405   001244  0E00               	movlw	0
  5406   001246  6E36               	movwf	set_time@ti5^0,c
  5407   001248  0E00               	movlw	0
  5408   00124A  6E37               	movwf	(set_time@ti5+1)^0,c
  5409   00124C  0E00               	movlw	0
  5410   00124E  6E38               	movwf	(set_time@ti5+2)^0,c
  5411   001250  0E00               	movlw	0
  5412   001252  6E39               	movwf	(set_time@ti5+3)^0,c
  5413   001254                     
  5414                           ;menu.c: 478:      field++;
  5415   001254  2A44               	incf	set_time@field^0,f,c
  5416   001256                     
  5417                           ;menu.c: 480:      if(field > 2)
  5418   001256  0E02               	movlw	2
  5419   001258  6444               	cpfsgt	set_time@field^0,c
  5420   00125A  EF31  F009         	goto	u2931
  5421   00125E  EF33  F009         	goto	u2930
  5422   001262                     u2931:
  5423   001262  EF35  F009         	goto	l3410
  5424   001266                     u2930:
  5425   001266                     
  5426                           ;menu.c: 481:   field = 0;
  5427   001266  0E00               	movlw	0
  5428   001268  6E44               	movwf	set_time@field^0,c
  5429   00126A                     l3410:
  5430                           
  5431                           ;menu.c: 483:  if( k2 == 4 )
  5432   00126A  0E04               	movlw	4
  5433   00126C  1829               	xorwf	set_time@k2^0,w,c
  5434   00126E  A4D8               	btfss	status,2,c
  5435   001270  EF3C  F009         	goto	u2941
  5436   001274  EF3E  F009         	goto	u2940
  5437   001278                     u2941:
  5438   001278  EF75  F009         	goto	l3420
  5439   00127C                     u2940:
  5440   00127C                     
  5441                           ;menu.c: 484:  {;menu.c: 485:      if( ti51++ == 300 )
  5442   00127C  0E01               	movlw	1
  5443   00127E  263A               	addwf	set_time@ti51^0,f,c
  5444   001280  0E00               	movlw	0
  5445   001282  223B               	addwfc	(set_time@ti51+1)^0,f,c
  5446   001284  223C               	addwfc	(set_time@ti51+2)^0,f,c
  5447   001286  223D               	addwfc	(set_time@ti51+3)^0,f,c
  5448   001288  0E2D               	movlw	45
  5449   00128A  183A               	xorwf	set_time@ti51^0,w,c
  5450   00128C  E108               	bnz	u2951
  5451   00128E  043B               	decf	(set_time@ti51+1)^0,w,c
  5452   001290  103C               	iorwf	(set_time@ti51+2)^0,w,c
  5453   001292  103D               	iorwf	(set_time@ti51+3)^0,w,c
  5454   001294  A4D8               	btfss	status,2,c
  5455   001296  EF4F  F009         	goto	u2951
  5456   00129A  EF51  F009         	goto	u2950
  5457   00129E                     u2951:
  5458   00129E  EF5B  F009         	goto	l3416
  5459   0012A2                     u2950:
  5460   0012A2                     
  5461                           ;menu.c: 486:      {;menu.c: 487:   ti51 = 0;
  5462   0012A2  0E00               	movlw	0
  5463   0012A4  6E3A               	movwf	set_time@ti51^0,c
  5464   0012A6  0E00               	movlw	0
  5465   0012A8  6E3B               	movwf	(set_time@ti51+1)^0,c
  5466   0012AA  0E00               	movlw	0
  5467   0012AC  6E3C               	movwf	(set_time@ti51+2)^0,c
  5468   0012AE  0E00               	movlw	0
  5469   0012B0  6E3D               	movwf	(set_time@ti51+3)^0,c
  5470                           
  5471                           ;menu.c: 488:      }
  5472   0012B2  EF6C  F007         	goto	l3336
  5473   0012B6                     l3416:
  5474   0012B6  503D               	movf	(set_time@ti51+3)^0,w,c
  5475   0012B8  103C               	iorwf	(set_time@ti51+2)^0,w,c
  5476   0012BA  E10B               	bnz	u2960
  5477   0012BC  0E2D               	movlw	45
  5478   0012BE  5C3A               	subwf	set_time@ti51^0,w,c
  5479   0012C0  0E01               	movlw	1
  5480   0012C2  583B               	subwfb	(set_time@ti51+1)^0,w,c
  5481   0012C4  A0D8               	btfss	status,0,c
  5482   0012C6  EF67  F009         	goto	u2961
  5483   0012CA  EF69  F009         	goto	u2960
  5484   0012CE                     u2961:
  5485   0012CE  EF73  F009         	goto	l524
  5486   0012D2                     u2960:
  5487   0012D2                     
  5488                           ;menu.c: 490:      {;menu.c: 491:   ti51 = 301;
  5489   0012D2  0E2D               	movlw	45
  5490   0012D4  6E3A               	movwf	set_time@ti51^0,c
  5491   0012D6  0E01               	movlw	1
  5492   0012D8  6E3B               	movwf	(set_time@ti51+1)^0,c
  5493   0012DA  0E00               	movlw	0
  5494   0012DC  6E3C               	movwf	(set_time@ti51+2)^0,c
  5495   0012DE  0E00               	movlw	0
  5496   0012E0  6E3D               	movwf	(set_time@ti51+3)^0,c
  5497   0012E2  EF6C  F007         	goto	l3336
  5498   0012E6                     l524:
  5499                           
  5500                           ;menu.c: 493:  }
  5501   0012E6  EF6C  F007         	goto	l3336
  5502   0012EA                     l3420:
  5503   0012EA  503A               	movf	set_time@ti51^0,w,c
  5504   0012EC  103B               	iorwf	(set_time@ti51+1)^0,w,c
  5505   0012EE  103C               	iorwf	(set_time@ti51+2)^0,w,c
  5506   0012F0  103D               	iorwf	(set_time@ti51+3)^0,w,c
  5507   0012F2  B4D8               	btfsc	status,2,c
  5508   0012F4  EF7E  F009         	goto	u2971
  5509   0012F8  EF80  F009         	goto	u2970
  5510   0012FC                     u2971:
  5511   0012FC  EF6C  F007         	goto	l3336
  5512   001300                     u2970:
  5513   001300  503D               	movf	(set_time@ti51+3)^0,w,c
  5514   001302  103C               	iorwf	(set_time@ti51+2)^0,w,c
  5515   001304  E109               	bnz	u2981
  5516   001306  0E2C               	movlw	44
  5517   001308  5C3A               	subwf	set_time@ti51^0,w,c
  5518   00130A  0E01               	movlw	1
  5519   00130C  583B               	subwfb	(set_time@ti51+1)^0,w,c
  5520   00130E  B0D8               	btfsc	status,0,c
  5521   001310  EF8C  F009         	goto	u2981
  5522   001314  EF8E  F009         	goto	u2980
  5523   001318                     u2981:
  5524   001318  EF6C  F007         	goto	l3336
  5525   00131C                     u2980:
  5526   00131C                     
  5527                           ;menu.c: 495:  {;menu.c: 496:      ti51 = 0;
  5528   00131C  0E00               	movlw	0
  5529   00131E  6E3A               	movwf	set_time@ti51^0,c
  5530   001320  0E00               	movlw	0
  5531   001322  6E3B               	movwf	(set_time@ti51+1)^0,c
  5532   001324  0E00               	movlw	0
  5533   001326  6E3C               	movwf	(set_time@ti51+2)^0,c
  5534   001328  0E00               	movlw	0
  5535   00132A  6E3D               	movwf	(set_time@ti51+3)^0,c
  5536                           
  5537                           ;menu.c: 497:      if(field == 0)
  5538   00132C  5044               	movf	set_time@field^0,w,c
  5539   00132E  A4D8               	btfss	status,2,c
  5540   001330  EF9C  F009         	goto	u2991
  5541   001334  EF9E  F009         	goto	u2990
  5542   001338                     u2991:
  5543   001338  EFAB  F009         	goto	l3432
  5544   00133C                     u2990:
  5545   00133C                     
  5546                           ;menu.c: 498:      {;menu.c: 499:   sec++;
  5547   00133C  2A41               	incf	set_time@sec^0,f,c
  5548   00133E                     
  5549                           ;menu.c: 500:   if(sec > 59)
  5550   00133E  0E3B               	movlw	59
  5551   001340  6441               	cpfsgt	set_time@sec^0,c
  5552   001342  EFA5  F009         	goto	u3001
  5553   001346  EFA7  F009         	goto	u3000
  5554   00134A                     u3001:
  5555   00134A  EF6C  F007         	goto	l3336
  5556   00134E                     u3000:
  5557   00134E                     
  5558                           ;menu.c: 501:       sec = 0;
  5559   00134E  0E00               	movlw	0
  5560   001350  6E41               	movwf	set_time@sec^0,c
  5561   001352  EF6C  F007         	goto	l3336
  5562   001356                     l3432:
  5563   001356  0444               	decf	set_time@field^0,w,c
  5564   001358  A4D8               	btfss	status,2,c
  5565   00135A  EFB1  F009         	goto	u3011
  5566   00135E  EFB3  F009         	goto	u3010
  5567   001362                     u3011:
  5568   001362  EFC0  F009         	goto	l3440
  5569   001366                     u3010:
  5570   001366                     
  5571                           ;menu.c: 504:      {;menu.c: 505:   min++;
  5572   001366  2A42               	incf	set_time@min^0,f,c
  5573   001368                     
  5574                           ;menu.c: 506:   if(min > 59)
  5575   001368  0E3B               	movlw	59
  5576   00136A  6442               	cpfsgt	set_time@min^0,c
  5577   00136C  EFBA  F009         	goto	u3021
  5578   001370  EFBC  F009         	goto	u3020
  5579   001374                     u3021:
  5580   001374  EF6C  F007         	goto	l3336
  5581   001378                     u3020:
  5582   001378                     
  5583                           ;menu.c: 507:       min = 0;
  5584   001378  0E00               	movlw	0
  5585   00137A  6E42               	movwf	set_time@min^0,c
  5586   00137C  EF6C  F007         	goto	l3336
  5587   001380                     l3440:
  5588   001380  0E02               	movlw	2
  5589   001382  1844               	xorwf	set_time@field^0,w,c
  5590   001384  A4D8               	btfss	status,2,c
  5591   001386  EFC7  F009         	goto	u3031
  5592   00138A  EFC9  F009         	goto	u3030
  5593   00138E                     u3031:
  5594   00138E  EF73  F009         	goto	l524
  5595   001392                     u3030:
  5596   001392                     
  5597                           ;menu.c: 510:      {;menu.c: 511:   hr++;
  5598   001392  2A43               	incf	set_time@hr^0,f,c
  5599   001394                     
  5600                           ;menu.c: 512:   if(hr > 23)
  5601   001394  0E17               	movlw	23
  5602   001396  6443               	cpfsgt	set_time@hr^0,c
  5603   001398  EFD0  F009         	goto	u3041
  5604   00139C  EFD2  F009         	goto	u3040
  5605   0013A0                     u3041:
  5606   0013A0  EF6C  F007         	goto	l3336
  5607   0013A4                     u3040:
  5608   0013A4                     
  5609                           ;menu.c: 513:       hr = 0;
  5610   0013A4  0E00               	movlw	0
  5611   0013A6  6E43               	movwf	set_time@hr^0,c
  5612   0013A8  EF6C  F007         	goto	l3336
  5613   0013AC                     l3448:
  5614                           
  5615                           ;menu.c: 518:     bcd_sec = (sec % 10) & bcd_sec;
  5616   0013AC  C041  F001         	movff	set_time@sec,___awmod@dividend
  5617   0013B0  6A02               	clrf	(___awmod@dividend+1)^0,c
  5618   0013B2  0E00               	movlw	0
  5619   0013B4  6E04               	movwf	(___awmod@divisor+1)^0,c
  5620   0013B6  0E0A               	movlw	10
  5621   0013B8  6E03               	movwf	___awmod@divisor^0,c
  5622   0013BA  EC63  F010         	call	___awmod	;wreg free
  5623   0013BE  5001               	movf	?___awmod^0,w,c
  5624   0013C0  143F               	andwf	set_time@bcd_sec^0,w,c
  5625   0013C2  6E3F               	movwf	set_time@bcd_sec^0,c
  5626                           
  5627                           ;menu.c: 519:     bcd_sec = ((sec / 10) << 4 ) | bcd_sec;
  5628   0013C4  C041  F001         	movff	set_time@sec,___awdiv@dividend
  5629   0013C8  6A02               	clrf	(___awdiv@dividend+1)^0,c
  5630   0013CA  0E00               	movlw	0
  5631   0013CC  6E04               	movwf	(___awdiv@divisor+1)^0,c
  5632   0013CE  0E0A               	movlw	10
  5633   0013D0  6E03               	movwf	___awdiv@divisor^0,c
  5634   0013D2  EC01  F010         	call	___awdiv	;wreg free
  5635   0013D6  3801               	swapf	?___awdiv^0,w,c
  5636   0013D8  0BF0               	andlw	240
  5637   0013DA  103F               	iorwf	set_time@bcd_sec^0,w,c
  5638   0013DC  6E3F               	movwf	set_time@bcd_sec^0,c
  5639   0013DE                     
  5640                           ;menu.c: 520:     write_ds1307(0x00, bcd_sec);
  5641   0013DE  C03F  F002         	movff	set_time@bcd_sec,write_ds1307@data
  5642   0013E2  0E00               	movlw	0
  5643   0013E4  EC65  F014         	call	_write_ds1307
  5644   0013E8                     
  5645                           ;menu.c: 522:     bcd_min = (min % 10) & bcd_min;
  5646   0013E8  C042  F001         	movff	set_time@min,___awmod@dividend
  5647   0013EC  6A02               	clrf	(___awmod@dividend+1)^0,c
  5648   0013EE  0E00               	movlw	0
  5649   0013F0  6E04               	movwf	(___awmod@divisor+1)^0,c
  5650   0013F2  0E0A               	movlw	10
  5651   0013F4  6E03               	movwf	___awmod@divisor^0,c
  5652   0013F6  EC63  F010         	call	___awmod	;wreg free
  5653   0013FA  5001               	movf	?___awmod^0,w,c
  5654   0013FC  1440               	andwf	set_time@bcd_min^0,w,c
  5655   0013FE  6E40               	movwf	set_time@bcd_min^0,c
  5656   001400                     
  5657                           ;menu.c: 523:     bcd_min = ((min / 10) << 4 ) | bcd_min;
  5658   001400  C042  F001         	movff	set_time@min,___awdiv@dividend
  5659   001404  6A02               	clrf	(___awdiv@dividend+1)^0,c
  5660   001406  0E00               	movlw	0
  5661   001408  6E04               	movwf	(___awdiv@divisor+1)^0,c
  5662   00140A  0E0A               	movlw	10
  5663   00140C  6E03               	movwf	___awdiv@divisor^0,c
  5664   00140E  EC01  F010         	call	___awdiv	;wreg free
  5665   001412  3801               	swapf	?___awdiv^0,w,c
  5666   001414  0BF0               	andlw	240
  5667   001416  1040               	iorwf	set_time@bcd_min^0,w,c
  5668   001418  6E40               	movwf	set_time@bcd_min^0,c
  5669   00141A                     
  5670                           ;menu.c: 524:     write_ds1307(0x01, bcd_min);
  5671   00141A  C040  F002         	movff	set_time@bcd_min,write_ds1307@data
  5672   00141E  0E01               	movlw	1
  5673   001420  EC65  F014         	call	_write_ds1307
  5674                           
  5675                           ;menu.c: 526:     bcd_hr = ((hr % 10) & 0x0f) | (0 & bcd_hr);
  5676   001424  C043  F001         	movff	set_time@hr,___awmod@dividend
  5677   001428  6A02               	clrf	(___awmod@dividend+1)^0,c
  5678   00142A  0E00               	movlw	0
  5679   00142C  6E04               	movwf	(___awmod@divisor+1)^0,c
  5680   00142E  0E0A               	movlw	10
  5681   001430  6E03               	movwf	___awmod@divisor^0,c
  5682   001432  EC63  F010         	call	___awmod	;wreg free
  5683   001436  5001               	movf	?___awmod^0,w,c
  5684   001438  0B0F               	andlw	15
  5685   00143A  6E3E               	movwf	set_time@bcd_hr^0,c
  5686                           
  5687                           ;menu.c: 527:     bcd_hr = ((hr / 10) & 0xf0) | bcd_hr;
  5688   00143C  C043  F001         	movff	set_time@hr,___awdiv@dividend
  5689   001440  6A02               	clrf	(___awdiv@dividend+1)^0,c
  5690   001442  0E00               	movlw	0
  5691   001444  6E04               	movwf	(___awdiv@divisor+1)^0,c
  5692   001446  0E0A               	movlw	10
  5693   001448  6E03               	movwf	___awdiv@divisor^0,c
  5694   00144A  EC01  F010         	call	___awdiv	;wreg free
  5695   00144E  5001               	movf	?___awdiv^0,w,c
  5696   001450  0BF0               	andlw	240
  5697   001452  103E               	iorwf	set_time@bcd_hr^0,w,c
  5698   001454  6E3E               	movwf	set_time@bcd_hr^0,c
  5699   001456                     
  5700                           ;menu.c: 528:     write_ds1307(0x02, bcd_hr);
  5701   001456  C03E  F002         	movff	set_time@bcd_hr,write_ds1307@data
  5702   00145A  0E02               	movlw	2
  5703   00145C  EC65  F014         	call	_write_ds1307
  5704   001460  0012               	return		;funcret
  5705   001462                     __end_of_set_time:
  5706                           	callstack 0
  5707                           
  5708 ;; *************** function _write_ds1307 *****************
  5709 ;; Defined at:
  5710 ;;		line 45 in file "ds1307.c"
  5711 ;; Parameters:    Size  Location     Type
  5712 ;;  address         1    wreg     unsigned char 
  5713 ;;  data            1    1[COMRAM] unsigned char 
  5714 ;; Auto vars:     Size  Location     Type
  5715 ;;  address         1    2[COMRAM] unsigned char 
  5716 ;; Return value:  Size  Location     Type
  5717 ;;                  1    wreg      void 
  5718 ;; Registers used:
  5719 ;;		wreg, status,2, cstack
  5720 ;; Tracked objects:
  5721 ;;		On entry : 0/0
  5722 ;;		On exit  : 0/0
  5723 ;;		Unchanged: 0/0
  5724 ;; Data sizes:     COMRAM   BANK0   BANK1   BANK2   BANK3   BANK4   BANK5
  5725 ;;      Params:         1       0       0       0       0       0       0
  5726 ;;      Locals:         1       0       0       0       0       0       0
  5727 ;;      Temps:          0       0       0       0       0       0       0
  5728 ;;      Totals:         2       0       0       0       0       0       0
  5729 ;;Total ram usage:        2 bytes
  5730 ;; Hardware stack levels used: 1
  5731 ;; Hardware stack levels required when called: 3
  5732 ;; This function calls:
  5733 ;;		_i2c_start
  5734 ;;		_i2c_stop
  5735 ;;		_i2c_write
  5736 ;; This function is called by:
  5737 ;;		_init_ds1307
  5738 ;;		_set_time
  5739 ;; This function uses a non-reentrant model
  5740 ;;
  5741                           
  5742                           	psect	text15
  5743   0028CA                     __ptext15:
  5744                           	callstack 0
  5745   0028CA                     _write_ds1307:
  5746                           	callstack 25
  5747                           
  5748                           ;incstack = 0
  5749                           ;write_ds1307@address stored from wreg
  5750   0028CA  6E03               	movwf	write_ds1307@address^0,c
  5751   0028CC                     
  5752                           ;ds1307.c: 45: void write_ds1307(unsigned char address, unsigned char data);ds1307.c: 46
      +                          : {;ds1307.c: 47:  i2c_start();
  5753   0028CC  ECD4  F014         	call	_i2c_start	;wreg free
  5754   0028D0                     
  5755                           ;ds1307.c: 48:  i2c_write(0xD0);
  5756   0028D0  0ED0               	movlw	208
  5757   0028D2  ECBE  F014         	call	_i2c_write
  5758   0028D6                     
  5759                           ;ds1307.c: 49:  i2c_write(address);
  5760   0028D6  5003               	movf	write_ds1307@address^0,w,c
  5761   0028D8  ECBE  F014         	call	_i2c_write
  5762   0028DC                     
  5763                           ;ds1307.c: 50:  i2c_write(data);
  5764   0028DC  5002               	movf	write_ds1307@data^0,w,c
  5765   0028DE  ECBE  F014         	call	_i2c_write
  5766   0028E2                     
  5767                           ;ds1307.c: 51:  i2c_stop();
  5768   0028E2  ECD0  F014         	call	_i2c_stop	;wreg free
  5769   0028E6  0012               	return		;funcret
  5770   0028E8                     __end_of_write_ds1307:
  5771                           	callstack 0
  5772                           
  5773 ;; *************** function _read_ds1307 *****************
  5774 ;; Defined at:
  5775 ;;		line 54 in file "ds1307.c"
  5776 ;; Parameters:    Size  Location     Type
  5777 ;;  address         1    wreg     unsigned char 
  5778 ;; Auto vars:     Size  Location     Type
  5779 ;;  address         1    1[COMRAM] unsigned char 
  5780 ;;  data            1    2[COMRAM] unsigned char 
  5781 ;; Return value:  Size  Location     Type
  5782 ;;                  1    wreg      unsigned char 
  5783 ;; Registers used:
  5784 ;;		wreg, status,2, cstack
  5785 ;; Tracked objects:
  5786 ;;		On entry : 0/0
  5787 ;;		On exit  : 0/0
  5788 ;;		Unchanged: 0/0
  5789 ;; Data sizes:     COMRAM   BANK0   BANK1   BANK2   BANK3   BANK4   BANK5
  5790 ;;      Params:         0       0       0       0       0       0       0
  5791 ;;      Locals:         2       0       0       0       0       0       0
  5792 ;;      Temps:          0       0       0       0       0       0       0
  5793 ;;      Totals:         2       0       0       0       0       0       0
  5794 ;;Total ram usage:        2 bytes
  5795 ;; Hardware stack levels used: 1
  5796 ;; Hardware stack levels required when called: 4
  5797 ;; This function calls:
  5798 ;;		_i2c_read
  5799 ;;		_i2c_rep_start
  5800 ;;		_i2c_start
  5801 ;;		_i2c_stop
  5802 ;;		_i2c_write
  5803 ;; This function is called by:
  5804 ;;		_init_ds1307
  5805 ;;		_get_time
  5806 ;;		_set_time
  5807 ;; This function uses a non-reentrant model
  5808 ;;
  5809                           
  5810                           	psect	text16
  5811   002830                     __ptext16:
  5812                           	callstack 0
  5813   002830                     _read_ds1307:
  5814                           	callstack 24
  5815                           
  5816                           ;incstack = 0
  5817                           ;read_ds1307@address stored from wreg
  5818   002830  6E02               	movwf	read_ds1307@address^0,c
  5819   002832                     
  5820                           ;ds1307.c: 54: unsigned char read_ds1307(unsigned char address);ds1307.c: 55: {;ds1307.c
      +                          : 56:  unsigned char data;;ds1307.c: 58:  i2c_start();
  5821   002832  ECD4  F014         	call	_i2c_start	;wreg free
  5822   002836                     
  5823                           ;ds1307.c: 59:  i2c_write(0xD0);
  5824   002836  0ED0               	movlw	208
  5825   002838  ECBE  F014         	call	_i2c_write
  5826   00283C                     
  5827                           ;ds1307.c: 60:  i2c_write(address);
  5828   00283C  5002               	movf	read_ds1307@address^0,w,c
  5829   00283E  ECBE  F014         	call	_i2c_write
  5830   002842                     
  5831                           ;ds1307.c: 61:  i2c_rep_start();
  5832   002842  ECC4  F014         	call	_i2c_rep_start	;wreg free
  5833   002846                     
  5834                           ;ds1307.c: 62:  i2c_write(0xD1);
  5835   002846  0ED1               	movlw	209
  5836   002848  ECBE  F014         	call	_i2c_write
  5837                           
  5838                           ;ds1307.c: 63:  data = i2c_read();
  5839   00284C  ECC8  F014         	call	_i2c_read	;wreg free
  5840   002850  6E03               	movwf	read_ds1307@data^0,c
  5841   002852                     
  5842                           ;ds1307.c: 64:  i2c_stop();
  5843   002852  ECD0  F014         	call	_i2c_stop	;wreg free
  5844                           
  5845                           ;ds1307.c: 66:  return data;
  5846   002856  5003               	movf	read_ds1307@data^0,w,c
  5847   002858  0012               	return		;funcret
  5848   00285A                     __end_of_read_ds1307:
  5849                           	callstack 0
  5850                           
  5851 ;; *************** function ___awmod *****************
  5852 ;; Defined at:
  5853 ;;		line 7 in file "C:\Program Files\Microchip\xc8\v2.41\pic\sources\c99\common\awmod.c"
  5854 ;; Parameters:    Size  Location     Type
  5855 ;;  dividend        2    0[COMRAM] int 
  5856 ;;  divisor         2    2[COMRAM] int 
  5857 ;; Auto vars:     Size  Location     Type
  5858 ;;  sign            1    5[COMRAM] unsigned char 
  5859 ;;  counter         1    4[COMRAM] unsigned char 
  5860 ;; Return value:  Size  Location     Type
  5861 ;;                  2    0[COMRAM] int 
  5862 ;; Registers used:
  5863 ;;		wreg, status,2, status,0
  5864 ;; Tracked objects:
  5865 ;;		On entry : 0/0
  5866 ;;		On exit  : 0/0
  5867 ;;		Unchanged: 0/0
  5868 ;; Data sizes:     COMRAM   BANK0   BANK1   BANK2   BANK3   BANK4   BANK5
  5869 ;;      Params:         4       0       0       0       0       0       0
  5870 ;;      Locals:         2       0       0       0       0       0       0
  5871 ;;      Temps:          0       0       0       0       0       0       0
  5872 ;;      Totals:         6       0       0       0       0       0       0
  5873 ;;Total ram usage:        6 bytes
  5874 ;; Hardware stack levels used: 1
  5875 ;; Hardware stack levels required when called: 1
  5876 ;; This function calls:
  5877 ;;		Nothing
  5878 ;; This function is called by:
  5879 ;;		_set_time
  5880 ;; This function uses a non-reentrant model
  5881 ;;
  5882                           
  5883                           	psect	text17
  5884   0020C6                     __ptext17:
  5885                           	callstack 0
  5886   0020C6                     ___awmod:
  5887                           	callstack 27
  5888   0020C6  0E00               	movlw	0
  5889   0020C8  6E06               	movwf	___awmod@sign^0,c
  5890   0020CA  BE02               	btfsc	(___awmod@dividend+1)^0,7,c
  5891   0020CC  EF6C  F010         	goto	u2460
  5892   0020D0  EF6A  F010         	goto	u2461
  5893   0020D4                     u2461:
  5894   0020D4  EF72  F010         	goto	l3060
  5895   0020D8                     u2460:
  5896   0020D8  6C01               	negf	___awmod@dividend^0,c
  5897   0020DA  1E02               	comf	(___awmod@dividend+1)^0,f,c
  5898   0020DC  B0D8               	btfsc	status,0,c
  5899   0020DE  2A02               	incf	(___awmod@dividend+1)^0,f,c
  5900   0020E0  0E01               	movlw	1
  5901   0020E2  6E06               	movwf	___awmod@sign^0,c
  5902   0020E4                     l3060:
  5903   0020E4  BE04               	btfsc	(___awmod@divisor+1)^0,7,c
  5904   0020E6  EF79  F010         	goto	u2470
  5905   0020EA  EF77  F010         	goto	u2471
  5906   0020EE                     u2471:
  5907   0020EE  EF7D  F010         	goto	l3064
  5908   0020F2                     u2470:
  5909   0020F2  6C03               	negf	___awmod@divisor^0,c
  5910   0020F4  1E04               	comf	(___awmod@divisor+1)^0,f,c
  5911   0020F6  B0D8               	btfsc	status,0,c
  5912   0020F8  2A04               	incf	(___awmod@divisor+1)^0,f,c
  5913   0020FA                     l3064:
  5914   0020FA  5003               	movf	___awmod@divisor^0,w,c
  5915   0020FC  1004               	iorwf	(___awmod@divisor+1)^0,w,c
  5916   0020FE  B4D8               	btfsc	status,2,c
  5917   002100  EF84  F010         	goto	u2481
  5918   002104  EF86  F010         	goto	u2480
  5919   002108                     u2481:
  5920   002108  EFAA  F010         	goto	l3080
  5921   00210C                     u2480:
  5922   00210C  0E01               	movlw	1
  5923   00210E  6E05               	movwf	___awmod@counter^0,c
  5924   002110  EF8E  F010         	goto	l3070
  5925   002114                     l3068:
  5926   002114  90D8               	bcf	status,0,c
  5927   002116  3603               	rlcf	___awmod@divisor^0,f,c
  5928   002118  3604               	rlcf	(___awmod@divisor+1)^0,f,c
  5929   00211A  2A05               	incf	___awmod@counter^0,f,c
  5930   00211C                     l3070:
  5931   00211C  AE04               	btfss	(___awmod@divisor+1)^0,7,c
  5932   00211E  EF93  F010         	goto	u2491
  5933   002122  EF95  F010         	goto	u2490
  5934   002126                     u2491:
  5935   002126  EF8A  F010         	goto	l3068
  5936   00212A                     u2490:
  5937   00212A                     l3072:
  5938   00212A  5003               	movf	___awmod@divisor^0,w,c
  5939   00212C  5C01               	subwf	___awmod@dividend^0,w,c
  5940   00212E  5004               	movf	(___awmod@divisor+1)^0,w,c
  5941   002130  5802               	subwfb	(___awmod@dividend+1)^0,w,c
  5942   002132  A0D8               	btfss	status,0,c
  5943   002134  EF9E  F010         	goto	u2501
  5944   002138  EFA0  F010         	goto	u2500
  5945   00213C                     u2501:
  5946   00213C  EFA4  F010         	goto	l3076
  5947   002140                     u2500:
  5948   002140  5003               	movf	___awmod@divisor^0,w,c
  5949   002142  5E01               	subwf	___awmod@dividend^0,f,c
  5950   002144  5004               	movf	(___awmod@divisor+1)^0,w,c
  5951   002146  5A02               	subwfb	(___awmod@dividend+1)^0,f,c
  5952   002148                     l3076:
  5953   002148  90D8               	bcf	status,0,c
  5954   00214A  3204               	rrcf	(___awmod@divisor+1)^0,f,c
  5955   00214C  3203               	rrcf	___awmod@divisor^0,f,c
  5956   00214E  2E05               	decfsz	___awmod@counter^0,f,c
  5957   002150  EF95  F010         	goto	l3072
  5958   002154                     l3080:
  5959   002154  5006               	movf	___awmod@sign^0,w,c
  5960   002156  B4D8               	btfsc	status,2,c
  5961   002158  EFB0  F010         	goto	u2511
  5962   00215C  EFB2  F010         	goto	u2510
  5963   002160                     u2511:
  5964   002160  EFB6  F010         	goto	l3084
  5965   002164                     u2510:
  5966   002164  6C01               	negf	___awmod@dividend^0,c
  5967   002166  1E02               	comf	(___awmod@dividend+1)^0,f,c
  5968   002168  B0D8               	btfsc	status,0,c
  5969   00216A  2A02               	incf	(___awmod@dividend+1)^0,f,c
  5970   00216C                     l3084:
  5971   00216C  C001  F001         	movff	___awmod@dividend,?___awmod
  5972   002170  C002  F002         	movff	___awmod@dividend+1,?___awmod+1
  5973   002174  0012               	return		;funcret
  5974   002176                     __end_of___awmod:
  5975                           	callstack 0
  5976                           
  5977 ;; *************** function ___awdiv *****************
  5978 ;; Defined at:
  5979 ;;		line 7 in file "C:\Program Files\Microchip\xc8\v2.41\pic\sources\c99\common\awdiv.c"
  5980 ;; Parameters:    Size  Location     Type
  5981 ;;  dividend        2    0[COMRAM] int 
  5982 ;;  divisor         2    2[COMRAM] int 
  5983 ;; Auto vars:     Size  Location     Type
  5984 ;;  quotient        2    6[COMRAM] int 
  5985 ;;  sign            1    5[COMRAM] unsigned char 
  5986 ;;  counter         1    4[COMRAM] unsigned char 
  5987 ;; Return value:  Size  Location     Type
  5988 ;;                  2    0[COMRAM] int 
  5989 ;; Registers used:
  5990 ;;		wreg, status,2, status,0
  5991 ;; Tracked objects:
  5992 ;;		On entry : 0/0
  5993 ;;		On exit  : 0/0
  5994 ;;		Unchanged: 0/0
  5995 ;; Data sizes:     COMRAM   BANK0   BANK1   BANK2   BANK3   BANK4   BANK5
  5996 ;;      Params:         4       0       0       0       0       0       0
  5997 ;;      Locals:         4       0       0       0       0       0       0
  5998 ;;      Temps:          0       0       0       0       0       0       0
  5999 ;;      Totals:         8       0       0       0       0       0       0
  6000 ;;Total ram usage:        8 bytes
  6001 ;; Hardware stack levels used: 1
  6002 ;; Hardware stack levels required when called: 1
  6003 ;; This function calls:
  6004 ;;		Nothing
  6005 ;; This function is called by:
  6006 ;;		_set_time
  6007 ;; This function uses a non-reentrant model
  6008 ;;
  6009                           
  6010                           	psect	text18
  6011   002002                     __ptext18:
  6012                           	callstack 0
  6013   002002                     ___awdiv:
  6014                           	callstack 27
  6015   002002  0E00               	movlw	0
  6016   002004  6E06               	movwf	___awdiv@sign^0,c
  6017   002006  BE04               	btfsc	(___awdiv@divisor+1)^0,7,c
  6018   002008  EF0A  F010         	goto	u2400
  6019   00200C  EF08  F010         	goto	u2401
  6020   002010                     u2401:
  6021   002010  EF10  F010         	goto	l3016
  6022   002014                     u2400:
  6023   002014  6C03               	negf	___awdiv@divisor^0,c
  6024   002016  1E04               	comf	(___awdiv@divisor+1)^0,f,c
  6025   002018  B0D8               	btfsc	status,0,c
  6026   00201A  2A04               	incf	(___awdiv@divisor+1)^0,f,c
  6027   00201C  0E01               	movlw	1
  6028   00201E  6E06               	movwf	___awdiv@sign^0,c
  6029   002020                     l3016:
  6030   002020  BE02               	btfsc	(___awdiv@dividend+1)^0,7,c
  6031   002022  EF17  F010         	goto	u2410
  6032   002026  EF15  F010         	goto	u2411
  6033   00202A                     u2411:
  6034   00202A  EF1D  F010         	goto	l3022
  6035   00202E                     u2410:
  6036   00202E  6C01               	negf	___awdiv@dividend^0,c
  6037   002030  1E02               	comf	(___awdiv@dividend+1)^0,f,c
  6038   002032  B0D8               	btfsc	status,0,c
  6039   002034  2A02               	incf	(___awdiv@dividend+1)^0,f,c
  6040   002036  0E01               	movlw	1
  6041   002038  1A06               	xorwf	___awdiv@sign^0,f,c
  6042   00203A                     l3022:
  6043   00203A  0E00               	movlw	0
  6044   00203C  6E08               	movwf	(___awdiv@quotient+1)^0,c
  6045   00203E  0E00               	movlw	0
  6046   002040  6E07               	movwf	___awdiv@quotient^0,c
  6047   002042  5003               	movf	___awdiv@divisor^0,w,c
  6048   002044  1004               	iorwf	(___awdiv@divisor+1)^0,w,c
  6049   002046  B4D8               	btfsc	status,2,c
  6050   002048  EF28  F010         	goto	u2421
  6051   00204C  EF2A  F010         	goto	u2420
  6052   002050                     u2421:
  6053   002050  EF52  F010         	goto	l3044
  6054   002054                     u2420:
  6055   002054  0E01               	movlw	1
  6056   002056  6E05               	movwf	___awdiv@counter^0,c
  6057   002058  EF32  F010         	goto	l3030
  6058   00205C                     l3028:
  6059   00205C  90D8               	bcf	status,0,c
  6060   00205E  3603               	rlcf	___awdiv@divisor^0,f,c
  6061   002060  3604               	rlcf	(___awdiv@divisor+1)^0,f,c
  6062   002062  2A05               	incf	___awdiv@counter^0,f,c
  6063   002064                     l3030:
  6064   002064  AE04               	btfss	(___awdiv@divisor+1)^0,7,c
  6065   002066  EF37  F010         	goto	u2431
  6066   00206A  EF39  F010         	goto	u2430
  6067   00206E                     u2431:
  6068   00206E  EF2E  F010         	goto	l3028
  6069   002072                     u2430:
  6070   002072                     l3032:
  6071   002072  90D8               	bcf	status,0,c
  6072   002074  3607               	rlcf	___awdiv@quotient^0,f,c
  6073   002076  3608               	rlcf	(___awdiv@quotient+1)^0,f,c
  6074   002078  5003               	movf	___awdiv@divisor^0,w,c
  6075   00207A  5C01               	subwf	___awdiv@dividend^0,w,c
  6076   00207C  5004               	movf	(___awdiv@divisor+1)^0,w,c
  6077   00207E  5802               	subwfb	(___awdiv@dividend+1)^0,w,c
  6078   002080  A0D8               	btfss	status,0,c
  6079   002082  EF45  F010         	goto	u2441
  6080   002086  EF47  F010         	goto	u2440
  6081   00208A                     u2441:
  6082   00208A  EF4C  F010         	goto	l3040
  6083   00208E                     u2440:
  6084   00208E  5003               	movf	___awdiv@divisor^0,w,c
  6085   002090  5E01               	subwf	___awdiv@dividend^0,f,c
  6086   002092  5004               	movf	(___awdiv@divisor+1)^0,w,c
  6087   002094  5A02               	subwfb	(___awdiv@dividend+1)^0,f,c
  6088   002096  8007               	bsf	___awdiv@quotient^0,0,c
  6089   002098                     l3040:
  6090   002098  90D8               	bcf	status,0,c
  6091   00209A  3204               	rrcf	(___awdiv@divisor+1)^0,f,c
  6092   00209C  3203               	rrcf	___awdiv@divisor^0,f,c
  6093   00209E  2E05               	decfsz	___awdiv@counter^0,f,c
  6094   0020A0  EF39  F010         	goto	l3032
  6095   0020A4                     l3044:
  6096   0020A4  5006               	movf	___awdiv@sign^0,w,c
  6097   0020A6  B4D8               	btfsc	status,2,c
  6098   0020A8  EF58  F010         	goto	u2451
  6099   0020AC  EF5A  F010         	goto	u2450
  6100   0020B0                     u2451:
  6101   0020B0  EF5E  F010         	goto	l3048
  6102   0020B4                     u2450:
  6103   0020B4  6C07               	negf	___awdiv@quotient^0,c
  6104   0020B6  1E08               	comf	(___awdiv@quotient+1)^0,f,c
  6105   0020B8  B0D8               	btfsc	status,0,c
  6106   0020BA  2A08               	incf	(___awdiv@quotient+1)^0,f,c
  6107   0020BC                     l3048:
  6108   0020BC  C007  F001         	movff	___awdiv@quotient,?___awdiv
  6109   0020C0  C008  F002         	movff	___awdiv@quotient+1,?___awdiv+1
  6110   0020C4  0012               	return		;funcret
  6111   0020C6                     __end_of___awdiv:
  6112                           	callstack 0
  6113                           
  6114 ;; *************** function _download_log *****************
  6115 ;; Defined at:
  6116 ;;		line 348 in file "menu.c"
  6117 ;; Parameters:    Size  Location     Type
  6118 ;;		None
  6119 ;; Auto vars:     Size  Location     Type
  6120 ;;  j               2   33[COMRAM] int 
  6121 ;;  i               2   31[COMRAM] int 
  6122 ;;  data           16    9[COMRAM] unsigned char [16]
  6123 ;;  ti4             4   25[COMRAM] unsigned long 
  6124 ;;  addr2           2   29[COMRAM] unsigned int 
  6125 ;;  k1              1    0        unsigned char 
  6126 ;; Return value:  Size  Location     Type
  6127 ;;                  1    wreg      void 
  6128 ;; Registers used:
  6129 ;;		wreg, fsr0l, fsr0h, fsr2l, fsr2h, status,2, status,0, tblptrl, tblptrh, tblptru, cstack
  6130 ;; Tracked objects:
  6131 ;;		On entry : 0/0
  6132 ;;		On exit  : 0/0
  6133 ;;		Unchanged: 0/0
  6134 ;; Data sizes:     COMRAM   BANK0   BANK1   BANK2   BANK3   BANK4   BANK5
  6135 ;;      Params:         0       0       0       0       0       0       0
  6136 ;;      Locals:        26       0       0       0       0       0       0
  6137 ;;      Temps:          0       0       0       0       0       0       0
  6138 ;;      Totals:        26       0       0       0       0       0       0
  6139 ;;Total ram usage:       26 bytes
  6140 ;; Hardware stack levels used: 1
  6141 ;; Hardware stack levels required when called: 5
  6142 ;; This function calls:
  6143 ;;		_clcd_print
  6144 ;;		_puts
  6145 ;;		_read_eeprom
  6146 ;; This function is called by:
  6147 ;;		_enter_menu
  6148 ;; This function uses a non-reentrant model
  6149 ;;
  6150                           
  6151                           	psect	text19
  6152   001A4A                     __ptext19:
  6153                           	callstack 0
  6154   001A4A                     _download_log:
  6155                           	callstack 24
  6156   001A4A                     
  6157                           ;menu.c: 350:     unsigned long ti4 = 0;
  6158   001A4A  0E00               	movlw	0
  6159   001A4C  6E1A               	movwf	download_log@ti4^0,c
  6160   001A4E  0E00               	movlw	0
  6161   001A50  6E1B               	movwf	(download_log@ti4+1)^0,c
  6162   001A52  0E00               	movlw	0
  6163   001A54  6E1C               	movwf	(download_log@ti4+2)^0,c
  6164   001A56  0E00               	movlw	0
  6165   001A58  6E1D               	movwf	(download_log@ti4+3)^0,c
  6166                           
  6167                           ;menu.c: 352:     char data[16];;menu.c: 353:     unsigned int addr2 = 0;
  6168   001A5A  0E00               	movlw	0
  6169   001A5C  6E1F               	movwf	(download_log@addr2+1)^0,c
  6170   001A5E  0E00               	movlw	0
  6171   001A60  6E1E               	movwf	download_log@addr2^0,c
  6172   001A62                     
  6173                           ;menu.c: 354:     if( event == 0 )
  6174   001A62  5053               	movf	_event^0,w,c
  6175   001A64  1054               	iorwf	(_event+1)^0,w,c
  6176   001A66  A4D8               	btfss	status,2,c
  6177   001A68  EF38  F00D         	goto	u2711
  6178   001A6C  EF3A  F00D         	goto	u2710
  6179   001A70                     u2711:
  6180   001A70  EF48  F00D         	goto	l3274
  6181   001A74                     u2710:
  6182   001A74                     
  6183                           ;menu.c: 355:     {;menu.c: 356:  puts("Downloaded Details from Block Box\n\r");
  6184   001A74  0E3D               	movlw	low STR_22
  6185   001A76  6E02               	movwf	puts@s^0,c
  6186   001A78  0E2E               	movlw	high STR_22
  6187   001A7A  6E03               	movwf	(puts@s+1)^0,c
  6188   001A7C  EC08  F013         	call	_puts	;wreg free
  6189                           
  6190                           ;menu.c: 357:  puts("Logs Are Empty!\n\r");
  6191   001A80  0EC8               	movlw	low STR_23
  6192   001A82  6E02               	movwf	puts@s^0,c
  6193   001A84  0E2E               	movlw	high STR_23
  6194   001A86  6E03               	movwf	(puts@s+1)^0,c
  6195   001A88  EC08  F013         	call	_puts	;wreg free
  6196                           
  6197                           ;menu.c: 358:     }
  6198   001A8C  EFA7  F00D         	goto	l3304
  6199   001A90                     l3274:
  6200                           
  6201                           ;menu.c: 360:     {;menu.c: 361:  puts("Downloaded Details from Block Box\n\r");
  6202   001A90  0E3D               	movlw	low STR_22
  6203   001A92  6E02               	movwf	puts@s^0,c
  6204   001A94  0E2E               	movlw	high STR_22
  6205   001A96  6E03               	movwf	(puts@s+1)^0,c
  6206   001A98  EC08  F013         	call	_puts	;wreg free
  6207                           
  6208                           ;menu.c: 362:  puts("  Time     Gear Spd \n\r");
  6209   001A9C  0E61               	movlw	low STR_25
  6210   001A9E  6E02               	movwf	puts@s^0,c
  6211   001AA0  0E2E               	movlw	high STR_25
  6212   001AA2  6E03               	movwf	(puts@s+1)^0,c
  6213   001AA4  EC08  F013         	call	_puts	;wreg free
  6214   001AA8                     
  6215                           ;menu.c: 364:  for( int i = 0; i < 10 && i < event ; i++ )
  6216   001AA8  0E00               	movlw	0
  6217   001AAA  6E21               	movwf	(download_log@i+1)^0,c
  6218   001AAC  0E00               	movlw	0
  6219   001AAE  6E20               	movwf	download_log@i^0,c
  6220   001AB0  EF8C  F00D         	goto	l3300
  6221   001AB4                     l3278:
  6222                           
  6223                           ;menu.c: 365:  {;menu.c: 366:      for( int j = 0; j < 14 ; j++ )
  6224   001AB4  0E00               	movlw	0
  6225   001AB6  6E23               	movwf	(download_log@j+1)^0,c
  6226   001AB8  0E00               	movlw	0
  6227   001ABA  6E22               	movwf	download_log@j^0,c
  6228   001ABC                     l3284:
  6229                           
  6230                           ;menu.c: 367:      {;menu.c: 368:   data[j] = read_eeprom(addr2++);
  6231   001ABC  0E0A               	movlw	low download_log@data
  6232   001ABE  2422               	addwf	download_log@j^0,w,c
  6233   001AC0  6ED9               	movwf	fsr2l,c
  6234   001AC2  0E00               	movlw	high download_log@data
  6235   001AC4  2023               	addwfc	(download_log@j+1)^0,w,c
  6236   001AC6  6EDA               	movwf	fsr2h,c
  6237   001AC8  501E               	movf	download_log@addr2^0,w,c
  6238   001ACA  EC2D  F014         	call	_read_eeprom
  6239   001ACE  6EDF               	movwf	indf2,c
  6240   001AD0  4A1E               	infsnz	download_log@addr2^0,f,c
  6241   001AD2  2A1F               	incf	(download_log@addr2+1)^0,f,c
  6242   001AD4                     
  6243                           ;menu.c: 369:      }
  6244   001AD4  4A22               	infsnz	download_log@j^0,f,c
  6245   001AD6  2A23               	incf	(download_log@j+1)^0,f,c
  6246   001AD8  BE23               	btfsc	(download_log@j+1)^0,7,c
  6247   001ADA  EF78  F00D         	goto	u2721
  6248   001ADE  5023               	movf	(download_log@j+1)^0,w,c
  6249   001AE0  E109               	bnz	u2720
  6250   001AE2  0E0E               	movlw	14
  6251   001AE4  5C22               	subwf	download_log@j^0,w,c
  6252   001AE6  A0D8               	btfss	status,0,c
  6253   001AE8  EF78  F00D         	goto	u2721
  6254   001AEC  EF7A  F00D         	goto	u2720
  6255   001AF0                     u2721:
  6256   001AF0  EF5E  F00D         	goto	l3284
  6257   001AF4                     u2720:
  6258   001AF4                     
  6259                           ;menu.c: 370:      data[14] = '\n';
  6260   001AF4  0E0A               	movlw	10
  6261   001AF6  6E18               	movwf	(download_log@data+14)^0,c
  6262                           
  6263                           ;menu.c: 371:      data[15] = '\r';
  6264   001AF8  0E0D               	movlw	13
  6265   001AFA  6E19               	movwf	(download_log@data+15)^0,c
  6266   001AFC                     
  6267                           ;menu.c: 372:      puts("  ");
  6268   001AFC  0EB5               	movlw	low (STR_2+14)
  6269   001AFE  6E02               	movwf	puts@s^0,c
  6270   001B00  0E2F               	movlw	high (STR_2+14)
  6271   001B02  6E03               	movwf	(puts@s+1)^0,c
  6272   001B04  EC08  F013         	call	_puts	;wreg free
  6273   001B08                     
  6274                           ;menu.c: 373:      puts(data);
  6275   001B08  0E0A               	movlw	low download_log@data
  6276   001B0A  6E02               	movwf	puts@s^0,c
  6277   001B0C  0E00               	movlw	high download_log@data
  6278   001B0E  6E03               	movwf	(puts@s+1)^0,c
  6279   001B10  EC08  F013         	call	_puts	;wreg free
  6280   001B14                     
  6281                           ;menu.c: 374:  }
  6282   001B14  4A20               	infsnz	download_log@i^0,f,c
  6283   001B16  2A21               	incf	(download_log@i+1)^0,f,c
  6284   001B18                     l3300:
  6285   001B18  BE21               	btfsc	(download_log@i+1)^0,7,c
  6286   001B1A  EF9A  F00D         	goto	u2730
  6287   001B1E  5021               	movf	(download_log@i+1)^0,w,c
  6288   001B20  E107               	bnz	u2731
  6289   001B22  0E0A               	movlw	10
  6290   001B24  5C20               	subwf	download_log@i^0,w,c
  6291   001B26  B0D8               	btfsc	status,0,c
  6292   001B28  EF98  F00D         	goto	u2731
  6293   001B2C  EF9A  F00D         	goto	u2730
  6294   001B30                     u2731:
  6295   001B30  EFA7  F00D         	goto	l486
  6296   001B34                     u2730:
  6297   001B34  5053               	movf	_event^0,w,c
  6298   001B36  5C20               	subwf	download_log@i^0,w,c
  6299   001B38  5054               	movf	(_event+1)^0,w,c
  6300   001B3A  5821               	subwfb	(download_log@i+1)^0,w,c
  6301   001B3C  A0D8               	btfss	status,0,c
  6302   001B3E  EFA3  F00D         	goto	u2741
  6303   001B42  EFA5  F00D         	goto	u2740
  6304   001B46                     u2741:
  6305   001B46  EF5A  F00D         	goto	l3278
  6306   001B4A                     u2740:
  6307   001B4A  EFA7  F00D         	goto	l3304
  6308   001B4E                     l486:
  6309   001B4E                     l3304:
  6310                           
  6311                           ;menu.c: 377:     {;menu.c: 378:  clcd_print("Download Log:      ",(0x80 + (0)));
  6312   001B4E  0E8D               	movlw	low STR_27
  6313   001B50  6E07               	movwf	clcd_print@data^0,c
  6314   001B52  0E2E               	movlw	high STR_27
  6315   001B54  6E08               	movwf	(clcd_print@data+1)^0,c
  6316   001B56  0E80               	movlw	128
  6317   001B58  6E09               	movwf	clcd_print@addr^0,c
  6318   001B5A  EC06  F012         	call	_clcd_print	;wreg free
  6319                           
  6320                           ;menu.c: 379:  clcd_print(" Uart Successful",(0xC0 + (0)));
  6321   001B5E  0E96               	movlw	low STR_28
  6322   001B60  6E07               	movwf	clcd_print@data^0,c
  6323   001B62  0E2F               	movlw	high STR_28
  6324   001B64  6E08               	movwf	(clcd_print@data+1)^0,c
  6325   001B66  0EC0               	movlw	192
  6326   001B68  6E09               	movwf	clcd_print@addr^0,c
  6327   001B6A  EC06  F012         	call	_clcd_print	;wreg free
  6328   001B6E                     
  6329                           ;menu.c: 380:  if( ti4++ == 1000 )
  6330   001B6E  0E01               	movlw	1
  6331   001B70  261A               	addwf	download_log@ti4^0,f,c
  6332   001B72  0E00               	movlw	0
  6333   001B74  221B               	addwfc	(download_log@ti4+1)^0,f,c
  6334   001B76  221C               	addwfc	(download_log@ti4+2)^0,f,c
  6335   001B78  221D               	addwfc	(download_log@ti4+3)^0,f,c
  6336   001B7A  0EE9               	movlw	233
  6337   001B7C  181A               	xorwf	download_log@ti4^0,w,c
  6338   001B7E  E109               	bnz	u2751
  6339   001B80  0E03               	movlw	3
  6340   001B82  181B               	xorwf	(download_log@ti4+1)^0,w,c
  6341   001B84  101C               	iorwf	(download_log@ti4+2)^0,w,c
  6342   001B86  101D               	iorwf	(download_log@ti4+3)^0,w,c
  6343   001B88  A4D8               	btfss	status,2,c
  6344   001B8A  EFC9  F00D         	goto	u2751
  6345   001B8E  EFCB  F00D         	goto	u2750
  6346   001B92                     u2751:
  6347   001B92  EFA7  F00D         	goto	l3304
  6348   001B96                     u2750:
  6349   001B96  0012               	return		;funcret
  6350   001B98                     __end_of_download_log:
  6351                           	callstack 0
  6352                           
  6353 ;; *************** function _read_eeprom *****************
  6354 ;; Defined at:
  6355 ;;		line 16 in file "eeprom.c"
  6356 ;; Parameters:    Size  Location     Type
  6357 ;;  address         1    wreg     unsigned char 
  6358 ;; Auto vars:     Size  Location     Type
  6359 ;;  address         1    1[COMRAM] unsigned char 
  6360 ;;  data            1    2[COMRAM] unsigned char 
  6361 ;; Return value:  Size  Location     Type
  6362 ;;                  1    wreg      unsigned char 
  6363 ;; Registers used:
  6364 ;;		wreg, status,2, cstack
  6365 ;; Tracked objects:
  6366 ;;		On entry : 0/0
  6367 ;;		On exit  : 0/0
  6368 ;;		Unchanged: 0/0
  6369 ;; Data sizes:     COMRAM   BANK0   BANK1   BANK2   BANK3   BANK4   BANK5
  6370 ;;      Params:         0       0       0       0       0       0       0
  6371 ;;      Locals:         2       0       0       0       0       0       0
  6372 ;;      Temps:          0       0       0       0       0       0       0
  6373 ;;      Totals:         2       0       0       0       0       0       0
  6374 ;;Total ram usage:        2 bytes
  6375 ;; Hardware stack levels used: 1
  6376 ;; Hardware stack levels required when called: 4
  6377 ;; This function calls:
  6378 ;;		_i2c_read
  6379 ;;		_i2c_rep_start
  6380 ;;		_i2c_start
  6381 ;;		_i2c_stop
  6382 ;;		_i2c_write
  6383 ;; This function is called by:
  6384 ;;		_enter_menu
  6385 ;;		_view_log
  6386 ;;		_download_log
  6387 ;; This function uses a non-reentrant model
  6388 ;;
  6389                           
  6390                           	psect	text20
  6391   00285A                     __ptext20:
  6392                           	callstack 0
  6393   00285A                     _read_eeprom:
  6394                           	callstack 24
  6395                           
  6396                           ;incstack = 0
  6397                           ;read_eeprom@address stored from wreg
  6398   00285A  6E02               	movwf	read_eeprom@address^0,c
  6399   00285C                     
  6400                           ;eeprom.c: 16: unsigned char read_eeprom(unsigned char address);eeprom.c: 17: {;eeprom.c
      +                          : 18:  unsigned char data;;eeprom.c: 20:  i2c_start();
  6401   00285C  ECD4  F014         	call	_i2c_start	;wreg free
  6402   002860                     
  6403                           ;eeprom.c: 21:  i2c_write(0xA0);
  6404   002860  0EA0               	movlw	160
  6405   002862  ECBE  F014         	call	_i2c_write
  6406   002866                     
  6407                           ;eeprom.c: 22:  i2c_write(address);
  6408   002866  5002               	movf	read_eeprom@address^0,w,c
  6409   002868  ECBE  F014         	call	_i2c_write
  6410   00286C                     
  6411                           ;eeprom.c: 23:  i2c_rep_start();
  6412   00286C  ECC4  F014         	call	_i2c_rep_start	;wreg free
  6413   002870                     
  6414                           ;eeprom.c: 24:  i2c_write(0xA1);
  6415   002870  0EA1               	movlw	161
  6416   002872  ECBE  F014         	call	_i2c_write
  6417                           
  6418                           ;eeprom.c: 25:  data = i2c_read();
  6419   002876  ECC8  F014         	call	_i2c_read	;wreg free
  6420   00287A  6E03               	movwf	read_eeprom@data^0,c
  6421   00287C                     
  6422                           ;eeprom.c: 26:  i2c_stop();
  6423   00287C  ECD0  F014         	call	_i2c_stop	;wreg free
  6424                           
  6425                           ;eeprom.c: 28:  return data;
  6426   002880  5003               	movf	read_eeprom@data^0,w,c
  6427   002882  0012               	return		;funcret
  6428   002884                     __end_of_read_eeprom:
  6429                           	callstack 0
  6430                           
  6431 ;; *************** function _i2c_rep_start *****************
  6432 ;; Defined at:
  6433 ;;		line 47 in file "i2c.c"
  6434 ;; Parameters:    Size  Location     Type
  6435 ;;		None
  6436 ;; Auto vars:     Size  Location     Type
  6437 ;;		None
  6438 ;; Return value:  Size  Location     Type
  6439 ;;                  1    wreg      void 
  6440 ;; Registers used:
  6441 ;;		cstack
  6442 ;; Tracked objects:
  6443 ;;		On entry : 0/0
  6444 ;;		On exit  : 0/0
  6445 ;;		Unchanged: 0/0
  6446 ;; Data sizes:     COMRAM   BANK0   BANK1   BANK2   BANK3   BANK4   BANK5
  6447 ;;      Params:         0       0       0       0       0       0       0
  6448 ;;      Locals:         0       0       0       0       0       0       0
  6449 ;;      Temps:          0       0       0       0       0       0       0
  6450 ;;      Totals:         0       0       0       0       0       0       0
  6451 ;;Total ram usage:        0 bytes
  6452 ;; Hardware stack levels used: 1
  6453 ;; Hardware stack levels required when called: 2
  6454 ;; This function calls:
  6455 ;;		_i2c_idle
  6456 ;; This function is called by:
  6457 ;;		_read_ds1307
  6458 ;;		_read_eeprom
  6459 ;; This function uses a non-reentrant model
  6460 ;;
  6461                           
  6462                           	psect	text21
  6463   002988                     __ptext21:
  6464                           	callstack 0
  6465   002988                     _i2c_rep_start:
  6466                           	callstack 25
  6467   002988                     
  6468                           ;i2c.c: 49:  RSEN = 1;
  6469   002988  82C5               	bsf	4037,1,c	;volatile
  6470   00298A                     
  6471                           ;i2c.c: 50:  i2c_idle();
  6472   00298A  ECAC  F014         	call	_i2c_idle	;wreg free
  6473   00298E  0012               	return		;funcret
  6474   002990                     __end_of_i2c_rep_start:
  6475                           	callstack 0
  6476                           
  6477 ;; *************** function _i2c_read *****************
  6478 ;; Defined at:
  6479 ;;		line 65 in file "i2c.c"
  6480 ;; Parameters:    Size  Location     Type
  6481 ;;		None
  6482 ;; Auto vars:     Size  Location     Type
  6483 ;;		None
  6484 ;; Return value:  Size  Location     Type
  6485 ;;                  1    wreg      unsigned char 
  6486 ;; Registers used:
  6487 ;;		wreg, status,2, cstack
  6488 ;; Tracked objects:
  6489 ;;		On entry : 0/0
  6490 ;;		On exit  : 0/0
  6491 ;;		Unchanged: 0/0
  6492 ;; Data sizes:     COMRAM   BANK0   BANK1   BANK2   BANK3   BANK4   BANK5
  6493 ;;      Params:         0       0       0       0       0       0       0
  6494 ;;      Locals:         0       0       0       0       0       0       0
  6495 ;;      Temps:          0       0       0       0       0       0       0
  6496 ;;      Totals:         0       0       0       0       0       0       0
  6497 ;;Total ram usage:        0 bytes
  6498 ;; Hardware stack levels used: 1
  6499 ;; Hardware stack levels required when called: 3
  6500 ;; This function calls:
  6501 ;;		_i2c_rx_mode
  6502 ;; This function is called by:
  6503 ;;		_read_ds1307
  6504 ;;		_read_eeprom
  6505 ;; This function uses a non-reentrant model
  6506 ;;
  6507                           
  6508                           	psect	text22
  6509   002990                     __ptext22:
  6510                           	callstack 0
  6511   002990                     _i2c_read:
  6512                           	callstack 24
  6513   002990                     
  6514                           ;i2c.c: 67:  i2c_rx_mode();
  6515   002990  ECCC  F014         	call	_i2c_rx_mode	;wreg free
  6516   002994                     
  6517                           ;i2c.c: 68:  return SSPBUF;
  6518   002994  50C9               	movf	201,w,c	;volatile
  6519   002996  0012               	return		;funcret
  6520   002998                     __end_of_i2c_read:
  6521                           	callstack 0
  6522                           
  6523 ;; *************** function _i2c_rx_mode *****************
  6524 ;; Defined at:
  6525 ;;		line 59 in file "i2c.c"
  6526 ;; Parameters:    Size  Location     Type
  6527 ;;		None
  6528 ;; Auto vars:     Size  Location     Type
  6529 ;;		None
  6530 ;; Return value:  Size  Location     Type
  6531 ;;                  1    wreg      void 
  6532 ;; Registers used:
  6533 ;;		cstack
  6534 ;; Tracked objects:
  6535 ;;		On entry : 0/0
  6536 ;;		On exit  : 0/0
  6537 ;;		Unchanged: 0/0
  6538 ;; Data sizes:     COMRAM   BANK0   BANK1   BANK2   BANK3   BANK4   BANK5
  6539 ;;      Params:         0       0       0       0       0       0       0
  6540 ;;      Locals:         0       0       0       0       0       0       0
  6541 ;;      Temps:          0       0       0       0       0       0       0
  6542 ;;      Totals:         0       0       0       0       0       0       0
  6543 ;;Total ram usage:        0 bytes
  6544 ;; Hardware stack levels used: 1
  6545 ;; Hardware stack levels required when called: 2
  6546 ;; This function calls:
  6547 ;;		_i2c_idle
  6548 ;; This function is called by:
  6549 ;;		_i2c_read
  6550 ;; This function uses a non-reentrant model
  6551 ;;
  6552                           
  6553                           	psect	text23
  6554   002998                     __ptext23:
  6555                           	callstack 0
  6556   002998                     _i2c_rx_mode:
  6557                           	callstack 24
  6558   002998                     
  6559                           ;i2c.c: 61:  RCEN = 1;
  6560   002998  86C5               	bsf	4037,3,c	;volatile
  6561   00299A                     
  6562                           ;i2c.c: 62:  i2c_idle();
  6563   00299A  ECAC  F014         	call	_i2c_idle	;wreg free
  6564   00299E  0012               	return		;funcret
  6565   0029A0                     __end_of_i2c_rx_mode:
  6566                           	callstack 0
  6567                           
  6568 ;; *************** function _puts *****************
  6569 ;; Defined at:
  6570 ;;		line 90 in file "uart.c"
  6571 ;; Parameters:    Size  Location     Type
  6572 ;;  s               2    1[COMRAM] PTR const unsigned char 
  6573 ;;		 -> STR_26(3), download_log@data(16), STR_25(23), STR_24(36), 
  6574 ;;		 -> STR_23(18), STR_22(36), 
  6575 ;; Auto vars:     Size  Location     Type
  6576 ;;		None
  6577 ;; Return value:  Size  Location     Type
  6578 ;;                  2    1[COMRAM] int 
  6579 ;; Registers used:
  6580 ;;		wreg, fsr0l, fsr0h, status,2, status,0, tblptrl, tblptrh, tblptru, cstack
  6581 ;; Tracked objects:
  6582 ;;		On entry : 0/0
  6583 ;;		On exit  : 0/0
  6584 ;;		Unchanged: 0/0
  6585 ;; Data sizes:     COMRAM   BANK0   BANK1   BANK2   BANK3   BANK4   BANK5
  6586 ;;      Params:         2       0       0       0       0       0       0
  6587 ;;      Locals:         0       0       0       0       0       0       0
  6588 ;;      Temps:          0       0       0       0       0       0       0
  6589 ;;      Totals:         2       0       0       0       0       0       0
  6590 ;;Total ram usage:        2 bytes
  6591 ;; Hardware stack levels used: 1
  6592 ;; Hardware stack levels required when called: 2
  6593 ;; This function calls:
  6594 ;;		_putch
  6595 ;; This function is called by:
  6596 ;;		_download_log
  6597 ;; This function uses a non-reentrant model
  6598 ;;
  6599                           
  6600                           	psect	text24
  6601   002610                     __ptext24:
  6602                           	callstack 0
  6603   002610                     _puts:
  6604                           	callstack 26
  6605   002610                     
  6606                           ;uart.c: 90: int puts(const char *s);uart.c: 91: {;uart.c: 92:  while(*s)
  6607   002610  EF1E  F013         	goto	l3000
  6608   002614                     l2996:
  6609                           
  6610                           ;uart.c: 93:  {;uart.c: 94:   putch(*s++);
  6611   002614  C002  FFF6         	movff	puts@s,tblptrl
  6612   002618  C003  FFF7         	movff	puts@s+1,tblptrh
  6613   00261C  6AF8               	clrf	tblptru,c
  6614   00261E  0E05               	movlw	(high __ramtop+-1)
  6615   002620  64F7               	cpfsgt	tblptrh,c
  6616   002622  D003               	bra	u2377
  6617   002624  0008               	tblrd		*
  6618   002626  50F5               	movf	tablat,w,c
  6619   002628  D005               	bra	u2370
  6620   00262A                     u2377:
  6621   00262A  CFF6 FFE9          	movff	tblptrl,fsr0l
  6622   00262E  CFF7 FFEA          	movff	tblptrh,fsr0h
  6623   002632  50EF               	movf	indf0,w,c
  6624   002634                     u2370:
  6625   002634  EC98  F014         	call	_putch
  6626   002638  4A02               	infsnz	puts@s^0,f,c
  6627   00263A  2A03               	incf	(puts@s+1)^0,f,c
  6628   00263C                     l3000:
  6629                           
  6630                           ;uart.c: 92:  while(*s)
  6631   00263C  C002  FFF6         	movff	puts@s,tblptrl
  6632   002640  C003  FFF7         	movff	puts@s+1,tblptrh
  6633   002644  6AF8               	clrf	tblptru,c
  6634   002646  0E05               	movlw	(high __ramtop+-1)
  6635   002648  64F7               	cpfsgt	tblptrh,c
  6636   00264A  D003               	bra	u2387
  6637   00264C  0008               	tblrd		*
  6638   00264E  50F5               	movf	tablat,w,c
  6639   002650  D005               	bra	u2380
  6640   002652                     u2387:
  6641   002652  CFF6 FFE9          	movff	tblptrl,fsr0l
  6642   002656  CFF7 FFEA          	movff	tblptrh,fsr0h
  6643   00265A  50EF               	movf	indf0,w,c
  6644   00265C                     u2380:
  6645   00265C  0900               	iorlw	0
  6646   00265E  A4D8               	btfss	status,2,c
  6647   002660  EF34  F013         	goto	u2391
  6648   002664  EF36  F013         	goto	u2390
  6649   002668                     u2391:
  6650   002668  EF0A  F013         	goto	l2996
  6651   00266C                     u2390:
  6652   00266C  0012               	return		;funcret
  6653   00266E                     __end_of_puts:
  6654                           	callstack 0
  6655                           
  6656 ;; *************** function _putch *****************
  6657 ;; Defined at:
  6658 ;;		line 79 in file "uart.c"
  6659 ;; Parameters:    Size  Location     Type
  6660 ;;  byte            1    wreg     unsigned char 
  6661 ;; Auto vars:     Size  Location     Type
  6662 ;;  byte            1    0[COMRAM] unsigned char 
  6663 ;; Return value:  Size  Location     Type
  6664 ;;                  1    wreg      void 
  6665 ;; Registers used:
  6666 ;;		wreg
  6667 ;; Tracked objects:
  6668 ;;		On entry : 0/0
  6669 ;;		On exit  : 0/0
  6670 ;;		Unchanged: 0/0
  6671 ;; Data sizes:     COMRAM   BANK0   BANK1   BANK2   BANK3   BANK4   BANK5
  6672 ;;      Params:         0       0       0       0       0       0       0
  6673 ;;      Locals:         1       0       0       0       0       0       0
  6674 ;;      Temps:          0       0       0       0       0       0       0
  6675 ;;      Totals:         1       0       0       0       0       0       0
  6676 ;;Total ram usage:        1 bytes
  6677 ;; Hardware stack levels used: 1
  6678 ;; Hardware stack levels required when called: 1
  6679 ;; This function calls:
  6680 ;;		Nothing
  6681 ;; This function is called by:
  6682 ;;		_puts
  6683 ;;		_getche
  6684 ;; This function uses a non-reentrant model
  6685 ;;
  6686                           
  6687                           	psect	text25
  6688   002930                     __ptext25:
  6689                           	callstack 0
  6690   002930                     _putch:
  6691                           	callstack 26
  6692                           
  6693                           ;incstack = 0
  6694                           ;putch@byte stored from wreg
  6695   002930  6E01               	movwf	putch@byte^0,c
  6696   002932                     l680:
  6697                           
  6698                           ;uart.c: 83:  while(!TXIF)
  6699   002932  A89E               	btfss	3998,4,c	;volatile
  6700   002934  EF9E  F014         	goto	u2271
  6701   002938  EFA0  F014         	goto	u2270
  6702   00293C                     u2271:
  6703   00293C  EF99  F014         	goto	l680
  6704   002940                     u2270:
  6705   002940                     
  6706                           ;uart.c: 87:  TXREG = byte;
  6707   002940  C001  FFAD         	movff	putch@byte,4013	;volatile
  6708   002944  0012               	return		;funcret
  6709   002946                     __end_of_putch:
  6710                           	callstack 0
  6711                           
  6712 ;; *************** function _clear_log *****************
  6713 ;; Defined at:
  6714 ;;		line 330 in file "menu.c"
  6715 ;; Parameters:    Size  Location     Type
  6716 ;;		None
  6717 ;; Auto vars:     Size  Location     Type
  6718 ;;  ti3             4    9[COMRAM] unsigned long 
  6719 ;; Return value:  Size  Location     Type
  6720 ;;                  1    wreg      void 
  6721 ;; Registers used:
  6722 ;;		wreg, fsr0l, fsr0h, status,2, status,0, tblptrl, tblptrh, tblptru, cstack
  6723 ;; Tracked objects:
  6724 ;;		On entry : 0/0
  6725 ;;		On exit  : 0/0
  6726 ;;		Unchanged: 0/0
  6727 ;; Data sizes:     COMRAM   BANK0   BANK1   BANK2   BANK3   BANK4   BANK5
  6728 ;;      Params:         0       0       0       0       0       0       0
  6729 ;;      Locals:         4       0       0       0       0       0       0
  6730 ;;      Temps:          0       0       0       0       0       0       0
  6731 ;;      Totals:         4       0       0       0       0       0       0
  6732 ;;Total ram usage:        4 bytes
  6733 ;; Hardware stack levels used: 1
  6734 ;; Hardware stack levels required when called: 3
  6735 ;; This function calls:
  6736 ;;		_clcd_print
  6737 ;; This function is called by:
  6738 ;;		_enter_menu
  6739 ;; This function uses a non-reentrant model
  6740 ;;
  6741                           
  6742                           	psect	text26
  6743   0025AE                     __ptext26:
  6744                           	callstack 0
  6745   0025AE                     _clear_log:
  6746                           	callstack 26
  6747   0025AE                     
  6748                           ;menu.c: 332:     event = 0;
  6749   0025AE  0E00               	movlw	0
  6750   0025B0  6E54               	movwf	(_event+1)^0,c
  6751   0025B2  0E00               	movlw	0
  6752   0025B4  6E53               	movwf	_event^0,c
  6753                           
  6754                           ;menu.c: 333:     unsigned long ti3 = 0;
  6755   0025B6  0E00               	movlw	0
  6756   0025B8  6E0A               	movwf	clear_log@ti3^0,c
  6757   0025BA  0E00               	movlw	0
  6758   0025BC  6E0B               	movwf	(clear_log@ti3+1)^0,c
  6759   0025BE  0E00               	movlw	0
  6760   0025C0  6E0C               	movwf	(clear_log@ti3+2)^0,c
  6761   0025C2  0E00               	movlw	0
  6762   0025C4  6E0D               	movwf	(clear_log@ti3+3)^0,c
  6763   0025C6                     l3258:
  6764                           
  6765                           ;menu.c: 335:     {;menu.c: 336:  clcd_print("Clear Log:      ",(0x80 + (0)));
  6766   0025C6  0E0E               	movlw	low STR_20
  6767   0025C8  6E07               	movwf	clcd_print@data^0,c
  6768   0025CA  0E2F               	movlw	high STR_20
  6769   0025CC  6E08               	movwf	(clcd_print@data+1)^0,c
  6770   0025CE  0E80               	movlw	128
  6771   0025D0  6E09               	movwf	clcd_print@addr^0,c
  6772   0025D2  EC06  F012         	call	_clcd_print	;wreg free
  6773   0025D6                     
  6774                           ;menu.c: 337:  clcd_print("Logs Are Cleared",(0xC0 + (0)));
  6775   0025D6  0E85               	movlw	low STR_21
  6776   0025D8  6E07               	movwf	clcd_print@data^0,c
  6777   0025DA  0E2F               	movlw	high STR_21
  6778   0025DC  6E08               	movwf	(clcd_print@data+1)^0,c
  6779   0025DE  0EC0               	movlw	192
  6780   0025E0  6E09               	movwf	clcd_print@addr^0,c
  6781   0025E2  EC06  F012         	call	_clcd_print	;wreg free
  6782   0025E6                     
  6783                           ;menu.c: 338:  if( ti3++ == 1000 )
  6784   0025E6  0E01               	movlw	1
  6785   0025E8  260A               	addwf	clear_log@ti3^0,f,c
  6786   0025EA  0E00               	movlw	0
  6787   0025EC  220B               	addwfc	(clear_log@ti3+1)^0,f,c
  6788   0025EE  220C               	addwfc	(clear_log@ti3+2)^0,f,c
  6789   0025F0  220D               	addwfc	(clear_log@ti3+3)^0,f,c
  6790   0025F2  0EE9               	movlw	233
  6791   0025F4  180A               	xorwf	clear_log@ti3^0,w,c
  6792   0025F6  E109               	bnz	u2701
  6793   0025F8  0E03               	movlw	3
  6794   0025FA  180B               	xorwf	(clear_log@ti3+1)^0,w,c
  6795   0025FC  100C               	iorwf	(clear_log@ti3+2)^0,w,c
  6796   0025FE  100D               	iorwf	(clear_log@ti3+3)^0,w,c
  6797   002600  A4D8               	btfss	status,2,c
  6798   002602  EF05  F013         	goto	u2701
  6799   002606  EF07  F013         	goto	u2700
  6800   00260A                     u2701:
  6801   00260A  EFE3  F012         	goto	l3258
  6802   00260E                     u2700:
  6803   00260E  0012               	return		;funcret
  6804   002610                     __end_of_clear_log:
  6805                           	callstack 0
  6806                           
  6807 ;; *************** function _change_password *****************
  6808 ;; Defined at:
  6809 ;;		line 531 in file "menu.c"
  6810 ;; Parameters:    Size  Location     Type
  6811 ;;		None
  6812 ;; Auto vars:     Size  Location     Type
  6813 ;;  h               2   74[BANK0 ] int 
  6814 ;;  arr4            4   22[BANK0 ] unsigned char [4]
  6815 ;;  len2            2   76[BANK0 ] unsigned int 
  6816 ;;  pos2            2   64[BANK0 ] unsigned int 
  6817 ;;  blink2          2   56[BANK0 ] unsigned int 
  6818 ;;  pass_key2       2   54[BANK0 ] unsigned int 
  6819 ;;  i2              2   30[BANK0 ] unsigned int 
  6820 ;;  k20             2   16[BANK0 ] unsigned int 
  6821 ;;  delay5          2   12[BANK0 ] unsigned int 
  6822 ;;  count20         2   10[BANK0 ] unsigned int 
  6823 ;;  l               4   26[BANK0 ] unsigned long 
  6824 ;;  arr5            4   40[BANK0 ] unsigned char [4]
  6825 ;;  arr1            4   18[BANK0 ] unsigned char [4]
  6826 ;;  s_delay         4    4[BANK0 ] unsigned long 
  6827 ;;  ti6             4    0[BANK0 ] unsigned long 
  6828 ;;  len1            2   72[BANK0 ] unsigned int 
  6829 ;;  i3              2   70[BANK0 ] unsigned int 
  6830 ;;  len3            2   68[BANK0 ] unsigned int 
  6831 ;;  i1              2   66[BANK0 ] unsigned int 
  6832 ;;  pos1            2   62[BANK0 ] unsigned int 
  6833 ;;  delay6          2   60[BANK0 ] unsigned int 
  6834 ;;  pos3            2   58[BANK0 ] unsigned int 
  6835 ;;  blink1          2   52[BANK0 ] unsigned int 
  6836 ;;  pass_key1       2   50[BANK0 ] unsigned int 
  6837 ;;  blink3          2   48[BANK0 ] unsigned int 
  6838 ;;  pass_key3       2   46[BANK0 ] unsigned int 
  6839 ;;  cn_flag         2   44[BANK0 ] unsigned int 
  6840 ;;  delay4          2   38[BANK0 ] unsigned int 
  6841 ;;  count10         2   36[BANK0 ] unsigned int 
  6842 ;;  k10             2   34[BANK0 ] unsigned int 
  6843 ;;  count30         2   32[BANK0 ] unsigned int 
  6844 ;;  k30             2   14[BANK0 ] unsigned int 
  6845 ;;  input1          2    8[BANK0 ] unsigned int 
  6846 ;; Return value:  Size  Location     Type
  6847 ;;                  1    wreg      void 
  6848 ;; Registers used:
  6849 ;;		wreg, fsr0l, fsr0h, fsr1l, fsr1h, fsr2l, fsr2h, status,2, status,0, tblptrl, tblptrh, tblptru, cstack
  6850 ;; Tracked objects:
  6851 ;;		On entry : 0/0
  6852 ;;		On exit  : 0/0
  6853 ;;		Unchanged: 0/0
  6854 ;; Data sizes:     COMRAM   BANK0   BANK1   BANK2   BANK3   BANK4   BANK5
  6855 ;;      Params:         0       0       0       0       0       0       0
  6856 ;;      Locals:         0      78       0       0       0       0       0
  6857 ;;      Temps:          2       0       0       0       0       0       0
  6858 ;;      Totals:         2      78       0       0       0       0       0
  6859 ;;Total ram usage:       80 bytes
  6860 ;; Hardware stack levels used: 1
  6861 ;; Hardware stack levels required when called: 4
  6862 ;; This function calls:
  6863 ;;		_clcd_print
  6864 ;;		_clcd_putch
  6865 ;;		_read_switches
  6866 ;;		_write_eeprom
  6867 ;; This function is called by:
  6868 ;;		_enter_menu
  6869 ;; This function uses a non-reentrant model
  6870 ;;
  6871                           
  6872                           	psect	text27
  6873   000748                     __ptext27:
  6874                           	callstack 0
  6875   000748                     _change_password:
  6876                           	callstack 25
  6877   000748  0E00               	movlw	0
  6878   00074A  0100               	movlb	0	; () banked
  6879   00074C  6F6F               	movwf	(change_password@k30+1)& (0+255),b
  6880   00074E  0E00               	movlw	0
  6881   000750  6F6E               	movwf	change_password@k30& (0+255),b
  6882   000752  0E00               	movlw	0
  6883   000754  6FA5               	movwf	(change_password@len3+1)& (0+255),b
  6884   000756  0E06               	movlw	6
  6885   000758  6FA4               	movwf	change_password@len3& (0+255),b
  6886   00075A  0E00               	movlw	0
  6887   00075C  6F91               	movwf	(change_password@blink3+1)& (0+255),b
  6888   00075E  0E00               	movlw	0
  6889   000760  6F90               	movwf	change_password@blink3& (0+255),b
  6890   000762  0E00               	movlw	0
  6891   000764  6F9B               	movwf	(change_password@pos3+1)& (0+255),b
  6892   000766  0E00               	movlw	0
  6893   000768  6F9A               	movwf	change_password@pos3& (0+255),b
  6894   00076A  0E00               	movlw	0
  6895   00076C  6F81               	movwf	(change_password@count30+1)& (0+255),b
  6896   00076E  0E00               	movlw	0
  6897   000770  6F80               	movwf	change_password@count30& (0+255),b
  6898   000772  0E00               	movlw	0
  6899   000774  6FA7               	movwf	(change_password@i3+1)& (0+255),b
  6900   000776  0E00               	movlw	0
  6901   000778  6FA6               	movwf	change_password@i3& (0+255),b
  6902   00077A  0E00               	movlw	0
  6903   00077C  6F9D               	movwf	(change_password@delay6+1)& (0+255),b
  6904   00077E  0E00               	movlw	0
  6905   000780  6F9C               	movwf	change_password@delay6& (0+255),b
  6906                           
  6907                           ;menu.c: 534:     unsigned char arr5[4];;menu.c: 535:     unsigned long ti6 = 0, s_delay
      +                           = 0;
  6908   000782  0E00               	movlw	0
  6909   000784  6F60               	movwf	change_password@ti6& (0+255),b
  6910   000786  0E00               	movlw	0
  6911   000788  6F61               	movwf	(change_password@ti6+1)& (0+255),b
  6912   00078A  0E00               	movlw	0
  6913   00078C  6F62               	movwf	(change_password@ti6+2)& (0+255),b
  6914   00078E  0E00               	movlw	0
  6915   000790  6F63               	movwf	(change_password@ti6+3)& (0+255),b
  6916   000792  0E00               	movlw	0
  6917   000794  6F64               	movwf	change_password@s_delay& (0+255),b
  6918   000796  0E00               	movlw	0
  6919   000798  6F65               	movwf	(change_password@s_delay+1)& (0+255),b
  6920   00079A  0E00               	movlw	0
  6921   00079C  6F66               	movwf	(change_password@s_delay+2)& (0+255),b
  6922   00079E  0E00               	movlw	0
  6923   0007A0  6F67               	movwf	(change_password@s_delay+3)& (0+255),b
  6924                           
  6925                           ;menu.c: 536:     unsigned int k10 = 0,cn_flag=0;;
  6926   0007A2  0E00               	movlw	0
  6927   0007A4  6F83               	movwf	(change_password@k10+1)& (0+255),b
  6928   0007A6  0E00               	movlw	0
  6929   0007A8  6F82               	movwf	change_password@k10& (0+255),b
  6930   0007AA  0E00               	movlw	0
  6931   0007AC  6F8D               	movwf	(change_password@cn_flag+1)& (0+255),b
  6932   0007AE  0E00               	movlw	0
  6933   0007B0  6F8C               	movwf	change_password@cn_flag& (0+255),b
  6934                           
  6935                           ;menu.c: 537:     unsigned char arr1[4];;menu.c: 538:     unsigned int input1 = 0,pass_k
      +                          ey1 = 0,len1 = 6,blink1 = 0,pos1 = 0,count10 = 0, i1 = 0,delay4 = 0;
  6936   0007B2  0E00               	movlw	0
  6937   0007B4  6F69               	movwf	(change_password@input1+1)& (0+255),b
  6938   0007B6  0E00               	movlw	0
  6939   0007B8  6F68               	movwf	change_password@input1& (0+255),b
  6940   0007BA  0E00               	movlw	0
  6941   0007BC  6F93               	movwf	(change_password@pass_key1+1)& (0+255),b
  6942   0007BE  0E00               	movlw	0
  6943   0007C0  6F92               	movwf	change_password@pass_key1& (0+255),b
  6944   0007C2  0E00               	movlw	0
  6945   0007C4  6FA9               	movwf	(change_password@len1+1)& (0+255),b
  6946   0007C6  0E06               	movlw	6
  6947   0007C8  6FA8               	movwf	change_password@len1& (0+255),b
  6948   0007CA  0E00               	movlw	0
  6949   0007CC  6F95               	movwf	(change_password@blink1+1)& (0+255),b
  6950   0007CE  0E00               	movlw	0
  6951   0007D0  6F94               	movwf	change_password@blink1& (0+255),b
  6952   0007D2  0E00               	movlw	0
  6953   0007D4  6F9F               	movwf	(change_password@pos1+1)& (0+255),b
  6954   0007D6  0E00               	movlw	0
  6955   0007D8  6F9E               	movwf	change_password@pos1& (0+255),b
  6956   0007DA  0E00               	movlw	0
  6957   0007DC  6F85               	movwf	(change_password@count10+1)& (0+255),b
  6958   0007DE  0E00               	movlw	0
  6959   0007E0  6F84               	movwf	change_password@count10& (0+255),b
  6960   0007E2  0E00               	movlw	0
  6961   0007E4  6FA3               	movwf	(change_password@i1+1)& (0+255),b
  6962   0007E6  0E00               	movlw	0
  6963   0007E8  6FA2               	movwf	change_password@i1& (0+255),b
  6964   0007EA  0E00               	movlw	0
  6965   0007EC  6F87               	movwf	(change_password@delay4+1)& (0+255),b
  6966   0007EE  0E00               	movlw	0
  6967   0007F0  6F86               	movwf	change_password@delay4& (0+255),b
  6968   0007F2                     
  6969                           ; BSR set to: 0
  6970                           ;menu.c: 539:     clcd_print("Enter Old Password:",(0x80 + (0)));
  6971   0007F2  0EA1               	movlw	low STR_30
  6972   0007F4  6E07               	movwf	clcd_print@data^0,c
  6973   0007F6  0E2E               	movlw	high STR_30
  6974   0007F8  6E08               	movwf	(clcd_print@data+1)^0,c
  6975   0007FA  0E80               	movlw	128
  6976   0007FC  6E09               	movwf	clcd_print@addr^0,c
  6977   0007FE  EC06  F012         	call	_clcd_print	;wreg free
  6978   000802                     
  6979                           ;menu.c: 540:     clcd_print("                ",(0xC0 + (0)));
  6980   000802  0EA7               	movlw	low STR_2
  6981   000804  6E07               	movwf	clcd_print@data^0,c
  6982   000806  0E2F               	movlw	high STR_2
  6983   000808  6E08               	movwf	(clcd_print@data+1)^0,c
  6984   00080A  0EC0               	movlw	192
  6985   00080C  6E09               	movwf	clcd_print@addr^0,c
  6986   00080E  EC06  F012         	call	_clcd_print	;wreg free
  6987                           
  6988                           ;menu.c: 541:     for( unsigned long l = 90000 ; l-- ; );
  6989   000812  0E90               	movlw	144
  6990   000814  0100               	movlb	0	; () banked
  6991   000816  6F7A               	movwf	change_password@l& (0+255),b
  6992   000818  0E5F               	movlw	95
  6993   00081A  6F7B               	movwf	(change_password@l+1)& (0+255),b
  6994   00081C  0E01               	movlw	1
  6995   00081E  6F7C               	movwf	(change_password@l+2)& (0+255),b
  6996   000820  0E00               	movlw	0
  6997   000822  6F7D               	movwf	(change_password@l+3)& (0+255),b
  6998   000824                     l3466:
  6999                           
  7000                           ; BSR set to: 0
  7001   000824  077A               	decf	change_password@l& (0+255),f,b
  7002   000826  0E00               	movlw	0
  7003   000828  5B7B               	subwfb	(change_password@l+1)& (0+255),f,b
  7004   00082A  5B7C               	subwfb	(change_password@l+2)& (0+255),f,b
  7005   00082C  5B7D               	subwfb	(change_password@l+3)& (0+255),f,b
  7006   00082E  297A               	incf	change_password@l& (0+255),w,b
  7007   000830  E10A               	bnz	u3051
  7008   000832  297B               	incf	(change_password@l+1)& (0+255),w,b
  7009   000834  E108               	bnz	u3051
  7010   000836  297C               	incf	(change_password@l+2)& (0+255),w,b
  7011   000838  E106               	bnz	u3051
  7012   00083A  297D               	incf	(change_password@l+3)& (0+255),w,b
  7013   00083C  A4D8               	btfss	status,2,c
  7014   00083E  EF23  F004         	goto	u3051
  7015   000842  EF25  F004         	goto	u3050
  7016   000846                     u3051:
  7017   000846  EF12  F004         	goto	l3466
  7018   00084A                     u3050:
  7019   00084A  EF27  F004         	goto	l3468
  7020   00084E                     l542:
  7021   00084E                     l3468:
  7022                           
  7023                           ; BSR set to: 0
  7024                           ;menu.c: 543:     {;menu.c: 544:  pass_key1 = read_switches(1);
  7025   00084E  0E01               	movlw	1
  7026   000850  EC93  F011         	call	_read_switches
  7027   000854  6E27               	movwf	??_change_password^0,c
  7028   000856  5027               	movf	??_change_password^0,w,c
  7029   000858  0100               	movlb	0	; () banked
  7030   00085A  6F92               	movwf	change_password@pass_key1& (0+255),b
  7031   00085C  6B93               	clrf	(change_password@pass_key1+1)& (0+255),b
  7032   00085E                     
  7033                           ; BSR set to: 0
  7034                           ;menu.c: 545:  if( len1 < 10 )
  7035   00085E  51A9               	movf	(change_password@len1+1)& (0+255),w,b
  7036   000860  E107               	bnz	u3061
  7037   000862  0E0A               	movlw	10
  7038   000864  5DA8               	subwf	change_password@len1& (0+255),w,b
  7039   000866  B0D8               	btfsc	status,0,c
  7040   000868  EF38  F004         	goto	u3061
  7041   00086C  EF3A  F004         	goto	u3060
  7042   000870                     u3061:
  7043   000870  EFCE  F004         	goto	l3510
  7044   000874                     u3060:
  7045   000874                     
  7046                           ; BSR set to: 0
  7047                           ;menu.c: 546:  {;menu.c: 547:      if( blink1++ < 10 )
  7048   000874  5194               	movf	change_password@blink1& (0+255),w,b
  7049   000876  6E27               	movwf	??_change_password^0,c
  7050   000878  5195               	movf	(change_password@blink1+1)& (0+255),w,b
  7051   00087A  6E28               	movwf	(??_change_password+1)^0,c
  7052   00087C  4B94               	infsnz	change_password@blink1& (0+255),f,b
  7053   00087E  2B95               	incf	(change_password@blink1+1)& (0+255),f,b
  7054   000880  5028               	movf	(??_change_password+1)^0,w,c
  7055   000882  E107               	bnz	u3071
  7056   000884  0E0A               	movlw	10
  7057   000886  5C27               	subwf	??_change_password^0,w,c
  7058   000888  B0D8               	btfsc	status,0,c
  7059   00088A  EF49  F004         	goto	u3071
  7060   00088E  EF4B  F004         	goto	u3070
  7061   000892                     u3071:
  7062   000892  EF53  F004         	goto	l3476
  7063   000896                     u3070:
  7064   000896                     
  7065                           ; BSR set to: 0
  7066                           ;menu.c: 548:      {;menu.c: 549:   clcd_putch(' ',(0xC0 + (len1)));
  7067   000896  51A8               	movf	change_password@len1& (0+255),w,b
  7068   000898  0FC0               	addlw	192
  7069   00089A  6E23               	movwf	clcd_putch@addr^0,c
  7070   00089C  0E20               	movlw	32
  7071   00089E  EC81  F014         	call	_clcd_putch
  7072                           
  7073                           ;menu.c: 550:      }
  7074   0008A2  EF67  F004         	goto	l3482
  7075   0008A6                     l3476:
  7076                           
  7077                           ; BSR set to: 0
  7078                           ;menu.c: 552:      {;menu.c: 553:   if( blink1 == 20 )
  7079   0008A6  0E14               	movlw	20
  7080   0008A8  1994               	xorwf	change_password@blink1& (0+255),w,b
  7081   0008AA  1195               	iorwf	(change_password@blink1+1)& (0+255),w,b
  7082   0008AC  A4D8               	btfss	status,2,c
  7083   0008AE  EF5B  F004         	goto	u3081
  7084   0008B2  EF5D  F004         	goto	u3080
  7085   0008B6                     u3081:
  7086   0008B6  EF61  F004         	goto	l3480
  7087   0008BA                     u3080:
  7088   0008BA                     
  7089                           ; BSR set to: 0
  7090                           ;menu.c: 554:   {;menu.c: 555:       blink1=0;
  7091   0008BA  0E00               	movlw	0
  7092   0008BC  6F95               	movwf	(change_password@blink1+1)& (0+255),b
  7093   0008BE  0E00               	movlw	0
  7094   0008C0  6F94               	movwf	change_password@blink1& (0+255),b
  7095   0008C2                     l3480:
  7096                           
  7097                           ; BSR set to: 0
  7098                           ;menu.c: 557:   clcd_putch(-1,(0xC0 + (len1)));
  7099   0008C2  51A8               	movf	change_password@len1& (0+255),w,b
  7100   0008C4  0FC0               	addlw	192
  7101   0008C6  6E23               	movwf	clcd_putch@addr^0,c
  7102   0008C8  0EFF               	movlw	255
  7103   0008CA  EC81  F014         	call	_clcd_putch
  7104   0008CE                     l3482:
  7105                           
  7106                           ;menu.c: 560:      if ( pass_key1 == 11 )
  7107   0008CE  0E0B               	movlw	11
  7108   0008D0  0100               	movlb	0	; () banked
  7109   0008D2  1992               	xorwf	change_password@pass_key1& (0+255),w,b
  7110   0008D4  1193               	iorwf	(change_password@pass_key1+1)& (0+255),w,b
  7111   0008D6  A4D8               	btfss	status,2,c
  7112   0008D8  EF70  F004         	goto	u3091
  7113   0008DC  EF72  F004         	goto	u3090
  7114   0008E0                     u3091:
  7115   0008E0  EF85  F004         	goto	l3492
  7116   0008E4                     u3090:
  7117   0008E4                     
  7118                           ; BSR set to: 0
  7119                           ;menu.c: 561:      {;menu.c: 562:   clcd_putch('*',(0xC0 + (len1)));
  7120   0008E4  51A8               	movf	change_password@len1& (0+255),w,b
  7121   0008E6  0FC0               	addlw	192
  7122   0008E8  6E23               	movwf	clcd_putch@addr^0,c
  7123   0008EA  0E2A               	movlw	42
  7124   0008EC  EC81  F014         	call	_clcd_putch
  7125   0008F0                     
  7126                           ;menu.c: 563:   arr1[pos1++]='0';
  7127   0008F0  0E72               	movlw	low change_password@arr1
  7128   0008F2  0100               	movlb	0	; () banked
  7129   0008F4  259E               	addwf	change_password@pos1& (0+255),w,b
  7130   0008F6  6ED9               	movwf	fsr2l,c
  7131   0008F8  0E00               	movlw	high change_password@arr1
  7132   0008FA  219F               	addwfc	(change_password@pos1+1)& (0+255),w,b
  7133   0008FC  6EDA               	movwf	fsr2h,c
  7134   0008FE  0E30               	movlw	48
  7135   000900  6EDF               	movwf	indf2,c
  7136   000902                     
  7137                           ; BSR set to: 0
  7138   000902  4B9E               	infsnz	change_password@pos1& (0+255),f,b
  7139   000904  2B9F               	incf	(change_password@pos1+1)& (0+255),f,b
  7140   000906                     
  7141                           ; BSR set to: 0
  7142                           ;menu.c: 564:   len1++;
  7143   000906  4BA8               	infsnz	change_password@len1& (0+255),f,b
  7144   000908  2BA9               	incf	(change_password@len1+1)& (0+255),f,b
  7145   00090A                     l3492:
  7146                           
  7147                           ; BSR set to: 0
  7148                           ;menu.c: 566:      if( pass_key1 == 12 )
  7149   00090A  0E0C               	movlw	12
  7150   00090C  1992               	xorwf	change_password@pass_key1& (0+255),w,b
  7151   00090E  1193               	iorwf	(change_password@pass_key1+1)& (0+255),w,b
  7152   000910  A4D8               	btfss	status,2,c
  7153   000912  EF8D  F004         	goto	u3101
  7154   000916  EF8F  F004         	goto	u3100
  7155   00091A                     u3101:
  7156   00091A  EFA2  F004         	goto	l3502
  7157   00091E                     u3100:
  7158   00091E                     
  7159                           ; BSR set to: 0
  7160                           ;menu.c: 567:      {;menu.c: 568:   clcd_putch('*',(0xC0 + (len1)));
  7161   00091E  51A8               	movf	change_password@len1& (0+255),w,b
  7162   000920  0FC0               	addlw	192
  7163   000922  6E23               	movwf	clcd_putch@addr^0,c
  7164   000924  0E2A               	movlw	42
  7165   000926  EC81  F014         	call	_clcd_putch
  7166   00092A                     
  7167                           ;menu.c: 569:   arr1[pos1++] = '1';
  7168   00092A  0E72               	movlw	low change_password@arr1
  7169   00092C  0100               	movlb	0	; () banked
  7170   00092E  259E               	addwf	change_password@pos1& (0+255),w,b
  7171   000930  6ED9               	movwf	fsr2l,c
  7172   000932  0E00               	movlw	high change_password@arr1
  7173   000934  219F               	addwfc	(change_password@pos1+1)& (0+255),w,b
  7174   000936  6EDA               	movwf	fsr2h,c
  7175   000938  0E31               	movlw	49
  7176   00093A  6EDF               	movwf	indf2,c
  7177   00093C                     
  7178                           ; BSR set to: 0
  7179   00093C  4B9E               	infsnz	change_password@pos1& (0+255),f,b
  7180   00093E  2B9F               	incf	(change_password@pos1+1)& (0+255),f,b
  7181   000940                     
  7182                           ; BSR set to: 0
  7183                           ;menu.c: 570:   len1++;
  7184   000940  4BA8               	infsnz	change_password@len1& (0+255),f,b
  7185   000942  2BA9               	incf	(change_password@len1+1)& (0+255),f,b
  7186   000944                     l3502:
  7187                           
  7188                           ; BSR set to: 0
  7189                           ;menu.c: 572:      for ( k10 = 50000 ; k10--;);
  7190   000944  0EC3               	movlw	195
  7191   000946  6F83               	movwf	(change_password@k10+1)& (0+255),b
  7192   000948  0E50               	movlw	80
  7193   00094A  6F82               	movwf	change_password@k10& (0+255),b
  7194   00094C                     l3504:
  7195                           
  7196                           ; BSR set to: 0
  7197   00094C  0782               	decf	change_password@k10& (0+255),f,b
  7198   00094E  A0D8               	btfss	status,0,c
  7199   000950  0783               	decf	(change_password@k10+1)& (0+255),f,b
  7200   000952  2982               	incf	change_password@k10& (0+255),w,b
  7201   000954  E106               	bnz	u3111
  7202   000956  2983               	incf	(change_password@k10+1)& (0+255),w,b
  7203   000958  A4D8               	btfss	status,2,c
  7204   00095A  EFB1  F004         	goto	u3111
  7205   00095E  EFB3  F004         	goto	u3110
  7206   000962                     u3111:
  7207   000962  EFA6  F004         	goto	l3504
  7208   000966                     u3110:
  7209   000966  EF27  F004         	goto	l3468
  7210   00096A                     l3506:
  7211                           
  7212                           ; BSR set to: 0
  7213                           ;menu.c: 577:      {;menu.c: 578:   if( pass[i1] == arr1[i1] )
  7214   00096A  0E72               	movlw	low change_password@arr1
  7215   00096C  25A2               	addwf	change_password@i1& (0+255),w,b
  7216   00096E  6ED9               	movwf	fsr2l,c
  7217   000970  0E00               	movlw	high change_password@arr1
  7218   000972  21A3               	addwfc	(change_password@i1+1)& (0+255),w,b
  7219   000974  6EDA               	movwf	fsr2h,c
  7220   000976  0EE5               	movlw	low _pass
  7221   000978  25A2               	addwf	change_password@i1& (0+255),w,b
  7222   00097A  6EE1               	movwf	fsr1l,c
  7223   00097C  0E01               	movlw	high _pass
  7224   00097E  21A3               	addwfc	(change_password@i1+1)& (0+255),w,b
  7225   000980  6EE2               	movwf	fsr1h,c
  7226   000982  50DE               	movf	postinc2,w,c
  7227   000984  18E6               	xorwf	postinc1,w,c
  7228   000986  A4D8               	btfss	status,2,c
  7229   000988  EFC8  F004         	goto	u3121
  7230   00098C  EFCA  F004         	goto	u3120
  7231   000990                     u3121:
  7232   000990  EFCC  F004         	goto	l556
  7233   000994                     u3120:
  7234   000994                     
  7235                           ; BSR set to: 0
  7236                           ;menu.c: 579:   {;menu.c: 580:       count10++;
  7237   000994  4B84               	infsnz	change_password@count10& (0+255),f,b
  7238   000996  2B85               	incf	(change_password@count10+1)& (0+255),f,b
  7239   000998                     l556:
  7240                           
  7241                           ; BSR set to: 0
  7242                           ;menu.c: 582:   i1++;
  7243   000998  4BA2               	infsnz	change_password@i1& (0+255),f,b
  7244   00099A  2BA3               	incf	(change_password@i1+1)& (0+255),f,b
  7245   00099C                     l3510:
  7246                           
  7247                           ; BSR set to: 0
  7248                           ;menu.c: 576:      while( i1 < 4 )
  7249   00099C  51A3               	movf	(change_password@i1+1)& (0+255),w,b
  7250   00099E  E109               	bnz	u3130
  7251   0009A0  0E04               	movlw	4
  7252   0009A2  5DA2               	subwf	change_password@i1& (0+255),w,b
  7253   0009A4  A0D8               	btfss	status,0,c
  7254   0009A6  EFD7  F004         	goto	u3131
  7255   0009AA  EFD9  F004         	goto	u3130
  7256   0009AE                     u3131:
  7257   0009AE  EFB5  F004         	goto	l3506
  7258   0009B2                     u3130:
  7259   0009B2                     
  7260                           ; BSR set to: 0
  7261                           ;menu.c: 584:      if(count10 == 4)
  7262   0009B2  0E04               	movlw	4
  7263   0009B4  1984               	xorwf	change_password@count10& (0+255),w,b
  7264   0009B6  1185               	iorwf	(change_password@count10+1)& (0+255),w,b
  7265   0009B8  A4D8               	btfss	status,2,c
  7266   0009BA  EFE1  F004         	goto	u3141
  7267   0009BE  EFE3  F004         	goto	u3140
  7268   0009C2                     u3141:
  7269   0009C2  EFF0  F006         	goto	l3650
  7270   0009C6                     u3140:
  7271   0009C6                     
  7272                           ; BSR set to: 0
  7273                           ;menu.c: 585:      {;menu.c: 586:   unsigned int pass_key2 = 0,k20 = 0, len2 = 6,blink2 
      +                          = 0,pos2 = 0,count20 = 0, i2 = 0,delay5 = 0;
  7274   0009C6  0E00               	movlw	0
  7275   0009C8  6F97               	movwf	(change_password@pass_key2+1)& (0+255),b
  7276   0009CA  0E00               	movlw	0
  7277   0009CC  6F96               	movwf	change_password@pass_key2& (0+255),b
  7278   0009CE  0E00               	movlw	0
  7279   0009D0  6F71               	movwf	(change_password@k20+1)& (0+255),b
  7280   0009D2  0E00               	movlw	0
  7281   0009D4  6F70               	movwf	change_password@k20& (0+255),b
  7282   0009D6  0E00               	movlw	0
  7283   0009D8  6FAD               	movwf	(change_password@len2+1)& (0+255),b
  7284   0009DA  0E06               	movlw	6
  7285   0009DC  6FAC               	movwf	change_password@len2& (0+255),b
  7286   0009DE  0E00               	movlw	0
  7287   0009E0  6F99               	movwf	(change_password@blink2+1)& (0+255),b
  7288   0009E2  0E00               	movlw	0
  7289   0009E4  6F98               	movwf	change_password@blink2& (0+255),b
  7290   0009E6  0E00               	movlw	0
  7291   0009E8  6FA1               	movwf	(change_password@pos2+1)& (0+255),b
  7292   0009EA  0E00               	movlw	0
  7293   0009EC  6FA0               	movwf	change_password@pos2& (0+255),b
  7294   0009EE  0E00               	movlw	0
  7295   0009F0  6F6B               	movwf	(change_password@count20+1)& (0+255),b
  7296   0009F2  0E00               	movlw	0
  7297   0009F4  6F6A               	movwf	change_password@count20& (0+255),b
  7298   0009F6  0E00               	movlw	0
  7299   0009F8  6F7F               	movwf	(change_password@i2+1)& (0+255),b
  7300   0009FA  0E00               	movlw	0
  7301   0009FC  6F7E               	movwf	change_password@i2& (0+255),b
  7302   0009FE  0E00               	movlw	0
  7303   000A00  6F6D               	movwf	(change_password@delay5+1)& (0+255),b
  7304   000A02  0E00               	movlw	0
  7305   000A04  6F6C               	movwf	change_password@delay5& (0+255),b
  7306   000A06                     
  7307                           ; BSR set to: 0
  7308                           ;menu.c: 587:   unsigned char arr4[4];;menu.c: 588:   clcd_print("Enter Password:  ",(0x
      +                          80 + (0)));
  7309   000A06  0EDA               	movlw	low STR_32
  7310   000A08  6E07               	movwf	clcd_print@data^0,c
  7311   000A0A  0E2E               	movlw	high STR_32
  7312   000A0C  6E08               	movwf	(clcd_print@data+1)^0,c
  7313   000A0E  0E80               	movlw	128
  7314   000A10  6E09               	movwf	clcd_print@addr^0,c
  7315   000A12  EC06  F012         	call	_clcd_print	;wreg free
  7316   000A16                     
  7317                           ;menu.c: 589:   clcd_print("                ",(0xC0 + (0)));
  7318   000A16  0EA7               	movlw	low STR_2
  7319   000A18  6E07               	movwf	clcd_print@data^0,c
  7320   000A1A  0E2F               	movlw	high STR_2
  7321   000A1C  6E08               	movwf	(clcd_print@data+1)^0,c
  7322   000A1E  0EC0               	movlw	192
  7323   000A20  6E09               	movwf	clcd_print@addr^0,c
  7324   000A22  EC06  F012         	call	_clcd_print	;wreg free
  7325   000A26                     l3520:
  7326                           
  7327                           ;menu.c: 591:   {;menu.c: 592:       pass_key2 = read_switches(1);
  7328   000A26  0E01               	movlw	1
  7329   000A28  EC93  F011         	call	_read_switches
  7330   000A2C  6E27               	movwf	??_change_password^0,c
  7331   000A2E  5027               	movf	??_change_password^0,w,c
  7332   000A30  0100               	movlb	0	; () banked
  7333   000A32  6F96               	movwf	change_password@pass_key2& (0+255),b
  7334   000A34  6B97               	clrf	(change_password@pass_key2+1)& (0+255),b
  7335   000A36                     
  7336                           ; BSR set to: 0
  7337                           ;menu.c: 593:       if( len2 < 10 )
  7338   000A36  51AD               	movf	(change_password@len2+1)& (0+255),w,b
  7339   000A38  E107               	bnz	u3151
  7340   000A3A  0E0A               	movlw	10
  7341   000A3C  5DAC               	subwf	change_password@len2& (0+255),w,b
  7342   000A3E  B0D8               	btfsc	status,0,c
  7343   000A40  EF24  F005         	goto	u3151
  7344   000A44  EF26  F005         	goto	u3150
  7345   000A48                     u3151:
  7346   000A48  EFA1  F005         	goto	l3558
  7347   000A4C                     u3150:
  7348   000A4C                     
  7349                           ; BSR set to: 0
  7350                           ;menu.c: 594:       {;menu.c: 595:    if( blink2++ < 10 )
  7351   000A4C  5198               	movf	change_password@blink2& (0+255),w,b
  7352   000A4E  6E27               	movwf	??_change_password^0,c
  7353   000A50  5199               	movf	(change_password@blink2+1)& (0+255),w,b
  7354   000A52  6E28               	movwf	(??_change_password+1)^0,c
  7355   000A54  4B98               	infsnz	change_password@blink2& (0+255),f,b
  7356   000A56  2B99               	incf	(change_password@blink2+1)& (0+255),f,b
  7357   000A58  5028               	movf	(??_change_password+1)^0,w,c
  7358   000A5A  E107               	bnz	u3161
  7359   000A5C  0E0A               	movlw	10
  7360   000A5E  5C27               	subwf	??_change_password^0,w,c
  7361   000A60  B0D8               	btfsc	status,0,c
  7362   000A62  EF35  F005         	goto	u3161
  7363   000A66  EF37  F005         	goto	u3160
  7364   000A6A                     u3161:
  7365   000A6A  EF3F  F005         	goto	l3528
  7366   000A6E                     u3160:
  7367   000A6E                     
  7368                           ; BSR set to: 0
  7369                           ;menu.c: 596:    {;menu.c: 597:        clcd_putch(' ',(0xC0 + (len2)));
  7370   000A6E  51AC               	movf	change_password@len2& (0+255),w,b
  7371   000A70  0FC0               	addlw	192
  7372   000A72  6E23               	movwf	clcd_putch@addr^0,c
  7373   000A74  0E20               	movlw	32
  7374   000A76  EC81  F014         	call	_clcd_putch
  7375                           
  7376                           ;menu.c: 598:    }
  7377   000A7A  EF53  F005         	goto	l3534
  7378   000A7E                     l3528:
  7379                           
  7380                           ; BSR set to: 0
  7381                           ;menu.c: 600:    {;menu.c: 601:        if( blink2 == 20 )
  7382   000A7E  0E14               	movlw	20
  7383   000A80  1998               	xorwf	change_password@blink2& (0+255),w,b
  7384   000A82  1199               	iorwf	(change_password@blink2+1)& (0+255),w,b
  7385   000A84  A4D8               	btfss	status,2,c
  7386   000A86  EF47  F005         	goto	u3171
  7387   000A8A  EF49  F005         	goto	u3170
  7388   000A8E                     u3171:
  7389   000A8E  EF4D  F005         	goto	l3532
  7390   000A92                     u3170:
  7391   000A92                     
  7392                           ; BSR set to: 0
  7393                           ;menu.c: 602:        {;menu.c: 603:     blink2=0;
  7394   000A92  0E00               	movlw	0
  7395   000A94  6F99               	movwf	(change_password@blink2+1)& (0+255),b
  7396   000A96  0E00               	movlw	0
  7397   000A98  6F98               	movwf	change_password@blink2& (0+255),b
  7398   000A9A                     l3532:
  7399                           
  7400                           ; BSR set to: 0
  7401                           ;menu.c: 605:        clcd_putch(-1,(0xC0 + (len2)));
  7402   000A9A  51AC               	movf	change_password@len2& (0+255),w,b
  7403   000A9C  0FC0               	addlw	192
  7404   000A9E  6E23               	movwf	clcd_putch@addr^0,c
  7405   000AA0  0EFF               	movlw	255
  7406   000AA2  EC81  F014         	call	_clcd_putch
  7407   000AA6                     l3534:
  7408                           
  7409                           ;menu.c: 608:    if ( pass_key2 == 11 )
  7410   000AA6  0E0B               	movlw	11
  7411   000AA8  0100               	movlb	0	; () banked
  7412   000AAA  1996               	xorwf	change_password@pass_key2& (0+255),w,b
  7413   000AAC  1197               	iorwf	(change_password@pass_key2+1)& (0+255),w,b
  7414   000AAE  A4D8               	btfss	status,2,c
  7415   000AB0  EF5C  F005         	goto	u3181
  7416   000AB4  EF5E  F005         	goto	u3180
  7417   000AB8                     u3181:
  7418   000AB8  EF71  F005         	goto	l3544
  7419   000ABC                     u3180:
  7420   000ABC                     
  7421                           ; BSR set to: 0
  7422                           ;menu.c: 609:    {;menu.c: 610:        clcd_putch('*',(0xC0 + (len2)));
  7423   000ABC  51AC               	movf	change_password@len2& (0+255),w,b
  7424   000ABE  0FC0               	addlw	192
  7425   000AC0  6E23               	movwf	clcd_putch@addr^0,c
  7426   000AC2  0E2A               	movlw	42
  7427   000AC4  EC81  F014         	call	_clcd_putch
  7428   000AC8                     
  7429                           ;menu.c: 611:        arr4[pos2] = '0';
  7430   000AC8  0E76               	movlw	low change_password@arr4
  7431   000ACA  0100               	movlb	0	; () banked
  7432   000ACC  25A0               	addwf	change_password@pos2& (0+255),w,b
  7433   000ACE  6ED9               	movwf	fsr2l,c
  7434   000AD0  0E00               	movlw	high change_password@arr4
  7435   000AD2  21A1               	addwfc	(change_password@pos2+1)& (0+255),w,b
  7436   000AD4  6EDA               	movwf	fsr2h,c
  7437   000AD6  0E30               	movlw	48
  7438   000AD8  6EDF               	movwf	indf2,c
  7439   000ADA                     
  7440                           ; BSR set to: 0
  7441                           ;menu.c: 612:        len2++;
  7442   000ADA  4BAC               	infsnz	change_password@len2& (0+255),f,b
  7443   000ADC  2BAD               	incf	(change_password@len2+1)& (0+255),f,b
  7444   000ADE                     
  7445                           ; BSR set to: 0
  7446                           ;menu.c: 613:        pos2++;
  7447   000ADE  4BA0               	infsnz	change_password@pos2& (0+255),f,b
  7448   000AE0  2BA1               	incf	(change_password@pos2+1)& (0+255),f,b
  7449   000AE2                     l3544:
  7450                           
  7451                           ; BSR set to: 0
  7452                           ;menu.c: 615:    if( pass_key2 == 12 )
  7453   000AE2  0E0C               	movlw	12
  7454   000AE4  1996               	xorwf	change_password@pass_key2& (0+255),w,b
  7455   000AE6  1197               	iorwf	(change_password@pass_key2+1)& (0+255),w,b
  7456   000AE8  A4D8               	btfss	status,2,c
  7457   000AEA  EF79  F005         	goto	u3191
  7458   000AEE  EF7B  F005         	goto	u3190
  7459   000AF2                     u3191:
  7460   000AF2  EF8E  F005         	goto	l3554
  7461   000AF6                     u3190:
  7462   000AF6                     
  7463                           ; BSR set to: 0
  7464                           ;menu.c: 616:    {;menu.c: 617:        clcd_putch('*',(0xC0 + (len2)));
  7465   000AF6  51AC               	movf	change_password@len2& (0+255),w,b
  7466   000AF8  0FC0               	addlw	192
  7467   000AFA  6E23               	movwf	clcd_putch@addr^0,c
  7468   000AFC  0E2A               	movlw	42
  7469   000AFE  EC81  F014         	call	_clcd_putch
  7470   000B02                     
  7471                           ;menu.c: 618:        arr4[pos2] = '1';
  7472   000B02  0E76               	movlw	low change_password@arr4
  7473   000B04  0100               	movlb	0	; () banked
  7474   000B06  25A0               	addwf	change_password@pos2& (0+255),w,b
  7475   000B08  6ED9               	movwf	fsr2l,c
  7476   000B0A  0E00               	movlw	high change_password@arr4
  7477   000B0C  21A1               	addwfc	(change_password@pos2+1)& (0+255),w,b
  7478   000B0E  6EDA               	movwf	fsr2h,c
  7479   000B10  0E31               	movlw	49
  7480   000B12  6EDF               	movwf	indf2,c
  7481   000B14                     
  7482                           ; BSR set to: 0
  7483                           ;menu.c: 619:        len2++;
  7484   000B14  4BAC               	infsnz	change_password@len2& (0+255),f,b
  7485   000B16  2BAD               	incf	(change_password@len2+1)& (0+255),f,b
  7486   000B18                     
  7487                           ; BSR set to: 0
  7488                           ;menu.c: 620:        pos2++;
  7489   000B18  4BA0               	infsnz	change_password@pos2& (0+255),f,b
  7490   000B1A  2BA1               	incf	(change_password@pos2+1)& (0+255),f,b
  7491   000B1C                     l3554:
  7492                           
  7493                           ; BSR set to: 0
  7494                           ;menu.c: 622:    for ( k20 = 50000 ; i2--;);
  7495   000B1C  0EC3               	movlw	195
  7496   000B1E  6F71               	movwf	(change_password@k20+1)& (0+255),b
  7497   000B20  0E50               	movlw	80
  7498   000B22  6F70               	movwf	change_password@k20& (0+255),b
  7499   000B24                     l3556:
  7500                           
  7501                           ; BSR set to: 0
  7502   000B24  077E               	decf	change_password@i2& (0+255),f,b
  7503   000B26  A0D8               	btfss	status,0,c
  7504   000B28  077F               	decf	(change_password@i2+1)& (0+255),f,b
  7505   000B2A  297E               	incf	change_password@i2& (0+255),w,b
  7506   000B2C  E106               	bnz	u3201
  7507   000B2E  297F               	incf	(change_password@i2+1)& (0+255),w,b
  7508   000B30  A4D8               	btfss	status,2,c
  7509   000B32  EF9D  F005         	goto	u3201
  7510   000B36  EF9F  F005         	goto	u3200
  7511   000B3A                     u3201:
  7512   000B3A  EF92  F005         	goto	l3556
  7513   000B3E                     u3200:
  7514   000B3E  EFA5  F005         	goto	l3560
  7515   000B42                     l3558:
  7516                           
  7517                           ; BSR set to: 0
  7518                           ;menu.c: 625:    cn_flag=1;
  7519   000B42  0E00               	movlw	0
  7520   000B44  6F8D               	movwf	(change_password@cn_flag+1)& (0+255),b
  7521   000B46  0E01               	movlw	1
  7522   000B48  6F8C               	movwf	change_password@cn_flag& (0+255),b
  7523   000B4A                     l3560:
  7524                           
  7525                           ; BSR set to: 0
  7526                           ;menu.c: 626:       if(cn_flag)
  7527   000B4A  518C               	movf	change_password@cn_flag& (0+255),w,b
  7528   000B4C  118D               	iorwf	(change_password@cn_flag+1)& (0+255),w,b
  7529   000B4E  B4D8               	btfsc	status,2,c
  7530   000B50  EFAC  F005         	goto	u3211
  7531   000B54  EFAE  F005         	goto	u3210
  7532   000B58                     u3211:
  7533   000B58  EF13  F005         	goto	l3520
  7534   000B5C                     u3210:
  7535   000B5C                     
  7536                           ; BSR set to: 0
  7537                           ;menu.c: 627:       {;menu.c: 628:    clcd_print("Renter new Password:",(0x80 + (0)));
  7538   000B5C  0E78               	movlw	low STR_34
  7539   000B5E  6E07               	movwf	clcd_print@data^0,c
  7540   000B60  0E2E               	movlw	high STR_34
  7541   000B62  6E08               	movwf	(clcd_print@data+1)^0,c
  7542   000B64  0E80               	movlw	128
  7543   000B66  6E09               	movwf	clcd_print@addr^0,c
  7544   000B68  EC06  F012         	call	_clcd_print	;wreg free
  7545                           
  7546                           ;menu.c: 629:    clcd_print("                ",(0xC0 + (0)));
  7547   000B6C  0EA7               	movlw	low STR_2
  7548   000B6E  6E07               	movwf	clcd_print@data^0,c
  7549   000B70  0E2F               	movlw	high STR_2
  7550   000B72  6E08               	movwf	(clcd_print@data+1)^0,c
  7551   000B74  0EC0               	movlw	192
  7552   000B76  6E09               	movwf	clcd_print@addr^0,c
  7553   000B78  EC06  F012         	call	_clcd_print	;wreg free
  7554   000B7C                     l3564:
  7555                           
  7556                           ;menu.c: 631:    {;menu.c: 632:        pass_key3 = read_switches(1);
  7557   000B7C  0E01               	movlw	1
  7558   000B7E  EC93  F011         	call	_read_switches
  7559   000B82  6E27               	movwf	??_change_password^0,c
  7560   000B84  5027               	movf	??_change_password^0,w,c
  7561   000B86  0100               	movlb	0	; () banked
  7562   000B88  6F8E               	movwf	change_password@pass_key3& (0+255),b
  7563   000B8A  6B8F               	clrf	(change_password@pass_key3+1)& (0+255),b
  7564   000B8C                     
  7565                           ; BSR set to: 0
  7566                           ;menu.c: 633:        if( len3 < 10 )
  7567   000B8C  51A5               	movf	(change_password@len3+1)& (0+255),w,b
  7568   000B8E  E107               	bnz	u3221
  7569   000B90  0E0A               	movlw	10
  7570   000B92  5DA4               	subwf	change_password@len3& (0+255),w,b
  7571   000B94  B0D8               	btfsc	status,0,c
  7572   000B96  EFCF  F005         	goto	u3221
  7573   000B9A  EFD1  F005         	goto	u3220
  7574   000B9E                     u3221:
  7575   000B9E  EF48  F006         	goto	l3602
  7576   000BA2                     u3220:
  7577   000BA2                     
  7578                           ; BSR set to: 0
  7579                           ;menu.c: 634:        {;menu.c: 635:     if( blink3++ < 10 )
  7580   000BA2  5190               	movf	change_password@blink3& (0+255),w,b
  7581   000BA4  6E27               	movwf	??_change_password^0,c
  7582   000BA6  5191               	movf	(change_password@blink3+1)& (0+255),w,b
  7583   000BA8  6E28               	movwf	(??_change_password+1)^0,c
  7584   000BAA  4B90               	infsnz	change_password@blink3& (0+255),f,b
  7585   000BAC  2B91               	incf	(change_password@blink3+1)& (0+255),f,b
  7586   000BAE  5028               	movf	(??_change_password+1)^0,w,c
  7587   000BB0  E107               	bnz	u3231
  7588   000BB2  0E0A               	movlw	10
  7589   000BB4  5C27               	subwf	??_change_password^0,w,c
  7590   000BB6  B0D8               	btfsc	status,0,c
  7591   000BB8  EFE0  F005         	goto	u3231
  7592   000BBC  EFE2  F005         	goto	u3230
  7593   000BC0                     u3231:
  7594   000BC0  EFEA  F005         	goto	l3572
  7595   000BC4                     u3230:
  7596   000BC4                     
  7597                           ; BSR set to: 0
  7598                           ;menu.c: 636:     {;menu.c: 637:         clcd_putch(' ',(0xC0 + (len2)));
  7599   000BC4  51AC               	movf	change_password@len2& (0+255),w,b
  7600   000BC6  0FC0               	addlw	192
  7601   000BC8  6E23               	movwf	clcd_putch@addr^0,c
  7602   000BCA  0E20               	movlw	32
  7603   000BCC  EC81  F014         	call	_clcd_putch
  7604                           
  7605                           ;menu.c: 638:     }
  7606   000BD0  EFFE  F005         	goto	l3578
  7607   000BD4                     l3572:
  7608                           
  7609                           ; BSR set to: 0
  7610                           ;menu.c: 640:     {;menu.c: 641:         if( blink3 == 20 )
  7611   000BD4  0E14               	movlw	20
  7612   000BD6  1990               	xorwf	change_password@blink3& (0+255),w,b
  7613   000BD8  1191               	iorwf	(change_password@blink3+1)& (0+255),w,b
  7614   000BDA  A4D8               	btfss	status,2,c
  7615   000BDC  EFF2  F005         	goto	u3241
  7616   000BE0  EFF4  F005         	goto	u3240
  7617   000BE4                     u3241:
  7618   000BE4  EFF8  F005         	goto	l3576
  7619   000BE8                     u3240:
  7620   000BE8                     
  7621                           ; BSR set to: 0
  7622                           ;menu.c: 642:         {;menu.c: 643:      blink3=0;
  7623   000BE8  0E00               	movlw	0
  7624   000BEA  6F91               	movwf	(change_password@blink3+1)& (0+255),b
  7625   000BEC  0E00               	movlw	0
  7626   000BEE  6F90               	movwf	change_password@blink3& (0+255),b
  7627   000BF0                     l3576:
  7628                           
  7629                           ; BSR set to: 0
  7630                           ;menu.c: 645:         clcd_putch(-1,(0xC0 + (len3)));
  7631   000BF0  51A4               	movf	change_password@len3& (0+255),w,b
  7632   000BF2  0FC0               	addlw	192
  7633   000BF4  6E23               	movwf	clcd_putch@addr^0,c
  7634   000BF6  0EFF               	movlw	255
  7635   000BF8  EC81  F014         	call	_clcd_putch
  7636   000BFC                     l3578:
  7637                           
  7638                           ;menu.c: 648:     if ( pass_key3 == 11 )
  7639   000BFC  0E0B               	movlw	11
  7640   000BFE  0100               	movlb	0	; () banked
  7641   000C00  198E               	xorwf	change_password@pass_key3& (0+255),w,b
  7642   000C02  118F               	iorwf	(change_password@pass_key3+1)& (0+255),w,b
  7643   000C04  A4D8               	btfss	status,2,c
  7644   000C06  EF07  F006         	goto	u3251
  7645   000C0A  EF09  F006         	goto	u3250
  7646   000C0E                     u3251:
  7647   000C0E  EF1C  F006         	goto	l3588
  7648   000C12                     u3250:
  7649   000C12                     
  7650                           ; BSR set to: 0
  7651                           ;menu.c: 649:     {;menu.c: 650:         clcd_putch('*',(0xC0 + (len3)));
  7652   000C12  51A4               	movf	change_password@len3& (0+255),w,b
  7653   000C14  0FC0               	addlw	192
  7654   000C16  6E23               	movwf	clcd_putch@addr^0,c
  7655   000C18  0E2A               	movlw	42
  7656   000C1A  EC81  F014         	call	_clcd_putch
  7657   000C1E                     
  7658                           ;menu.c: 651:         arr5[pos3] = '0';
  7659   000C1E  0E88               	movlw	low change_password@arr5
  7660   000C20  0100               	movlb	0	; () banked
  7661   000C22  259A               	addwf	change_password@pos3& (0+255),w,b
  7662   000C24  6ED9               	movwf	fsr2l,c
  7663   000C26  0E00               	movlw	high change_password@arr5
  7664   000C28  219B               	addwfc	(change_password@pos3+1)& (0+255),w,b
  7665   000C2A  6EDA               	movwf	fsr2h,c
  7666   000C2C  0E30               	movlw	48
  7667   000C2E  6EDF               	movwf	indf2,c
  7668   000C30                     
  7669                           ; BSR set to: 0
  7670                           ;menu.c: 652:         len3++;
  7671   000C30  4BA4               	infsnz	change_password@len3& (0+255),f,b
  7672   000C32  2BA5               	incf	(change_password@len3+1)& (0+255),f,b
  7673   000C34                     
  7674                           ; BSR set to: 0
  7675                           ;menu.c: 653:         pos3++;
  7676   000C34  4B9A               	infsnz	change_password@pos3& (0+255),f,b
  7677   000C36  2B9B               	incf	(change_password@pos3+1)& (0+255),f,b
  7678   000C38                     l3588:
  7679                           
  7680                           ; BSR set to: 0
  7681                           ;menu.c: 655:     if( pass_key3 == 12 )
  7682   000C38  0E0C               	movlw	12
  7683   000C3A  198E               	xorwf	change_password@pass_key3& (0+255),w,b
  7684   000C3C  118F               	iorwf	(change_password@pass_key3+1)& (0+255),w,b
  7685   000C3E  A4D8               	btfss	status,2,c
  7686   000C40  EF24  F006         	goto	u3261
  7687   000C44  EF26  F006         	goto	u3260
  7688   000C48                     u3261:
  7689   000C48  EF39  F006         	goto	l3598
  7690   000C4C                     u3260:
  7691   000C4C                     
  7692                           ; BSR set to: 0
  7693                           ;menu.c: 656:     {;menu.c: 657:         clcd_putch('*',(0xC0 + (len3)));
  7694   000C4C  51A4               	movf	change_password@len3& (0+255),w,b
  7695   000C4E  0FC0               	addlw	192
  7696   000C50  6E23               	movwf	clcd_putch@addr^0,c
  7697   000C52  0E2A               	movlw	42
  7698   000C54  EC81  F014         	call	_clcd_putch
  7699   000C58                     
  7700                           ;menu.c: 658:         arr5[pos3] = '1';
  7701   000C58  0E88               	movlw	low change_password@arr5
  7702   000C5A  0100               	movlb	0	; () banked
  7703   000C5C  259A               	addwf	change_password@pos3& (0+255),w,b
  7704   000C5E  6ED9               	movwf	fsr2l,c
  7705   000C60  0E00               	movlw	high change_password@arr5
  7706   000C62  219B               	addwfc	(change_password@pos3+1)& (0+255),w,b
  7707   000C64  6EDA               	movwf	fsr2h,c
  7708   000C66  0E31               	movlw	49
  7709   000C68  6EDF               	movwf	indf2,c
  7710   000C6A                     
  7711                           ; BSR set to: 0
  7712                           ;menu.c: 659:         len3++;
  7713   000C6A  4BA4               	infsnz	change_password@len3& (0+255),f,b
  7714   000C6C  2BA5               	incf	(change_password@len3+1)& (0+255),f,b
  7715   000C6E                     
  7716                           ; BSR set to: 0
  7717                           ;menu.c: 660:         pos3++;
  7718   000C6E  4B9A               	infsnz	change_password@pos3& (0+255),f,b
  7719   000C70  2B9B               	incf	(change_password@pos3+1)& (0+255),f,b
  7720   000C72                     l3598:
  7721   000C72                     l3600:
  7722                           
  7723                           ; BSR set to: 0
  7724   000C72  07A6               	decf	change_password@i3& (0+255),f,b
  7725   000C74  A0D8               	btfss	status,0,c
  7726   000C76  07A7               	decf	(change_password@i3+1)& (0+255),f,b
  7727   000C78  29A6               	incf	change_password@i3& (0+255),w,b
  7728   000C7A  E106               	bnz	u3271
  7729   000C7C  29A7               	incf	(change_password@i3+1)& (0+255),w,b
  7730   000C7E  A4D8               	btfss	status,2,c
  7731   000C80  EF44  F006         	goto	u3271
  7732   000C84  EF46  F006         	goto	u3270
  7733   000C88                     u3271:
  7734   000C88  EF39  F006         	goto	l3600
  7735   000C8C                     u3270:
  7736   000C8C  EFBE  F005         	goto	l3564
  7737   000C90                     l3602:
  7738                           
  7739                           ; BSR set to: 0
  7740                           ;menu.c: 665:        {;menu.c: 666:     for( i3 = 0; i3 < 4 ; i3++ )
  7741   000C90  0E00               	movlw	0
  7742   000C92  6FA7               	movwf	(change_password@i3+1)& (0+255),b
  7743   000C94  0E00               	movlw	0
  7744   000C96  6FA6               	movwf	change_password@i3& (0+255),b
  7745   000C98                     l3608:
  7746                           
  7747                           ; BSR set to: 0
  7748                           ;menu.c: 667:     {;menu.c: 668:         if( arr4[i3] == arr5[i3] )
  7749   000C98  0E88               	movlw	low change_password@arr5
  7750   000C9A  25A6               	addwf	change_password@i3& (0+255),w,b
  7751   000C9C  6ED9               	movwf	fsr2l,c
  7752   000C9E  0E00               	movlw	high change_password@arr5
  7753   000CA0  21A7               	addwfc	(change_password@i3+1)& (0+255),w,b
  7754   000CA2  6EDA               	movwf	fsr2h,c
  7755   000CA4  0E76               	movlw	low change_password@arr4
  7756   000CA6  25A6               	addwf	change_password@i3& (0+255),w,b
  7757   000CA8  6EE1               	movwf	fsr1l,c
  7758   000CAA  0E00               	movlw	high change_password@arr4
  7759   000CAC  21A7               	addwfc	(change_password@i3+1)& (0+255),w,b
  7760   000CAE  6EE2               	movwf	fsr1h,c
  7761   000CB0  50DE               	movf	postinc2,w,c
  7762   000CB2  18E6               	xorwf	postinc1,w,c
  7763   000CB4  A4D8               	btfss	status,2,c
  7764   000CB6  EF5F  F006         	goto	u3281
  7765   000CBA  EF61  F006         	goto	u3280
  7766   000CBE                     u3281:
  7767   000CBE  EF63  F006         	goto	l584
  7768   000CC2                     u3280:
  7769   000CC2                     
  7770                           ; BSR set to: 0
  7771                           ;menu.c: 669:      count30++;
  7772   000CC2  4B80               	infsnz	change_password@count30& (0+255),f,b
  7773   000CC4  2B81               	incf	(change_password@count30+1)& (0+255),f,b
  7774   000CC6                     l584:
  7775                           
  7776                           ; BSR set to: 0
  7777                           ;menu.c: 670:     }
  7778   000CC6  4BA6               	infsnz	change_password@i3& (0+255),f,b
  7779   000CC8  2BA7               	incf	(change_password@i3+1)& (0+255),f,b
  7780   000CCA                     
  7781                           ; BSR set to: 0
  7782   000CCA  51A7               	movf	(change_password@i3+1)& (0+255),w,b
  7783   000CCC  E109               	bnz	u3290
  7784   000CCE  0E04               	movlw	4
  7785   000CD0  5DA6               	subwf	change_password@i3& (0+255),w,b
  7786   000CD2  A0D8               	btfss	status,0,c
  7787   000CD4  EF6E  F006         	goto	u3291
  7788   000CD8  EF70  F006         	goto	u3290
  7789   000CDC                     u3291:
  7790   000CDC  EF4C  F006         	goto	l3608
  7791   000CE0                     u3290:
  7792   000CE0                     
  7793                           ; BSR set to: 0
  7794                           ;menu.c: 671:     if( count30 == 4 )
  7795   000CE0  0E04               	movlw	4
  7796   000CE2  1980               	xorwf	change_password@count30& (0+255),w,b
  7797   000CE4  1181               	iorwf	(change_password@count30+1)& (0+255),w,b
  7798   000CE6  A4D8               	btfss	status,2,c
  7799   000CE8  EF78  F006         	goto	u3301
  7800   000CEC  EF7A  F006         	goto	u3300
  7801   000CF0                     u3301:
  7802   000CF0  EFCD  F006         	goto	l3642
  7803   000CF4                     u3300:
  7804   000CF4                     
  7805                           ; BSR set to: 0
  7806                           ;menu.c: 672:     {;menu.c: 673:         for( int h = 0 ; h < 4 ; h++ )
  7807   000CF4  0E00               	movlw	0
  7808   000CF6  6FAB               	movwf	(change_password@h+1)& (0+255),b
  7809   000CF8  0E00               	movlw	0
  7810   000CFA  6FAA               	movwf	change_password@h& (0+255),b
  7811   000CFC                     l3618:
  7812                           
  7813                           ; BSR set to: 0
  7814   000CFC  BFAB               	btfsc	(change_password@h+1)& (0+255),7,b
  7815   000CFE  EF8A  F006         	goto	u3311
  7816   000D02  51AB               	movf	(change_password@h+1)& (0+255),w,b
  7817   000D04  E109               	bnz	u3310
  7818   000D06  0E04               	movlw	4
  7819   000D08  5DAA               	subwf	change_password@h& (0+255),w,b
  7820   000D0A  A0D8               	btfss	status,0,c
  7821   000D0C  EF8A  F006         	goto	u3311
  7822   000D10  EF8C  F006         	goto	u3310
  7823   000D14                     u3311:
  7824   000D14  EF8E  F006         	goto	l3622
  7825   000D18                     u3310:
  7826   000D18  EFAD  F006         	goto	l3630
  7827   000D1C                     l3622:
  7828                           
  7829                           ; BSR set to: 0
  7830                           ;menu.c: 674:         {;menu.c: 675:      write_eeprom( ( 200 + h ) , arr5[h] );
  7831   000D1C  0E88               	movlw	low change_password@arr5
  7832   000D1E  25AA               	addwf	change_password@h& (0+255),w,b
  7833   000D20  6ED9               	movwf	fsr2l,c
  7834   000D22  0E00               	movlw	high change_password@arr5
  7835   000D24  21AB               	addwfc	(change_password@h+1)& (0+255),w,b
  7836   000D26  6EDA               	movwf	fsr2h,c
  7837   000D28  50DF               	movf	indf2,w,c
  7838   000D2A  6E23               	movwf	write_eeprom@data^0,c
  7839   000D2C  51AA               	movf	change_password@h& (0+255),w,b
  7840   000D2E  0FC8               	addlw	200
  7841   000D30  ECA1  F013         	call	_write_eeprom
  7842   000D34                     
  7843                           ;menu.c: 676:      pass[h] = arr5[h];
  7844   000D34  0E88               	movlw	low change_password@arr5
  7845   000D36  0100               	movlb	0	; () banked
  7846   000D38  25AA               	addwf	change_password@h& (0+255),w,b
  7847   000D3A  6ED9               	movwf	fsr2l,c
  7848   000D3C  0E00               	movlw	high change_password@arr5
  7849   000D3E  21AB               	addwfc	(change_password@h+1)& (0+255),w,b
  7850   000D40  6EDA               	movwf	fsr2h,c
  7851   000D42  0EE5               	movlw	low _pass
  7852   000D44  25AA               	addwf	change_password@h& (0+255),w,b
  7853   000D46  6EE1               	movwf	fsr1l,c
  7854   000D48  0E01               	movlw	high _pass
  7855   000D4A  21AB               	addwfc	(change_password@h+1)& (0+255),w,b
  7856   000D4C  6EE2               	movwf	fsr1h,c
  7857   000D4E  CFDF FFE7          	movff	indf2,indf1
  7858   000D52                     
  7859                           ; BSR set to: 0
  7860                           ;menu.c: 677:         }
  7861   000D52  4BAA               	infsnz	change_password@h& (0+255),f,b
  7862   000D54  2BAB               	incf	(change_password@h+1)& (0+255),f,b
  7863   000D56  EF7E  F006         	goto	l3618
  7864   000D5A                     l3630:
  7865   000D5A                     
  7866                           ; BSR set to: 0
  7867                           ;menu.c: 679:         clcd_print(" Passwd Changed ",(0x80 + (0)));
  7868   000D5A  0E63               	movlw	low STR_36
  7869   000D5C  6E07               	movwf	clcd_print@data^0,c
  7870   000D5E  0E2F               	movlw	high STR_36
  7871   000D60  6E08               	movwf	(clcd_print@data+1)^0,c
  7872   000D62  0E80               	movlw	128
  7873   000D64  6E09               	movwf	clcd_print@addr^0,c
  7874   000D66  EC06  F012         	call	_clcd_print	;wreg free
  7875   000D6A                     
  7876                           ;menu.c: 680:         clcd_print("**Successfull** ",(0xC0 + (0)));
  7877   000D6A  0E52               	movlw	low STR_37
  7878   000D6C  6E07               	movwf	clcd_print@data^0,c
  7879   000D6E  0E2F               	movlw	high STR_37
  7880   000D70  6E08               	movwf	(clcd_print@data+1)^0,c
  7881   000D72  0EC0               	movlw	192
  7882   000D74  6E09               	movwf	clcd_print@addr^0,c
  7883   000D76  EC06  F012         	call	_clcd_print	;wreg free
  7884   000D7A                     
  7885                           ;menu.c: 681:         if( delay6++ == 500 )
  7886   000D7A  0100               	movlb	0	; () banked
  7887   000D7C  4B9C               	infsnz	change_password@delay6& (0+255),f,b
  7888   000D7E  2B9D               	incf	(change_password@delay6+1)& (0+255),f,b
  7889   000D80  0EF5               	movlw	245
  7890   000D82  199C               	xorwf	change_password@delay6& (0+255),w,b
  7891   000D84  E106               	bnz	u3321
  7892   000D86  059D               	decf	(change_password@delay6+1)& (0+255),w,b
  7893   000D88  A4D8               	btfss	status,2,c
  7894   000D8A  EFC9  F006         	goto	u3321
  7895   000D8E  EFCB  F006         	goto	u3320
  7896   000D92                     u3321:
  7897   000D92  EFEE  F006         	goto	l581
  7898   000D96                     u3320:
  7899   000D96                     l3638:
  7900                           
  7901                           ; BSR set to: 0
  7902   000D96  EF13  F007         	goto	l589
  7903   000D9A                     l3642:
  7904                           
  7905                           ; BSR set to: 0
  7906                           ;menu.c: 688:     {;menu.c: 689:         clcd_print("    Password    ",(0x80 + (0)));
  7907   000D9A  0E1F               	movlw	low STR_38
  7908   000D9C  6E07               	movwf	clcd_print@data^0,c
  7909   000D9E  0E2F               	movlw	high STR_38
  7910   000DA0  6E08               	movwf	(clcd_print@data+1)^0,c
  7911   000DA2  0E80               	movlw	128
  7912   000DA4  6E09               	movwf	clcd_print@addr^0,c
  7913   000DA6  EC06  F012         	call	_clcd_print	;wreg free
  7914                           
  7915                           ;menu.c: 690:         clcd_print("  Not Matched   ",(0xC0 + (22)));
  7916   000DAA  0E30               	movlw	low STR_39
  7917   000DAC  6E07               	movwf	clcd_print@data^0,c
  7918   000DAE  0E2F               	movlw	high STR_39
  7919   000DB0  6E08               	movwf	(clcd_print@data+1)^0,c
  7920   000DB2  0ED6               	movlw	214
  7921   000DB4  6E09               	movwf	clcd_print@addr^0,c
  7922   000DB6  EC06  F012         	call	_clcd_print	;wreg free
  7923   000DBA                     
  7924                           ;menu.c: 691:         if( delay6++ == 1000 )
  7925   000DBA  0100               	movlb	0	; () banked
  7926   000DBC  4B9C               	infsnz	change_password@delay6& (0+255),f,b
  7927   000DBE  2B9D               	incf	(change_password@delay6+1)& (0+255),f,b
  7928   000DC0  0EE9               	movlw	233
  7929   000DC2  199C               	xorwf	change_password@delay6& (0+255),w,b
  7930   000DC4  E107               	bnz	u3331
  7931   000DC6  0E03               	movlw	3
  7932   000DC8  199D               	xorwf	(change_password@delay6+1)& (0+255),w,b
  7933   000DCA  A4D8               	btfss	status,2,c
  7934   000DCC  EFEA  F006         	goto	u3331
  7935   000DD0  EFEC  F006         	goto	u3330
  7936   000DD4                     u3331:
  7937   000DD4  EFEE  F006         	goto	l581
  7938   000DD8                     u3330:
  7939   000DD8  EFCB  F006         	goto	l3638
  7940   000DDC                     l581:
  7941                           
  7942                           ; BSR set to: 0
  7943   000DDC  EFBE  F005         	goto	l3564
  7944   000DE0                     l3650:
  7945                           
  7946                           ; BSR set to: 0
  7947                           ;menu.c: 703:      {;menu.c: 704:   clcd_print(" Wrong Password ",(0x80 + (0)));
  7948   000DE0  0E74               	movlw	low STR_40
  7949   000DE2  6E07               	movwf	clcd_print@data^0,c
  7950   000DE4  0E2F               	movlw	high STR_40
  7951   000DE6  6E08               	movwf	(clcd_print@data+1)^0,c
  7952   000DE8  0E80               	movlw	128
  7953   000DEA  6E09               	movwf	clcd_print@addr^0,c
  7954   000DEC  EC06  F012         	call	_clcd_print	;wreg free
  7955                           
  7956                           ;menu.c: 705:   clcd_print("                ",(0xC0 + (0)));
  7957   000DF0  0EA7               	movlw	low STR_2
  7958   000DF2  6E07               	movwf	clcd_print@data^0,c
  7959   000DF4  0E2F               	movlw	high STR_2
  7960   000DF6  6E08               	movwf	(clcd_print@data+1)^0,c
  7961   000DF8  0EC0               	movlw	192
  7962   000DFA  6E09               	movwf	clcd_print@addr^0,c
  7963   000DFC  EC06  F012         	call	_clcd_print	;wreg free
  7964   000E00                     
  7965                           ;menu.c: 706:   if( delay4++ == 2000 )
  7966   000E00  0100               	movlb	0	; () banked
  7967   000E02  4B86               	infsnz	change_password@delay4& (0+255),f,b
  7968   000E04  2B87               	incf	(change_password@delay4+1)& (0+255),f,b
  7969   000E06  0ED1               	movlw	209
  7970   000E08  1986               	xorwf	change_password@delay4& (0+255),w,b
  7971   000E0A  E107               	bnz	u3341
  7972   000E0C  0E07               	movlw	7
  7973   000E0E  1987               	xorwf	(change_password@delay4+1)& (0+255),w,b
  7974   000E10  A4D8               	btfss	status,2,c
  7975   000E12  EF0D  F007         	goto	u3341
  7976   000E16  EF0F  F007         	goto	u3340
  7977   000E1A                     u3341:
  7978   000E1A  EF27  F004         	goto	l542
  7979   000E1E                     u3340:
  7980   000E1E                     
  7981                           ; BSR set to: 0
  7982                           ;menu.c: 707:   {;menu.c: 708:       delay4 = 0;
  7983   000E1E  0E00               	movlw	0
  7984   000E20  6F87               	movwf	(change_password@delay4+1)& (0+255),b
  7985   000E22  0E00               	movlw	0
  7986   000E24  6F86               	movwf	change_password@delay4& (0+255),b
  7987   000E26                     l589:
  7988                           
  7989                           ; BSR set to: 0
  7990   000E26  0012               	return		;funcret
  7991   000E28                     __end_of_change_password:
  7992                           	callstack 0
  7993                           
  7994 ;; *************** function _write_eeprom *****************
  7995 ;; Defined at:
  7996 ;;		line 6 in file "eeprom.c"
  7997 ;; Parameters:    Size  Location     Type
  7998 ;;  addr            1    wreg     unsigned char 
  7999 ;;  data            1   34[COMRAM] unsigned char 
  8000 ;; Auto vars:     Size  Location     Type
  8001 ;;  addr            1   37[COMRAM] unsigned char 
  8002 ;;  i               2   35[COMRAM] int 
  8003 ;; Return value:  Size  Location     Type
  8004 ;;                  1    wreg      void 
  8005 ;; Registers used:
  8006 ;;		wreg, status,2, status,0, cstack
  8007 ;; Tracked objects:
  8008 ;;		On entry : 0/0
  8009 ;;		On exit  : 0/0
  8010 ;;		Unchanged: 0/0
  8011 ;; Data sizes:     COMRAM   BANK0   BANK1   BANK2   BANK3   BANK4   BANK5
  8012 ;;      Params:         1       0       0       0       0       0       0
  8013 ;;      Locals:         3       0       0       0       0       0       0
  8014 ;;      Temps:          0       0       0       0       0       0       0
  8015 ;;      Totals:         4       0       0       0       0       0       0
  8016 ;;Total ram usage:        4 bytes
  8017 ;; Hardware stack levels used: 1
  8018 ;; Hardware stack levels required when called: 3
  8019 ;; This function calls:
  8020 ;;		_i2c_start
  8021 ;;		_i2c_stop
  8022 ;;		_i2c_write
  8023 ;; This function is called by:
  8024 ;;		_store_eeprom
  8025 ;;		_change_password
  8026 ;; This function uses a non-reentrant model
  8027 ;;
  8028                           
  8029                           	psect	text28
  8030   002742                     __ptext28:
  8031                           	callstack 0
  8032   002742                     _write_eeprom:
  8033                           	callstack 26
  8034                           
  8035                           ; BSR set to: 0
  8036                           ;incstack = 0
  8037                           ;write_eeprom@addr stored from wreg
  8038   002742  6E26               	movwf	write_eeprom@addr^0,c
  8039   002744                     
  8040                           ;eeprom.c: 6: void write_eeprom(unsigned char addr, unsigned char data);eeprom.c: 7: {;e
      +                          eprom.c: 8:  i2c_start();
  8041   002744  ECD4  F014         	call	_i2c_start	;wreg free
  8042   002748                     
  8043                           ;eeprom.c: 9:  i2c_write(0xA0);
  8044   002748  0EA0               	movlw	160
  8045   00274A  ECBE  F014         	call	_i2c_write
  8046   00274E                     
  8047                           ;eeprom.c: 10:  i2c_write(addr);
  8048   00274E  5026               	movf	write_eeprom@addr^0,w,c
  8049   002750  ECBE  F014         	call	_i2c_write
  8050   002754                     
  8051                           ;eeprom.c: 11:  i2c_write(data);
  8052   002754  5023               	movf	write_eeprom@data^0,w,c
  8053   002756  ECBE  F014         	call	_i2c_write
  8054   00275A                     
  8055                           ;eeprom.c: 12:  i2c_stop();
  8056   00275A  ECD0  F014         	call	_i2c_stop	;wreg free
  8057   00275E                     
  8058                           ;eeprom.c: 13:  for(int i = 3000; i--;);
  8059   00275E  0E0B               	movlw	11
  8060   002760  6E25               	movwf	(write_eeprom@i+1)^0,c
  8061   002762  0EB8               	movlw	184
  8062   002764  6E24               	movwf	write_eeprom@i^0,c
  8063   002766                     l2950:
  8064   002766  0624               	decf	write_eeprom@i^0,f,c
  8065   002768  A0D8               	btfss	status,0,c
  8066   00276A  0625               	decf	(write_eeprom@i+1)^0,f,c
  8067   00276C  2824               	incf	write_eeprom@i^0,w,c
  8068   00276E  E106               	bnz	u2311
  8069   002770  2825               	incf	(write_eeprom@i+1)^0,w,c
  8070   002772  A4D8               	btfss	status,2,c
  8071   002774  EFBE  F013         	goto	u2311
  8072   002778  EFC0  F013         	goto	u2310
  8073   00277C                     u2311:
  8074   00277C  EFB3  F013         	goto	l2950
  8075   002780                     u2310:
  8076   002780  0012               	return		;funcret
  8077   002782                     __end_of_write_eeprom:
  8078                           	callstack 0
  8079                           
  8080 ;; *************** function _i2c_write *****************
  8081 ;; Defined at:
  8082 ;;		line 53 in file "i2c.c"
  8083 ;; Parameters:    Size  Location     Type
  8084 ;;  data            1    wreg     unsigned char 
  8085 ;; Auto vars:     Size  Location     Type
  8086 ;;  data            1    0[COMRAM] unsigned char 
  8087 ;; Return value:  Size  Location     Type
  8088 ;;                  1    wreg      void 
  8089 ;; Registers used:
  8090 ;;		wreg, cstack
  8091 ;; Tracked objects:
  8092 ;;		On entry : 0/0
  8093 ;;		On exit  : 0/0
  8094 ;;		Unchanged: 0/0
  8095 ;; Data sizes:     COMRAM   BANK0   BANK1   BANK2   BANK3   BANK4   BANK5
  8096 ;;      Params:         0       0       0       0       0       0       0
  8097 ;;      Locals:         1       0       0       0       0       0       0
  8098 ;;      Temps:          0       0       0       0       0       0       0
  8099 ;;      Totals:         1       0       0       0       0       0       0
  8100 ;;Total ram usage:        1 bytes
  8101 ;; Hardware stack levels used: 1
  8102 ;; Hardware stack levels required when called: 2
  8103 ;; This function calls:
  8104 ;;		_i2c_idle
  8105 ;; This function is called by:
  8106 ;;		_write_ds1307
  8107 ;;		_read_ds1307
  8108 ;;		_write_eeprom
  8109 ;;		_read_eeprom
  8110 ;; This function uses a non-reentrant model
  8111 ;;
  8112                           
  8113                           	psect	text29
  8114   00297C                     __ptext29:
  8115                           	callstack 0
  8116   00297C                     _i2c_write:
  8117                           	callstack 26
  8118                           
  8119                           ;incstack = 0
  8120                           ;i2c_write@data stored from wreg
  8121   00297C  6E01               	movwf	i2c_write@data^0,c
  8122   00297E                     
  8123                           ;i2c.c: 53: void i2c_write(unsigned char data);i2c.c: 54: {;i2c.c: 55:  SSPBUF = data;
  8124   00297E  C001  FFC9         	movff	i2c_write@data,4041	;volatile
  8125   002982                     
  8126                           ;i2c.c: 56:  i2c_idle();
  8127   002982  ECAC  F014         	call	_i2c_idle	;wreg free
  8128   002986  0012               	return		;funcret
  8129   002988                     __end_of_i2c_write:
  8130                           	callstack 0
  8131                           
  8132 ;; *************** function _i2c_stop *****************
  8133 ;; Defined at:
  8134 ;;		line 41 in file "i2c.c"
  8135 ;; Parameters:    Size  Location     Type
  8136 ;;		None
  8137 ;; Auto vars:     Size  Location     Type
  8138 ;;		None
  8139 ;; Return value:  Size  Location     Type
  8140 ;;                  1    wreg      void 
  8141 ;; Registers used:
  8142 ;;		cstack
  8143 ;; Tracked objects:
  8144 ;;		On entry : 0/0
  8145 ;;		On exit  : 0/0
  8146 ;;		Unchanged: 0/0
  8147 ;; Data sizes:     COMRAM   BANK0   BANK1   BANK2   BANK3   BANK4   BANK5
  8148 ;;      Params:         0       0       0       0       0       0       0
  8149 ;;      Locals:         0       0       0       0       0       0       0
  8150 ;;      Temps:          0       0       0       0       0       0       0
  8151 ;;      Totals:         0       0       0       0       0       0       0
  8152 ;;Total ram usage:        0 bytes
  8153 ;; Hardware stack levels used: 1
  8154 ;; Hardware stack levels required when called: 2
  8155 ;; This function calls:
  8156 ;;		_i2c_idle
  8157 ;; This function is called by:
  8158 ;;		_write_ds1307
  8159 ;;		_read_ds1307
  8160 ;;		_write_eeprom
  8161 ;;		_read_eeprom
  8162 ;; This function uses a non-reentrant model
  8163 ;;
  8164                           
  8165                           	psect	text30
  8166   0029A0                     __ptext30:
  8167                           	callstack 0
  8168   0029A0                     _i2c_stop:
  8169                           	callstack 26
  8170   0029A0                     
  8171                           ;i2c.c: 43:  PEN = 1;
  8172   0029A0  84C5               	bsf	4037,2,c	;volatile
  8173   0029A2                     
  8174                           ;i2c.c: 44:  i2c_idle();
  8175   0029A2  ECAC  F014         	call	_i2c_idle	;wreg free
  8176   0029A6  0012               	return		;funcret
  8177   0029A8                     __end_of_i2c_stop:
  8178                           	callstack 0
  8179                           
  8180 ;; *************** function _i2c_start *****************
  8181 ;; Defined at:
  8182 ;;		line 35 in file "i2c.c"
  8183 ;; Parameters:    Size  Location     Type
  8184 ;;		None
  8185 ;; Auto vars:     Size  Location     Type
  8186 ;;		None
  8187 ;; Return value:  Size  Location     Type
  8188 ;;                  1    wreg      void 
  8189 ;; Registers used:
  8190 ;;		cstack
  8191 ;; Tracked objects:
  8192 ;;		On entry : 0/0
  8193 ;;		On exit  : 0/0
  8194 ;;		Unchanged: 0/0
  8195 ;; Data sizes:     COMRAM   BANK0   BANK1   BANK2   BANK3   BANK4   BANK5
  8196 ;;      Params:         0       0       0       0       0       0       0
  8197 ;;      Locals:         0       0       0       0       0       0       0
  8198 ;;      Temps:          0       0       0       0       0       0       0
  8199 ;;      Totals:         0       0       0       0       0       0       0
  8200 ;;Total ram usage:        0 bytes
  8201 ;; Hardware stack levels used: 1
  8202 ;; Hardware stack levels required when called: 2
  8203 ;; This function calls:
  8204 ;;		_i2c_idle
  8205 ;; This function is called by:
  8206 ;;		_write_ds1307
  8207 ;;		_read_ds1307
  8208 ;;		_write_eeprom
  8209 ;;		_read_eeprom
  8210 ;; This function uses a non-reentrant model
  8211 ;;
  8212                           
  8213                           	psect	text31
  8214   0029A8                     __ptext31:
  8215                           	callstack 0
  8216   0029A8                     _i2c_start:
  8217                           	callstack 26
  8218   0029A8                     
  8219                           ;i2c.c: 37:  SEN = 1;
  8220   0029A8  80C5               	bsf	4037,0,c	;volatile
  8221   0029AA                     
  8222                           ;i2c.c: 38:  i2c_idle();
  8223   0029AA  ECAC  F014         	call	_i2c_idle	;wreg free
  8224   0029AE  0012               	return		;funcret
  8225   0029B0                     __end_of_i2c_start:
  8226                           	callstack 0
  8227                           
  8228 ;; *************** function _i2c_idle *****************
  8229 ;; Defined at:
  8230 ;;		line 22 in file "i2c.c"
  8231 ;; Parameters:    Size  Location     Type
  8232 ;;		None
  8233 ;; Auto vars:     Size  Location     Type
  8234 ;;		None
  8235 ;; Return value:  Size  Location     Type
  8236 ;;                  1    wreg      void 
  8237 ;; Registers used:
  8238 ;;		None
  8239 ;; Tracked objects:
  8240 ;;		On entry : 0/0
  8241 ;;		On exit  : 0/0
  8242 ;;		Unchanged: 0/0
  8243 ;; Data sizes:     COMRAM   BANK0   BANK1   BANK2   BANK3   BANK4   BANK5
  8244 ;;      Params:         0       0       0       0       0       0       0
  8245 ;;      Locals:         0       0       0       0       0       0       0
  8246 ;;      Temps:          0       0       0       0       0       0       0
  8247 ;;      Totals:         0       0       0       0       0       0       0
  8248 ;;Total ram usage:        0 bytes
  8249 ;; Hardware stack levels used: 1
  8250 ;; Hardware stack levels required when called: 1
  8251 ;; This function calls:
  8252 ;;		Nothing
  8253 ;; This function is called by:
  8254 ;;		_i2c_start
  8255 ;;		_i2c_stop
  8256 ;;		_i2c_rep_start
  8257 ;;		_i2c_write
  8258 ;;		_i2c_rx_mode
  8259 ;; This function uses a non-reentrant model
  8260 ;;
  8261                           
  8262                           	psect	text32
  8263   002958                     __ptext32:
  8264                           	callstack 0
  8265   002958                     _i2c_idle:
  8266                           	callstack 26
  8267   002958                     l148:
  8268   002958  A69E               	btfss	3998,3,c	;volatile
  8269   00295A  EFB1  F014         	goto	u2111
  8270   00295E  EFB3  F014         	goto	u2110
  8271   002962                     u2111:
  8272   002962  EFAC  F014         	goto	l148
  8273   002966                     u2110:
  8274   002966                     
  8275                           ;i2c.c: 25:  SSPIF = 0;
  8276   002966  969E               	bcf	3998,3,c	;volatile
  8277   002968  0012               	return		;funcret
  8278   00296A                     __end_of_i2c_idle:
  8279                           	callstack 0
  8280                           
  8281 ;; *************** function _read_switches *****************
  8282 ;; Defined at:
  8283 ;;		line 88 in file "matrix_keypad.c"
  8284 ;; Parameters:    Size  Location     Type
  8285 ;;  detection_ty    1    wreg     unsigned char 
  8286 ;; Auto vars:     Size  Location     Type
  8287 ;;  detection_ty    1    0[COMRAM] unsigned char 
  8288 ;; Return value:  Size  Location     Type
  8289 ;;                  1    wreg      unsigned char 
  8290 ;; Registers used:
  8291 ;;		wreg, status,2, status,0, cstack
  8292 ;; Tracked objects:
  8293 ;;		On entry : 0/0
  8294 ;;		On exit  : 0/0
  8295 ;;		Unchanged: 0/0
  8296 ;; Data sizes:     COMRAM   BANK0   BANK1   BANK2   BANK3   BANK4   BANK5
  8297 ;;      Params:         0       0       0       0       0       0       0
  8298 ;;      Locals:         1       0       0       0       0       0       0
  8299 ;;      Temps:          0       0       0       0       0       0       0
  8300 ;;      Totals:         1       0       0       0       0       0       0
  8301 ;;Total ram usage:        1 bytes
  8302 ;; Hardware stack levels used: 1
  8303 ;; Hardware stack levels required when called: 2
  8304 ;; This function calls:
  8305 ;;		_scan_key
  8306 ;; This function is called by:
  8307 ;;		_main
  8308 ;;		_enter_menu
  8309 ;;		_view_log
  8310 ;;		_set_time
  8311 ;;		_change_password
  8312 ;; This function uses a non-reentrant model
  8313 ;;
  8314                           
  8315                           	psect	text33
  8316   002326                     __ptext33:
  8317                           	callstack 0
  8318   002326                     _read_switches:
  8319                           	callstack 28
  8320                           
  8321                           ;incstack = 0
  8322                           ;read_switches@detection_type stored from wreg
  8323   002326  6E01               	movwf	read_switches@detection_type^0,c
  8324   002328                     
  8325                           ;matrix_keypad.c: 88: unsigned char read_switches(unsigned char detection_type);matrix_k
      +                          eypad.c: 89: {;matrix_keypad.c: 90:  static unsigned char once = 1, key;;matrix_keypad.c
      +                          : 92:  if (detection_type == 1)
  8326   002328  0401               	decf	read_switches@detection_type^0,w,c
  8327   00232A  A4D8               	btfss	status,2,c
  8328   00232C  EF9A  F011         	goto	u2321
  8329   002330  EF9C  F011         	goto	u2320
  8330   002334                     u2321:
  8331   002334  EFC0  F011         	goto	l2984
  8332   002338                     u2320:
  8333   002338                     
  8334                           ;matrix_keypad.c: 93:  {;matrix_keypad.c: 94:   key = scan_key();
  8335   002338  ECFC  F00E         	call	_scan_key	;wreg free
  8336   00233C  6E57               	movwf	read_switches@key^0,c
  8337   00233E                     
  8338                           ;matrix_keypad.c: 95:   if(key != 0xFF && once )
  8339   00233E  2857               	incf	read_switches@key^0,w,c
  8340   002340  B4D8               	btfsc	status,2,c
  8341   002342  EFA5  F011         	goto	u2331
  8342   002346  EFA7  F011         	goto	u2330
  8343   00234A                     u2331:
  8344   00234A  EFB4  F011         	goto	l2980
  8345   00234E                     u2330:
  8346   00234E  505B               	movf	read_switches@once^0,w,c
  8347   002350  B4D8               	btfsc	status,2,c
  8348   002352  EFAD  F011         	goto	u2341
  8349   002356  EFAF  F011         	goto	u2340
  8350   00235A                     u2341:
  8351   00235A  EFB4  F011         	goto	l2980
  8352   00235E                     u2340:
  8353   00235E                     
  8354                           ;matrix_keypad.c: 96:   {;matrix_keypad.c: 97:    once = 0;
  8355   00235E  0E00               	movlw	0
  8356   002360  6E5B               	movwf	read_switches@once^0,c
  8357                           
  8358                           ;matrix_keypad.c: 98:    return key;
  8359   002362  5057               	movf	read_switches@key^0,w,c
  8360   002364  EFCD  F011         	goto	l331
  8361   002368                     l2980:
  8362   002368  2857               	incf	read_switches@key^0,w,c
  8363   00236A  A4D8               	btfss	status,2,c
  8364   00236C  EFBA  F011         	goto	u2351
  8365   002370  EFBC  F011         	goto	u2350
  8366   002374                     u2351:
  8367   002374  EFCC  F011         	goto	l2990
  8368   002378                     u2350:
  8369   002378                     
  8370                           ;matrix_keypad.c: 101:   {;matrix_keypad.c: 102:    once = 1;
  8371   002378  0E01               	movlw	1
  8372   00237A  6E5B               	movwf	read_switches@once^0,c
  8373   00237C  EFCC  F011         	goto	l2990
  8374   002380                     l2984:
  8375   002380  5001               	movf	read_switches@detection_type^0,w,c
  8376   002382  A4D8               	btfss	status,2,c
  8377   002384  EFC6  F011         	goto	u2361
  8378   002388  EFC8  F011         	goto	u2360
  8379   00238C                     u2361:
  8380   00238C  EFCC  F011         	goto	l2990
  8381   002390                     u2360:
  8382   002390                     
  8383                           ;matrix_keypad.c: 106:  {;matrix_keypad.c: 107:   return scan_key();
  8384   002390  ECFC  F00E         	call	_scan_key	;wreg free
  8385   002394  EFCD  F011         	goto	l331
  8386   002398                     l2990:
  8387                           
  8388                           ;matrix_keypad.c: 110:  return 0xFF;
  8389   002398  0EFF               	movlw	255
  8390   00239A                     l331:
  8391   00239A  0012               	return		;funcret
  8392   00239C                     __end_of_read_switches:
  8393                           	callstack 0
  8394                           
  8395 ;; *************** function _scan_key *****************
  8396 ;; Defined at:
  8397 ;;		line 18 in file "matrix_keypad.c"
  8398 ;; Parameters:    Size  Location     Type
  8399 ;;		None
  8400 ;; Auto vars:     Size  Location     Type
  8401 ;;		None
  8402 ;; Return value:  Size  Location     Type
  8403 ;;                  1    wreg      unsigned char 
  8404 ;; Registers used:
  8405 ;;		wreg
  8406 ;; Tracked objects:
  8407 ;;		On entry : 0/0
  8408 ;;		On exit  : 0/0
  8409 ;;		Unchanged: 0/0
  8410 ;; Data sizes:     COMRAM   BANK0   BANK1   BANK2   BANK3   BANK4   BANK5
  8411 ;;      Params:         0       0       0       0       0       0       0
  8412 ;;      Locals:         0       0       0       0       0       0       0
  8413 ;;      Temps:          0       0       0       0       0       0       0
  8414 ;;      Totals:         0       0       0       0       0       0       0
  8415 ;;Total ram usage:        0 bytes
  8416 ;; Hardware stack levels used: 1
  8417 ;; Hardware stack levels required when called: 1
  8418 ;; This function calls:
  8419 ;;		Nothing
  8420 ;; This function is called by:
  8421 ;;		_read_switches
  8422 ;; This function uses a non-reentrant model
  8423 ;;
  8424                           
  8425                           	psect	text34
  8426   001DF8                     __ptext34:
  8427                           	callstack 0
  8428   001DF8                     _scan_key:
  8429                           	callstack 28
  8430   001DF8                     
  8431                           ;matrix_keypad.c: 20:  PORTBbits.RB5 = 0;
  8432   001DF8  9A81               	bcf	129,5,c	;volatile
  8433                           
  8434                           ;matrix_keypad.c: 21:  PORTBbits.RB6 = 1;
  8435   001DFA  8C81               	bsf	129,6,c	;volatile
  8436                           
  8437                           ;matrix_keypad.c: 22:  PORTBbits.RB7 = 1;
  8438   001DFC  8E81               	bsf	129,7,c	;volatile
  8439                           
  8440                           ;matrix_keypad.c: 24:  if (PORTBbits.RB1 == 0)
  8441   001DFE  B281               	btfsc	129,1,c	;volatile
  8442   001E00  EF04  F00F         	goto	u2151
  8443   001E04  EF06  F00F         	goto	u2150
  8444   001E08                     u2151:
  8445   001E08  EF09  F00F         	goto	l301
  8446   001E0C                     u2150:
  8447   001E0C                     
  8448                           ;matrix_keypad.c: 25:  {;matrix_keypad.c: 26:   return 1;
  8449   001E0C  0E01               	movlw	1
  8450   001E0E  EF7F  F00F         	goto	l302
  8451   001E12                     l301:
  8452   001E12  B481               	btfsc	129,2,c	;volatile
  8453   001E14  EF0E  F00F         	goto	u2161
  8454   001E18  EF10  F00F         	goto	u2160
  8455   001E1C                     u2161:
  8456   001E1C  EF13  F00F         	goto	l304
  8457   001E20                     u2160:
  8458   001E20                     
  8459                           ;matrix_keypad.c: 29:  {;matrix_keypad.c: 30:   return 4;
  8460   001E20  0E04               	movlw	4
  8461   001E22  EF7F  F00F         	goto	l302
  8462   001E26                     l304:
  8463   001E26  B681               	btfsc	129,3,c	;volatile
  8464   001E28  EF18  F00F         	goto	u2171
  8465   001E2C  EF1A  F00F         	goto	u2170
  8466   001E30                     u2171:
  8467   001E30  EF1D  F00F         	goto	l306
  8468   001E34                     u2170:
  8469   001E34                     
  8470                           ;matrix_keypad.c: 33:  {;matrix_keypad.c: 34:   return 7;
  8471   001E34  0E07               	movlw	7
  8472   001E36  EF7F  F00F         	goto	l302
  8473   001E3A                     l306:
  8474   001E3A  B881               	btfsc	129,4,c	;volatile
  8475   001E3C  EF22  F00F         	goto	u2181
  8476   001E40  EF24  F00F         	goto	u2180
  8477   001E44                     u2181:
  8478   001E44  EF27  F00F         	goto	l303
  8479   001E48                     u2180:
  8480   001E48                     
  8481                           ;matrix_keypad.c: 37:  {;matrix_keypad.c: 38:   return 10;
  8482   001E48  0E0A               	movlw	10
  8483   001E4A  EF7F  F00F         	goto	l302
  8484   001E4E                     l303:
  8485                           
  8486                           ;matrix_keypad.c: 41:  PORTBbits.RB5 = 1;
  8487   001E4E  8A81               	bsf	129,5,c	;volatile
  8488                           
  8489                           ;matrix_keypad.c: 42:  PORTBbits.RB6 = 0;
  8490   001E50  9C81               	bcf	129,6,c	;volatile
  8491                           
  8492                           ;matrix_keypad.c: 43:  PORTBbits.RB7 = 1;
  8493   001E52  8E81               	bsf	129,7,c	;volatile
  8494                           
  8495                           ;matrix_keypad.c: 45:  if (PORTBbits.RB1 == 0)
  8496   001E54  B281               	btfsc	129,1,c	;volatile
  8497   001E56  EF2F  F00F         	goto	u2191
  8498   001E5A  EF31  F00F         	goto	u2190
  8499   001E5E                     u2191:
  8500   001E5E  EF34  F00F         	goto	l309
  8501   001E62                     u2190:
  8502   001E62                     
  8503                           ;matrix_keypad.c: 46:  {;matrix_keypad.c: 47:   return 2;
  8504   001E62  0E02               	movlw	2
  8505   001E64  EF7F  F00F         	goto	l302
  8506   001E68                     l309:
  8507   001E68  B481               	btfsc	129,2,c	;volatile
  8508   001E6A  EF39  F00F         	goto	u2201
  8509   001E6E  EF3B  F00F         	goto	u2200
  8510   001E72                     u2201:
  8511   001E72  EF3E  F00F         	goto	l311
  8512   001E76                     u2200:
  8513   001E76                     
  8514                           ;matrix_keypad.c: 50:  {;matrix_keypad.c: 51:   return 5;
  8515   001E76  0E05               	movlw	5
  8516   001E78  EF7F  F00F         	goto	l302
  8517   001E7C                     l311:
  8518   001E7C  B681               	btfsc	129,3,c	;volatile
  8519   001E7E  EF43  F00F         	goto	u2211
  8520   001E82  EF45  F00F         	goto	u2210
  8521   001E86                     u2211:
  8522   001E86  EF48  F00F         	goto	l313
  8523   001E8A                     u2210:
  8524   001E8A                     
  8525                           ;matrix_keypad.c: 54:  {;matrix_keypad.c: 55:   return 8;
  8526   001E8A  0E08               	movlw	8
  8527   001E8C  EF7F  F00F         	goto	l302
  8528   001E90                     l313:
  8529   001E90  B881               	btfsc	129,4,c	;volatile
  8530   001E92  EF4D  F00F         	goto	u2221
  8531   001E96  EF4F  F00F         	goto	u2220
  8532   001E9A                     u2221:
  8533   001E9A  EF52  F00F         	goto	l310
  8534   001E9E                     u2220:
  8535   001E9E                     
  8536                           ;matrix_keypad.c: 58:  {;matrix_keypad.c: 59:   return 11;
  8537   001E9E  0E0B               	movlw	11
  8538   001EA0  EF7F  F00F         	goto	l302
  8539   001EA4                     l310:
  8540                           
  8541                           ;matrix_keypad.c: 62:  PORTBbits.RB5 = 1;
  8542   001EA4  8A81               	bsf	129,5,c	;volatile
  8543                           
  8544                           ;matrix_keypad.c: 63:  PORTBbits.RB6 = 1;
  8545   001EA6  8C81               	bsf	129,6,c	;volatile
  8546                           
  8547                           ;matrix_keypad.c: 64:  PORTBbits.RB7 = 0;
  8548   001EA8  9E81               	bcf	129,7,c	;volatile
  8549                           
  8550                           ;matrix_keypad.c: 66:  PORTBbits.RB7 = 0;
  8551   001EAA  9E81               	bcf	129,7,c	;volatile
  8552                           
  8553                           ;matrix_keypad.c: 68:  if (PORTBbits.RB1 == 0)
  8554   001EAC  B281               	btfsc	129,1,c	;volatile
  8555   001EAE  EF5B  F00F         	goto	u2231
  8556   001EB2  EF5D  F00F         	goto	u2230
  8557   001EB6                     u2231:
  8558   001EB6  EF60  F00F         	goto	l316
  8559   001EBA                     u2230:
  8560   001EBA                     
  8561                           ;matrix_keypad.c: 69:  {;matrix_keypad.c: 70:   return 3;
  8562   001EBA  0E03               	movlw	3
  8563   001EBC  EF7F  F00F         	goto	l302
  8564   001EC0                     l316:
  8565   001EC0  B481               	btfsc	129,2,c	;volatile
  8566   001EC2  EF65  F00F         	goto	u2241
  8567   001EC6  EF67  F00F         	goto	u2240
  8568   001ECA                     u2241:
  8569   001ECA  EF6A  F00F         	goto	l318
  8570   001ECE                     u2240:
  8571   001ECE                     
  8572                           ;matrix_keypad.c: 73:  {;matrix_keypad.c: 74:   return 6;
  8573   001ECE  0E06               	movlw	6
  8574   001ED0  EF7F  F00F         	goto	l302
  8575   001ED4                     l318:
  8576   001ED4  B681               	btfsc	129,3,c	;volatile
  8577   001ED6  EF6F  F00F         	goto	u2251
  8578   001EDA  EF71  F00F         	goto	u2250
  8579   001EDE                     u2251:
  8580   001EDE  EF74  F00F         	goto	l320
  8581   001EE2                     u2250:
  8582   001EE2                     
  8583                           ;matrix_keypad.c: 77:  {;matrix_keypad.c: 78:   return 9;
  8584   001EE2  0E09               	movlw	9
  8585   001EE4  EF7F  F00F         	goto	l302
  8586   001EE8                     l320:
  8587   001EE8  B881               	btfsc	129,4,c	;volatile
  8588   001EEA  EF79  F00F         	goto	u2261
  8589   001EEE  EF7B  F00F         	goto	u2260
  8590   001EF2                     u2261:
  8591   001EF2  EF7E  F00F         	goto	l319
  8592   001EF6                     u2260:
  8593   001EF6                     
  8594                           ;matrix_keypad.c: 81:  {;matrix_keypad.c: 82:   return 12;
  8595   001EF6  0E0C               	movlw	12
  8596   001EF8  EF7F  F00F         	goto	l302
  8597   001EFC                     l319:
  8598   001EFC                     
  8599                           ;matrix_keypad.c: 85:  return 0xFF;
  8600   001EFC  0EFF               	movlw	255
  8601   001EFE                     l302:
  8602   001EFE  0012               	return		;funcret
  8603   001F00                     __end_of_scan_key:
  8604                           	callstack 0
  8605                           
  8606 ;; *************** function _display_time *****************
  8607 ;; Defined at:
  8608 ;;		line 26 in file "main.c"
  8609 ;; Parameters:    Size  Location     Type
  8610 ;;		None
  8611 ;; Auto vars:     Size  Location     Type
  8612 ;;		None
  8613 ;; Return value:  Size  Location     Type
  8614 ;;                  1    wreg      void 
  8615 ;; Registers used:
  8616 ;;		wreg, fsr0l, fsr0h, status,2, status,0, tblptrl, tblptrh, tblptru, cstack
  8617 ;; Tracked objects:
  8618 ;;		On entry : 0/0
  8619 ;;		On exit  : 0/0
  8620 ;;		Unchanged: 0/0
  8621 ;; Data sizes:     COMRAM   BANK0   BANK1   BANK2   BANK3   BANK4   BANK5
  8622 ;;      Params:         0       0       0       0       0       0       0
  8623 ;;      Locals:         0       0       0       0       0       0       0
  8624 ;;      Temps:          0       0       0       0       0       0       0
  8625 ;;      Totals:         0       0       0       0       0       0       0
  8626 ;;Total ram usage:        0 bytes
  8627 ;; Hardware stack levels used: 1
  8628 ;; Hardware stack levels required when called: 3
  8629 ;; This function calls:
  8630 ;;		_clcd_print
  8631 ;; This function is called by:
  8632 ;;		_main
  8633 ;; This function uses a non-reentrant model
  8634 ;;
  8635                           
  8636                           	psect	text35
  8637   00296A                     __ptext35:
  8638                           	callstack 0
  8639   00296A                     _display_time:
  8640                           	callstack 27
  8641   00296A                     
  8642                           ;main.c: 28:     clcd_print(time, (0xC0 + (0)));
  8643   00296A  0EAE               	movlw	low _time
  8644   00296C  6E07               	movwf	clcd_print@data^0,c
  8645   00296E  0E00               	movlw	high _time
  8646   002970  6E08               	movwf	(clcd_print@data+1)^0,c
  8647   002972  0EC0               	movlw	192
  8648   002974  6E09               	movwf	clcd_print@addr^0,c
  8649   002976  EC06  F012         	call	_clcd_print	;wreg free
  8650   00297A  0012               	return		;funcret
  8651   00297C                     __end_of_display_time:
  8652                           	callstack 0
  8653                           
  8654 ;; *************** function _display_speed *****************
  8655 ;; Defined at:
  8656 ;;		line 68 in file "main.c"
  8657 ;; Parameters:    Size  Location     Type
  8658 ;;  adc_val         4   36[COMRAM] unsigned long 
  8659 ;; Auto vars:     Size  Location     Type
  8660 ;;		None
  8661 ;; Return value:  Size  Location     Type
  8662 ;;                  1    wreg      void 
  8663 ;; Registers used:
  8664 ;;		wreg, status,2, status,0, cstack
  8665 ;; Tracked objects:
  8666 ;;		On entry : 0/0
  8667 ;;		On exit  : 0/0
  8668 ;;		Unchanged: 0/0
  8669 ;; Data sizes:     COMRAM   BANK0   BANK1   BANK2   BANK3   BANK4   BANK5
  8670 ;;      Params:         4       0       0       0       0       0       0
  8671 ;;      Locals:         4       0       0       0       0       0       0
  8672 ;;      Temps:          0       0       0       0       0       0       0
  8673 ;;      Totals:         8       0       0       0       0       0       0
  8674 ;;Total ram usage:        8 bytes
  8675 ;; Hardware stack levels used: 1
  8676 ;; Hardware stack levels required when called: 3
  8677 ;; This function calls:
  8678 ;;		___lldiv
  8679 ;;		___llmod
  8680 ;;		___lmul
  8681 ;;		_clcd_putch
  8682 ;; This function is called by:
  8683 ;;		_main
  8684 ;; This function uses a non-reentrant model
  8685 ;;
  8686                           
  8687                           	psect	text36
  8688   001F00                     __ptext36:
  8689                           	callstack 0
  8690   001F00                     _display_speed:
  8691                           	callstack 27
  8692   001F00                     
  8693                           ;main.c: 68: void display_speed( unsigned long int adc_val );main.c: 69: {;main.c: 70:  
      +                             clcd_putch( '0'+(((adc_val*99)/1023)/10) ,(0xC0 + (14)));
  8694   001F00  0EFF               	movlw	255
  8695   001F02  6E11               	movwf	___lldiv@divisor^0,c
  8696   001F04  0E03               	movlw	3
  8697   001F06  6E12               	movwf	(___lldiv@divisor+1)^0,c
  8698   001F08  0E00               	movlw	0
  8699   001F0A  6E13               	movwf	(___lldiv@divisor+2)^0,c
  8700   001F0C  0E00               	movlw	0
  8701   001F0E  6E14               	movwf	(___lldiv@divisor+3)^0,c
  8702   001F10  C025  F001         	movff	display_speed@adc_val,___lmul@multiplier
  8703   001F14  C026  F002         	movff	display_speed@adc_val+1,___lmul@multiplier+1
  8704   001F18  C027  F003         	movff	display_speed@adc_val+2,___lmul@multiplier+2
  8705   001F1C  C028  F004         	movff	display_speed@adc_val+3,___lmul@multiplier+3
  8706   001F20  0E63               	movlw	99
  8707   001F22  6E05               	movwf	___lmul@multiplicand^0,c
  8708   001F24  0E00               	movlw	0
  8709   001F26  6E06               	movwf	(___lmul@multiplicand+1)^0,c
  8710   001F28  0E00               	movlw	0
  8711   001F2A  6E07               	movwf	(___lmul@multiplicand+2)^0,c
  8712   001F2C  0E00               	movlw	0
  8713   001F2E  6E08               	movwf	(___lmul@multiplicand+3)^0,c
  8714   001F30  EC3C  F012         	call	___lmul	;wreg free
  8715   001F34  C001  F00D         	movff	?___lmul,___lldiv@dividend
  8716   001F38  C002  F00E         	movff	?___lmul+1,___lldiv@dividend+1
  8717   001F3C  C003  F00F         	movff	?___lmul+2,___lldiv@dividend+2
  8718   001F40  C004  F010         	movff	?___lmul+3,___lldiv@dividend+3
  8719   001F44  ECBB  F010         	call	___lldiv	;wreg free
  8720   001F48  C00D  F029         	movff	?___lldiv,_display_speed$1190
  8721   001F4C  C00E  F02A         	movff	?___lldiv+1,_display_speed$1190+1
  8722   001F50  C00F  F02B         	movff	?___lldiv+2,_display_speed$1190+2
  8723   001F54  C010  F02C         	movff	?___lldiv+3,_display_speed$1190+3
  8724                           
  8725                           ;main.c: 68: void display_speed( unsigned long int adc_val );main.c: 69: {;main.c: 70:  
      +                             clcd_putch( '0'+(((adc_val*99)/1023)/10) ,(0xC0 + (14)));
  8726   001F58  0ECE               	movlw	206
  8727   001F5A  6E23               	movwf	clcd_putch@addr^0,c
  8728   001F5C  C029  F00D         	movff	_display_speed$1190,___lldiv@dividend
  8729   001F60  C02A  F00E         	movff	_display_speed$1190+1,___lldiv@dividend+1
  8730   001F64  C02B  F00F         	movff	_display_speed$1190+2,___lldiv@dividend+2
  8731   001F68  C02C  F010         	movff	_display_speed$1190+3,___lldiv@dividend+3
  8732   001F6C  0E0A               	movlw	10
  8733   001F6E  6E11               	movwf	___lldiv@divisor^0,c
  8734   001F70  0E00               	movlw	0
  8735   001F72  6E12               	movwf	(___lldiv@divisor+1)^0,c
  8736   001F74  0E00               	movlw	0
  8737   001F76  6E13               	movwf	(___lldiv@divisor+2)^0,c
  8738   001F78  0E00               	movlw	0
  8739   001F7A  6E14               	movwf	(___lldiv@divisor+3)^0,c
  8740   001F7C  ECBB  F010         	call	___lldiv	;wreg free
  8741   001F80  500D               	movf	?___lldiv^0,w,c
  8742   001F82  0F30               	addlw	48
  8743   001F84  EC81  F014         	call	_clcd_putch
  8744                           
  8745                           ;main.c: 71:     clcd_putch( '0'+(((adc_val*99)/1023)%10) ,(0xC0 + (15)));
  8746   001F88  0ECF               	movlw	207
  8747   001F8A  6E23               	movwf	clcd_putch@addr^0,c
  8748   001F8C  0EFF               	movlw	255
  8749   001F8E  6E11               	movwf	___lldiv@divisor^0,c
  8750   001F90  0E03               	movlw	3
  8751   001F92  6E12               	movwf	(___lldiv@divisor+1)^0,c
  8752   001F94  0E00               	movlw	0
  8753   001F96  6E13               	movwf	(___lldiv@divisor+2)^0,c
  8754   001F98  0E00               	movlw	0
  8755   001F9A  6E14               	movwf	(___lldiv@divisor+3)^0,c
  8756   001F9C  C025  F001         	movff	display_speed@adc_val,___lmul@multiplier
  8757   001FA0  C026  F002         	movff	display_speed@adc_val+1,___lmul@multiplier+1
  8758   001FA4  C027  F003         	movff	display_speed@adc_val+2,___lmul@multiplier+2
  8759   001FA8  C028  F004         	movff	display_speed@adc_val+3,___lmul@multiplier+3
  8760   001FAC  0E63               	movlw	99
  8761   001FAE  6E05               	movwf	___lmul@multiplicand^0,c
  8762   001FB0  0E00               	movlw	0
  8763   001FB2  6E06               	movwf	(___lmul@multiplicand+1)^0,c
  8764   001FB4  0E00               	movlw	0
  8765   001FB6  6E07               	movwf	(___lmul@multiplicand+2)^0,c
  8766   001FB8  0E00               	movlw	0
  8767   001FBA  6E08               	movwf	(___lmul@multiplicand+3)^0,c
  8768   001FBC  EC3C  F012         	call	___lmul	;wreg free
  8769   001FC0  C001  F00D         	movff	?___lmul,___lldiv@dividend
  8770   001FC4  C002  F00E         	movff	?___lmul+1,___lldiv@dividend+1
  8771   001FC8  C003  F00F         	movff	?___lmul+2,___lldiv@dividend+2
  8772   001FCC  C004  F010         	movff	?___lmul+3,___lldiv@dividend+3
  8773   001FD0  ECBB  F010         	call	___lldiv	;wreg free
  8774   001FD4  C00D  F01A         	movff	?___lldiv,___llmod@dividend
  8775   001FD8  C00E  F01B         	movff	?___lldiv+1,___llmod@dividend+1
  8776   001FDC  C00F  F01C         	movff	?___lldiv+2,___llmod@dividend+2
  8777   001FE0  C010  F01D         	movff	?___lldiv+3,___llmod@dividend+3
  8778   001FE4  0E0A               	movlw	10
  8779   001FE6  6E1E               	movwf	___llmod@divisor^0,c
  8780   001FE8  0E00               	movlw	0
  8781   001FEA  6E1F               	movwf	(___llmod@divisor+1)^0,c
  8782   001FEC  0E00               	movlw	0
  8783   001FEE  6E20               	movwf	(___llmod@divisor+2)^0,c
  8784   001FF0  0E00               	movlw	0
  8785   001FF2  6E21               	movwf	(___llmod@divisor+3)^0,c
  8786   001FF4  EC0D  F011         	call	___llmod	;wreg free
  8787   001FF8  501A               	movf	?___llmod^0,w,c
  8788   001FFA  0F30               	addlw	48
  8789   001FFC  EC81  F014         	call	_clcd_putch
  8790   002000  0012               	return		;funcret
  8791   002002                     __end_of_display_speed:
  8792                           	callstack 0
  8793                           
  8794 ;; *************** function _clcd_putch *****************
  8795 ;; Defined at:
  8796 ;;		line 51 in file "clcd.c"
  8797 ;; Parameters:    Size  Location     Type
  8798 ;;  data            1    wreg     const unsigned char 
  8799 ;;  addr            1   34[COMRAM] unsigned char 
  8800 ;; Auto vars:     Size  Location     Type
  8801 ;;  data            1   35[COMRAM] const unsigned char 
  8802 ;; Return value:  Size  Location     Type
  8803 ;;                  1    wreg      void 
  8804 ;; Registers used:
  8805 ;;		wreg, status,2, cstack
  8806 ;; Tracked objects:
  8807 ;;		On entry : 0/0
  8808 ;;		On exit  : 0/0
  8809 ;;		Unchanged: 0/0
  8810 ;; Data sizes:     COMRAM   BANK0   BANK1   BANK2   BANK3   BANK4   BANK5
  8811 ;;      Params:         1       0       0       0       0       0       0
  8812 ;;      Locals:         1       0       0       0       0       0       0
  8813 ;;      Temps:          0       0       0       0       0       0       0
  8814 ;;      Totals:         2       0       0       0       0       0       0
  8815 ;;Total ram usage:        2 bytes
  8816 ;; Hardware stack levels used: 1
  8817 ;; Hardware stack levels required when called: 2
  8818 ;; This function calls:
  8819 ;;		_clcd_write
  8820 ;; This function is called by:
  8821 ;;		_display_speed
  8822 ;;		_enter_menu
  8823 ;;		_view_log
  8824 ;;		_set_time
  8825 ;;		_change_password
  8826 ;; This function uses a non-reentrant model
  8827 ;;
  8828                           
  8829                           	psect	text37
  8830   002902                     __ptext37:
  8831                           	callstack 0
  8832   002902                     _clcd_putch:
  8833                           	callstack 26
  8834                           
  8835                           ;incstack = 0
  8836                           ;clcd_putch@data stored from wreg
  8837   002902  6E24               	movwf	clcd_putch@data^0,c
  8838   002904                     
  8839                           ;clcd.c: 51: void clcd_putch(const unsigned char data, unsigned char addr);clcd.c: 52: {
      +                          ;clcd.c: 53:  clcd_write(addr, 0);
  8840   002904  0E00               	movlw	0
  8841   002906  6E01               	movwf	clcd_write@control_bit^0,c
  8842   002908  5023               	movf	clcd_putch@addr^0,w,c
  8843   00290A  ECE0  F013         	call	_clcd_write
  8844                           
  8845                           ;clcd.c: 54:  clcd_write(data, 1);
  8846   00290E  0E01               	movlw	1
  8847   002910  6E01               	movwf	clcd_write@control_bit^0,c
  8848   002912  5024               	movf	clcd_putch@data^0,w,c
  8849   002914  ECE0  F013         	call	_clcd_write
  8850   002918  0012               	return		;funcret
  8851   00291A                     __end_of_clcd_putch:
  8852                           	callstack 0
  8853                           
  8854 ;; *************** function ___lmul *****************
  8855 ;; Defined at:
  8856 ;;		line 15 in file "C:\Program Files\Microchip\xc8\v2.41\pic\sources\c99\common\Umul32.c"
  8857 ;; Parameters:    Size  Location     Type
  8858 ;;  multiplier      4    0[COMRAM] unsigned long 
  8859 ;;  multiplicand    4    4[COMRAM] unsigned long 
  8860 ;; Auto vars:     Size  Location     Type
  8861 ;;  product         4    8[COMRAM] unsigned long 
  8862 ;; Return value:  Size  Location     Type
  8863 ;;                  4    0[COMRAM] unsigned long 
  8864 ;; Registers used:
  8865 ;;		wreg, status,2, status,0
  8866 ;; Tracked objects:
  8867 ;;		On entry : 0/0
  8868 ;;		On exit  : 0/0
  8869 ;;		Unchanged: 0/0
  8870 ;; Data sizes:     COMRAM   BANK0   BANK1   BANK2   BANK3   BANK4   BANK5
  8871 ;;      Params:         8       0       0       0       0       0       0
  8872 ;;      Locals:         4       0       0       0       0       0       0
  8873 ;;      Temps:          0       0       0       0       0       0       0
  8874 ;;      Totals:        12       0       0       0       0       0       0
  8875 ;;Total ram usage:       12 bytes
  8876 ;; Hardware stack levels used: 1
  8877 ;; Hardware stack levels required when called: 1
  8878 ;; This function calls:
  8879 ;;		Nothing
  8880 ;; This function is called by:
  8881 ;;		_display_speed
  8882 ;;		_store_eeprom
  8883 ;; This function uses a non-reentrant model
  8884 ;;
  8885                           
  8886                           	psect	text38
  8887   002478                     __ptext38:
  8888                           	callstack 0
  8889   002478                     ___lmul:
  8890                           	callstack 28
  8891   002478  0E00               	movlw	0
  8892   00247A  6E09               	movwf	___lmul@product^0,c
  8893   00247C  0E00               	movlw	0
  8894   00247E  6E0A               	movwf	(___lmul@product+1)^0,c
  8895   002480  0E00               	movlw	0
  8896   002482  6E0B               	movwf	(___lmul@product+2)^0,c
  8897   002484  0E00               	movlw	0
  8898   002486  6E0C               	movwf	(___lmul@product+3)^0,c
  8899   002488                     l3660:
  8900   002488  A001               	btfss	___lmul@multiplier^0,0,c
  8901   00248A  EF49  F012         	goto	u3351
  8902   00248E  EF4B  F012         	goto	u3350
  8903   002492                     u3351:
  8904   002492  EF53  F012         	goto	l3664
  8905   002496                     u3350:
  8906   002496  5005               	movf	___lmul@multiplicand^0,w,c
  8907   002498  2609               	addwf	___lmul@product^0,f,c
  8908   00249A  5006               	movf	(___lmul@multiplicand+1)^0,w,c
  8909   00249C  220A               	addwfc	(___lmul@product+1)^0,f,c
  8910   00249E  5007               	movf	(___lmul@multiplicand+2)^0,w,c
  8911   0024A0  220B               	addwfc	(___lmul@product+2)^0,f,c
  8912   0024A2  5008               	movf	(___lmul@multiplicand+3)^0,w,c
  8913   0024A4  220C               	addwfc	(___lmul@product+3)^0,f,c
  8914   0024A6                     l3664:
  8915   0024A6  90D8               	bcf	status,0,c
  8916   0024A8  3605               	rlcf	___lmul@multiplicand^0,f,c
  8917   0024AA  3606               	rlcf	(___lmul@multiplicand+1)^0,f,c
  8918   0024AC  3607               	rlcf	(___lmul@multiplicand+2)^0,f,c
  8919   0024AE  3608               	rlcf	(___lmul@multiplicand+3)^0,f,c
  8920   0024B0  90D8               	bcf	status,0,c
  8921   0024B2  3204               	rrcf	(___lmul@multiplier+3)^0,f,c
  8922   0024B4  3203               	rrcf	(___lmul@multiplier+2)^0,f,c
  8923   0024B6  3202               	rrcf	(___lmul@multiplier+1)^0,f,c
  8924   0024B8  3201               	rrcf	___lmul@multiplier^0,f,c
  8925   0024BA  5001               	movf	___lmul@multiplier^0,w,c
  8926   0024BC  1002               	iorwf	(___lmul@multiplier+1)^0,w,c
  8927   0024BE  1003               	iorwf	(___lmul@multiplier+2)^0,w,c
  8928   0024C0  1004               	iorwf	(___lmul@multiplier+3)^0,w,c
  8929   0024C2  A4D8               	btfss	status,2,c
  8930   0024C4  EF66  F012         	goto	u3361
  8931   0024C8  EF68  F012         	goto	u3360
  8932   0024CC                     u3361:
  8933   0024CC  EF44  F012         	goto	l3660
  8934   0024D0                     u3360:
  8935   0024D0  C009  F001         	movff	___lmul@product,?___lmul
  8936   0024D4  C00A  F002         	movff	___lmul@product+1,?___lmul+1
  8937   0024D8  C00B  F003         	movff	___lmul@product+2,?___lmul+2
  8938   0024DC  C00C  F004         	movff	___lmul@product+3,?___lmul+3
  8939   0024E0  0012               	return		;funcret
  8940   0024E2                     __end_of___lmul:
  8941                           	callstack 0
  8942                           
  8943 ;; *************** function ___llmod *****************
  8944 ;; Defined at:
  8945 ;;		line 7 in file "C:\Program Files\Microchip\xc8\v2.41\pic\sources\c99\common\llmod.c"
  8946 ;; Parameters:    Size  Location     Type
  8947 ;;  dividend        4   25[COMRAM] unsigned long 
  8948 ;;  divisor         4   29[COMRAM] unsigned long 
  8949 ;; Auto vars:     Size  Location     Type
  8950 ;;  counter         1   33[COMRAM] unsigned char 
  8951 ;; Return value:  Size  Location     Type
  8952 ;;                  4   25[COMRAM] unsigned long 
  8953 ;; Registers used:
  8954 ;;		wreg, status,2, status,0
  8955 ;; Tracked objects:
  8956 ;;		On entry : 0/0
  8957 ;;		On exit  : 0/0
  8958 ;;		Unchanged: 0/0
  8959 ;; Data sizes:     COMRAM   BANK0   BANK1   BANK2   BANK3   BANK4   BANK5
  8960 ;;      Params:         8       0       0       0       0       0       0
  8961 ;;      Locals:         1       0       0       0       0       0       0
  8962 ;;      Temps:          0       0       0       0       0       0       0
  8963 ;;      Totals:         9       0       0       0       0       0       0
  8964 ;;Total ram usage:        9 bytes
  8965 ;; Hardware stack levels used: 1
  8966 ;; Hardware stack levels required when called: 1
  8967 ;; This function calls:
  8968 ;;		Nothing
  8969 ;; This function is called by:
  8970 ;;		_display_speed
  8971 ;;		_store_eeprom
  8972 ;; This function uses a non-reentrant model
  8973 ;;
  8974                           
  8975                           	psect	text39
  8976   00221A                     __ptext39:
  8977                           	callstack 0
  8978   00221A                     ___llmod:
  8979                           	callstack 28
  8980   00221A  501E               	movf	___llmod@divisor^0,w,c
  8981   00221C  101F               	iorwf	(___llmod@divisor+1)^0,w,c
  8982   00221E  1020               	iorwf	(___llmod@divisor+2)^0,w,c
  8983   002220  1021               	iorwf	(___llmod@divisor+3)^0,w,c
  8984   002222  B4D8               	btfsc	status,2,c
  8985   002224  EF16  F011         	goto	u3401
  8986   002228  EF18  F011         	goto	u3400
  8987   00222C                     u3401:
  8988   00222C  EF48  F011         	goto	l1121
  8989   002230                     u3400:
  8990   002230  0E01               	movlw	1
  8991   002232  6E22               	movwf	___llmod@counter^0,c
  8992   002234  EF22  F011         	goto	l3696
  8993   002238                     l3694:
  8994   002238  90D8               	bcf	status,0,c
  8995   00223A  361E               	rlcf	___llmod@divisor^0,f,c
  8996   00223C  361F               	rlcf	(___llmod@divisor+1)^0,f,c
  8997   00223E  3620               	rlcf	(___llmod@divisor+2)^0,f,c
  8998   002240  3621               	rlcf	(___llmod@divisor+3)^0,f,c
  8999   002242  2A22               	incf	___llmod@counter^0,f,c
  9000   002244                     l3696:
  9001   002244  AE21               	btfss	(___llmod@divisor+3)^0,7,c
  9002   002246  EF27  F011         	goto	u3411
  9003   00224A  EF29  F011         	goto	u3410
  9004   00224E                     u3411:
  9005   00224E  EF1C  F011         	goto	l3694
  9006   002252                     u3410:
  9007   002252                     l3698:
  9008   002252  501E               	movf	___llmod@divisor^0,w,c
  9009   002254  5C1A               	subwf	___llmod@dividend^0,w,c
  9010   002256  501F               	movf	(___llmod@divisor+1)^0,w,c
  9011   002258  581B               	subwfb	(___llmod@dividend+1)^0,w,c
  9012   00225A  5020               	movf	(___llmod@divisor+2)^0,w,c
  9013   00225C  581C               	subwfb	(___llmod@dividend+2)^0,w,c
  9014   00225E  5021               	movf	(___llmod@divisor+3)^0,w,c
  9015   002260  581D               	subwfb	(___llmod@dividend+3)^0,w,c
  9016   002262  A0D8               	btfss	status,0,c
  9017   002264  EF36  F011         	goto	u3421
  9018   002268  EF38  F011         	goto	u3420
  9019   00226C                     u3421:
  9020   00226C  EF40  F011         	goto	l3702
  9021   002270                     u3420:
  9022   002270  501E               	movf	___llmod@divisor^0,w,c
  9023   002272  5E1A               	subwf	___llmod@dividend^0,f,c
  9024   002274  501F               	movf	(___llmod@divisor+1)^0,w,c
  9025   002276  5A1B               	subwfb	(___llmod@dividend+1)^0,f,c
  9026   002278  5020               	movf	(___llmod@divisor+2)^0,w,c
  9027   00227A  5A1C               	subwfb	(___llmod@dividend+2)^0,f,c
  9028   00227C  5021               	movf	(___llmod@divisor+3)^0,w,c
  9029   00227E  5A1D               	subwfb	(___llmod@dividend+3)^0,f,c
  9030   002280                     l3702:
  9031   002280  90D8               	bcf	status,0,c
  9032   002282  3221               	rrcf	(___llmod@divisor+3)^0,f,c
  9033   002284  3220               	rrcf	(___llmod@divisor+2)^0,f,c
  9034   002286  321F               	rrcf	(___llmod@divisor+1)^0,f,c
  9035   002288  321E               	rrcf	___llmod@divisor^0,f,c
  9036   00228A  2E22               	decfsz	___llmod@counter^0,f,c
  9037   00228C  EF29  F011         	goto	l3698
  9038   002290                     l1121:
  9039   002290  C01A  F01A         	movff	___llmod@dividend,?___llmod
  9040   002294  C01B  F01B         	movff	___llmod@dividend+1,?___llmod+1
  9041   002298  C01C  F01C         	movff	___llmod@dividend+2,?___llmod+2
  9042   00229C  C01D  F01D         	movff	___llmod@dividend+3,?___llmod+3
  9043   0022A0  0012               	return		;funcret
  9044   0022A2                     __end_of___llmod:
  9045                           	callstack 0
  9046                           
  9047 ;; *************** function ___lldiv *****************
  9048 ;; Defined at:
  9049 ;;		line 7 in file "C:\Program Files\Microchip\xc8\v2.41\pic\sources\c99\common\__lldiv.c"
  9050 ;; Parameters:    Size  Location     Type
  9051 ;;  dividend        4   12[COMRAM] unsigned long 
  9052 ;;  divisor         4   16[COMRAM] unsigned long 
  9053 ;; Auto vars:     Size  Location     Type
  9054 ;;  quotient        4   20[COMRAM] unsigned long 
  9055 ;;  counter         1   24[COMRAM] unsigned char 
  9056 ;; Return value:  Size  Location     Type
  9057 ;;                  4   12[COMRAM] unsigned long 
  9058 ;; Registers used:
  9059 ;;		wreg, status,2, status,0
  9060 ;; Tracked objects:
  9061 ;;		On entry : 0/0
  9062 ;;		On exit  : 0/0
  9063 ;;		Unchanged: 0/0
  9064 ;; Data sizes:     COMRAM   BANK0   BANK1   BANK2   BANK3   BANK4   BANK5
  9065 ;;      Params:         8       0       0       0       0       0       0
  9066 ;;      Locals:         5       0       0       0       0       0       0
  9067 ;;      Temps:          0       0       0       0       0       0       0
  9068 ;;      Totals:        13       0       0       0       0       0       0
  9069 ;;Total ram usage:       13 bytes
  9070 ;; Hardware stack levels used: 1
  9071 ;; Hardware stack levels required when called: 1
  9072 ;; This function calls:
  9073 ;;		Nothing
  9074 ;; This function is called by:
  9075 ;;		_display_speed
  9076 ;;		_store_eeprom
  9077 ;; This function uses a non-reentrant model
  9078 ;;
  9079                           
  9080                           	psect	text40
  9081   002176                     __ptext40:
  9082                           	callstack 0
  9083   002176                     ___lldiv:
  9084                           	callstack 28
  9085   002176  0E00               	movlw	0
  9086   002178  6E15               	movwf	___lldiv@quotient^0,c
  9087   00217A  0E00               	movlw	0
  9088   00217C  6E16               	movwf	(___lldiv@quotient+1)^0,c
  9089   00217E  0E00               	movlw	0
  9090   002180  6E17               	movwf	(___lldiv@quotient+2)^0,c
  9091   002182  0E00               	movlw	0
  9092   002184  6E18               	movwf	(___lldiv@quotient+3)^0,c
  9093   002186  5011               	movf	___lldiv@divisor^0,w,c
  9094   002188  1012               	iorwf	(___lldiv@divisor+1)^0,w,c
  9095   00218A  1013               	iorwf	(___lldiv@divisor+2)^0,w,c
  9096   00218C  1014               	iorwf	(___lldiv@divisor+3)^0,w,c
  9097   00218E  B4D8               	btfsc	status,2,c
  9098   002190  EFCC  F010         	goto	u3371
  9099   002194  EFCE  F010         	goto	u3370
  9100   002198                     u3371:
  9101   002198  EF04  F011         	goto	l728
  9102   00219C                     u3370:
  9103   00219C  0E01               	movlw	1
  9104   00219E  6E19               	movwf	___lldiv@counter^0,c
  9105   0021A0  EFD8  F010         	goto	l3676
  9106   0021A4                     l3674:
  9107   0021A4  90D8               	bcf	status,0,c
  9108   0021A6  3611               	rlcf	___lldiv@divisor^0,f,c
  9109   0021A8  3612               	rlcf	(___lldiv@divisor+1)^0,f,c
  9110   0021AA  3613               	rlcf	(___lldiv@divisor+2)^0,f,c
  9111   0021AC  3614               	rlcf	(___lldiv@divisor+3)^0,f,c
  9112   0021AE  2A19               	incf	___lldiv@counter^0,f,c
  9113   0021B0                     l3676:
  9114   0021B0  AE14               	btfss	(___lldiv@divisor+3)^0,7,c
  9115   0021B2  EFDD  F010         	goto	u3381
  9116   0021B6  EFDF  F010         	goto	u3380
  9117   0021BA                     u3381:
  9118   0021BA  EFD2  F010         	goto	l3674
  9119   0021BE                     u3380:
  9120   0021BE                     l3678:
  9121   0021BE  90D8               	bcf	status,0,c
  9122   0021C0  3615               	rlcf	___lldiv@quotient^0,f,c
  9123   0021C2  3616               	rlcf	(___lldiv@quotient+1)^0,f,c
  9124   0021C4  3617               	rlcf	(___lldiv@quotient+2)^0,f,c
  9125   0021C6  3618               	rlcf	(___lldiv@quotient+3)^0,f,c
  9126   0021C8  5011               	movf	___lldiv@divisor^0,w,c
  9127   0021CA  5C0D               	subwf	___lldiv@dividend^0,w,c
  9128   0021CC  5012               	movf	(___lldiv@divisor+1)^0,w,c
  9129   0021CE  580E               	subwfb	(___lldiv@dividend+1)^0,w,c
  9130   0021D0  5013               	movf	(___lldiv@divisor+2)^0,w,c
  9131   0021D2  580F               	subwfb	(___lldiv@dividend+2)^0,w,c
  9132   0021D4  5014               	movf	(___lldiv@divisor+3)^0,w,c
  9133   0021D6  5810               	subwfb	(___lldiv@dividend+3)^0,w,c
  9134   0021D8  A0D8               	btfss	status,0,c
  9135   0021DA  EFF1  F010         	goto	u3391
  9136   0021DE  EFF3  F010         	goto	u3390
  9137   0021E2                     u3391:
  9138   0021E2  EFFC  F010         	goto	l3686
  9139   0021E6                     u3390:
  9140   0021E6  5011               	movf	___lldiv@divisor^0,w,c
  9141   0021E8  5E0D               	subwf	___lldiv@dividend^0,f,c
  9142   0021EA  5012               	movf	(___lldiv@divisor+1)^0,w,c
  9143   0021EC  5A0E               	subwfb	(___lldiv@dividend+1)^0,f,c
  9144   0021EE  5013               	movf	(___lldiv@divisor+2)^0,w,c
  9145   0021F0  5A0F               	subwfb	(___lldiv@dividend+2)^0,f,c
  9146   0021F2  5014               	movf	(___lldiv@divisor+3)^0,w,c
  9147   0021F4  5A10               	subwfb	(___lldiv@dividend+3)^0,f,c
  9148   0021F6  8015               	bsf	___lldiv@quotient^0,0,c
  9149   0021F8                     l3686:
  9150   0021F8  90D8               	bcf	status,0,c
  9151   0021FA  3214               	rrcf	(___lldiv@divisor+3)^0,f,c
  9152   0021FC  3213               	rrcf	(___lldiv@divisor+2)^0,f,c
  9153   0021FE  3212               	rrcf	(___lldiv@divisor+1)^0,f,c
  9154   002200  3211               	rrcf	___lldiv@divisor^0,f,c
  9155   002202  2E19               	decfsz	___lldiv@counter^0,f,c
  9156   002204  EFDF  F010         	goto	l3678
  9157   002208                     l728:
  9158   002208  C015  F00D         	movff	___lldiv@quotient,?___lldiv
  9159   00220C  C016  F00E         	movff	___lldiv@quotient+1,?___lldiv+1
  9160   002210  C017  F00F         	movff	___lldiv@quotient+2,?___lldiv+2
  9161   002214  C018  F010         	movff	___lldiv@quotient+3,?___lldiv+3
  9162   002218  0012               	return		;funcret
  9163   00221A                     __end_of___lldiv:
  9164                           	callstack 0
  9165                           
  9166 ;; *************** function _display_gear *****************
  9167 ;; Defined at:
  9168 ;;		line 74 in file "main.c"
  9169 ;; Parameters:    Size  Location     Type
  9170 ;;  key             1    wreg     unsigned char 
  9171 ;; Auto vars:     Size  Location     Type
  9172 ;;  key             1    9[COMRAM] unsigned char 
  9173 ;; Return value:  Size  Location     Type
  9174 ;;                  1    wreg      void 
  9175 ;; Registers used:
  9176 ;;		wreg, fsr0l, fsr0h, status,2, status,0, tblptrl, tblptrh, tblptru, prodl, prodh, cstack
  9177 ;; Tracked objects:
  9178 ;;		On entry : 0/0
  9179 ;;		On exit  : 0/0
  9180 ;;		Unchanged: 0/0
  9181 ;; Data sizes:     COMRAM   BANK0   BANK1   BANK2   BANK3   BANK4   BANK5
  9182 ;;      Params:         0       0       0       0       0       0       0
  9183 ;;      Locals:         1       0       0       0       0       0       0
  9184 ;;      Temps:          0       0       0       0       0       0       0
  9185 ;;      Totals:         1       0       0       0       0       0       0
  9186 ;;Total ram usage:        1 bytes
  9187 ;; Hardware stack levels used: 1
  9188 ;; Hardware stack levels required when called: 3
  9189 ;; This function calls:
  9190 ;;		___wmul
  9191 ;;		_clcd_print
  9192 ;; This function is called by:
  9193 ;;		_main
  9194 ;; This function uses a non-reentrant model
  9195 ;;
  9196                           
  9197                           	psect	text41
  9198   001CE4                     __ptext41:
  9199                           	callstack 0
  9200   001CE4                     _display_gear:
  9201                           	callstack 27
  9202                           
  9203                           ;incstack = 0
  9204                           ;display_gear@key stored from wreg
  9205   001CE4  6E0A               	movwf	display_gear@key^0,c
  9206   001CE6                     
  9207                           ;main.c: 74: void display_gear( unsigned char key );main.c: 75: {;main.c: 76:     if( ke
      +                          y == 1 )
  9208   001CE6  040A               	decf	display_gear@key^0,w,c
  9209   001CE8  A4D8               	btfss	status,2,c
  9210   001CEA  EF79  F00E         	goto	u3481
  9211   001CEE  EF7B  F00E         	goto	u3480
  9212   001CF2                     u3481:
  9213   001CF2  EF87  F00E         	goto	l3770
  9214   001CF6                     u3480:
  9215   001CF6                     
  9216                           ;main.c: 77:     {;main.c: 78:  clcd_print("C ",(0xC0 + (10)));
  9217   001CF6  0EFC               	movlw	low (STR_5+1)
  9218   001CF8  6E07               	movwf	clcd_print@data^0,c
  9219   001CFA  0E2F               	movlw	high (STR_5+1)
  9220   001CFC  6E08               	movwf	(clcd_print@data+1)^0,c
  9221   001CFE  0ECA               	movlw	202
  9222   001D00  6E09               	movwf	clcd_print@addr^0,c
  9223   001D02  EC06  F012         	call	_clcd_print	;wreg free
  9224   001D06                     
  9225                           ;main.c: 79:  index = -1;
  9226   001D06  6859               	setf	_index^0,c
  9227   001D08  685A               	setf	(_index+1)^0,c
  9228                           
  9229                           ;main.c: 80:     }
  9230   001D0A  EFFB  F00E         	goto	l258
  9231   001D0E                     l3770:
  9232   001D0E  0E02               	movlw	2
  9233   001D10  180A               	xorwf	display_gear@key^0,w,c
  9234   001D12  A4D8               	btfss	status,2,c
  9235   001D14  EF8E  F00E         	goto	u3491
  9236   001D18  EF90  F00E         	goto	u3490
  9237   001D1C                     u3491:
  9238   001D1C  EFC8  F00E         	goto	l3784
  9239   001D20                     u3490:
  9240   001D20                     
  9241                           ;main.c: 82:     {;main.c: 83:  if( index == 6 )
  9242   001D20  0E06               	movlw	6
  9243   001D22  1859               	xorwf	_index^0,w,c
  9244   001D24  105A               	iorwf	(_index+1)^0,w,c
  9245   001D26  A4D8               	btfss	status,2,c
  9246   001D28  EF98  F00E         	goto	u3501
  9247   001D2C  EF9A  F00E         	goto	u3500
  9248   001D30                     u3501:
  9249   001D30  EFA0  F00E         	goto	l3776
  9250   001D34                     u3500:
  9251   001D34                     
  9252                           ;main.c: 84:      index = 6;
  9253   001D34  0E00               	movlw	0
  9254   001D36  6E5A               	movwf	(_index+1)^0,c
  9255   001D38  0E06               	movlw	6
  9256   001D3A  6E59               	movwf	_index^0,c
  9257   001D3C  EFB2  F00E         	goto	l3782
  9258   001D40                     l3776:
  9259   001D40  0E07               	movlw	7
  9260   001D42  1859               	xorwf	_index^0,w,c
  9261   001D44  105A               	iorwf	(_index+1)^0,w,c
  9262   001D46  A4D8               	btfss	status,2,c
  9263   001D48  EFA8  F00E         	goto	u3511
  9264   001D4C  EFAA  F00E         	goto	u3510
  9265   001D50                     u3511:
  9266   001D50  EFB0  F00E         	goto	l3780
  9267   001D54                     u3510:
  9268   001D54                     l3778:
  9269                           
  9270                           ;main.c: 86:      index = 0;
  9271   001D54  0E00               	movlw	0
  9272   001D56  6E5A               	movwf	(_index+1)^0,c
  9273   001D58  0E00               	movlw	0
  9274   001D5A  6E59               	movwf	_index^0,c
  9275   001D5C  EFB2  F00E         	goto	l3782
  9276   001D60                     l3780:
  9277                           
  9278                           ;main.c: 88:      index++;
  9279   001D60  4A59               	infsnz	_index^0,f,c
  9280   001D62  2A5A               	incf	(_index+1)^0,f,c
  9281   001D64                     l3782:
  9282                           
  9283                           ;main.c: 89:  clcd_print(gear[index],(0xC0 + (10)));
  9284   001D64  C059  F001         	movff	_index,___wmul@multiplier
  9285   001D68  C05A  F002         	movff	_index+1,___wmul@multiplier+1
  9286   001D6C  0E00               	movlw	0
  9287   001D6E  6E04               	movwf	(___wmul@multiplicand+1)^0,c
  9288   001D70  0E03               	movlw	3
  9289   001D72  6E03               	movwf	___wmul@multiplicand^0,c
  9290   001D74  EC42  F014         	call	___wmul	;wreg free
  9291   001D78  0EC9               	movlw	low _gear
  9292   001D7A  2401               	addwf	?___wmul^0,w,c
  9293   001D7C  6E07               	movwf	clcd_print@data^0,c
  9294   001D7E  0E01               	movlw	high _gear
  9295   001D80  2002               	addwfc	(?___wmul+1)^0,w,c
  9296   001D82  6E08               	movwf	(clcd_print@data+1)^0,c
  9297   001D84  0ECA               	movlw	202
  9298   001D86  6E09               	movwf	clcd_print@addr^0,c
  9299   001D88  EC06  F012         	call	_clcd_print	;wreg free
  9300                           
  9301                           ;main.c: 90:     }
  9302   001D8C  EFFB  F00E         	goto	l258
  9303   001D90                     l3784:
  9304   001D90  0E03               	movlw	3
  9305   001D92  180A               	xorwf	display_gear@key^0,w,c
  9306   001D94  A4D8               	btfss	status,2,c
  9307   001D96  EFCF  F00E         	goto	u3521
  9308   001D9A  EFD1  F00E         	goto	u3520
  9309   001D9E                     u3521:
  9310   001D9E  EFFB  F00E         	goto	l258
  9311   001DA2                     u3520:
  9312   001DA2                     
  9313                           ;main.c: 92:     {;main.c: 93:  if( index == 0 )
  9314   001DA2  5059               	movf	_index^0,w,c
  9315   001DA4  105A               	iorwf	(_index+1)^0,w,c
  9316   001DA6  A4D8               	btfss	status,2,c
  9317   001DA8  EFD8  F00E         	goto	u3531
  9318   001DAC  EFDA  F00E         	goto	u3530
  9319   001DB0                     u3531:
  9320   001DB0  EFDC  F00E         	goto	l3790
  9321   001DB4                     u3530:
  9322   001DB4  EFAA  F00E         	goto	l3778
  9323   001DB8                     l3790:
  9324   001DB8  2859               	incf	_index^0,w,c
  9325   001DBA  E108               	bnz	u3540
  9326   001DBC  285A               	incf	(_index+1)^0,w,c
  9327   001DBE  B4D8               	btfsc	status,2,c
  9328   001DC0  EFE4  F00E         	goto	u3541
  9329   001DC4  EFE6  F00E         	goto	u3540
  9330   001DC8                     u3541:
  9331   001DC8  EFF0  F00E         	goto	l3794
  9332   001DCC                     u3540:
  9333   001DCC  0E07               	movlw	7
  9334   001DCE  1859               	xorwf	_index^0,w,c
  9335   001DD0  105A               	iorwf	(_index+1)^0,w,c
  9336   001DD2  A4D8               	btfss	status,2,c
  9337   001DD4  EFEE  F00E         	goto	u3551
  9338   001DD8  EFF0  F00E         	goto	u3550
  9339   001DDC                     u3551:
  9340   001DDC  EFF6  F00E         	goto	l3796
  9341   001DE0                     u3550:
  9342   001DE0                     l3794:
  9343                           
  9344                           ;main.c: 96:      index = 7;
  9345   001DE0  0E00               	movlw	0
  9346   001DE2  6E5A               	movwf	(_index+1)^0,c
  9347   001DE4  0E07               	movlw	7
  9348   001DE6  6E59               	movwf	_index^0,c
  9349   001DE8  EFB2  F00E         	goto	l3782
  9350   001DEC                     l3796:
  9351                           
  9352                           ;main.c: 98:      index--;
  9353   001DEC  0659               	decf	_index^0,f,c
  9354   001DEE  A0D8               	btfss	status,0,c
  9355   001DF0  065A               	decf	(_index+1)^0,f,c
  9356   001DF2  EFB2  F00E         	goto	l3782
  9357   001DF6                     l258:
  9358   001DF6  0012               	return		;funcret
  9359   001DF8                     __end_of_display_gear:
  9360                           	callstack 0
  9361                           
  9362 ;; *************** function _clcd_print *****************
  9363 ;; Defined at:
  9364 ;;		line 42 in file "clcd.c"
  9365 ;; Parameters:    Size  Location     Type
  9366 ;;  data            2    6[COMRAM] PTR const unsigned char 
  9367 ;;		 -> STR_41(17), STR_40(17), STR_39(17), STR_38(17), 
  9368 ;;		 -> STR_37(17), STR_36(17), STR_35(17), STR_34(21), 
  9369 ;;		 -> STR_33(17), STR_32(18), STR_31(17), STR_30(20), 
  9370 ;;		 -> STR_29(16), STR_28(17), STR_27(20), STR_21(17), 
  9371 ;;		 -> STR_20(17), STR_19(17), STR_18(17), STR_17(17), 
  9372 ;;		 -> STR_16(17), STR_15(16), STR_14(16), STR_13(17), 
  9373 ;;		 -> STR_12(17), STR_11(3), STR_10(3), STR_9(3), 
  9374 ;;		 -> STR_8(3), STR_7(19), STR_6(17), enter_menu@menu(80), 
  9375 ;;		 -> STR_5(4), STR_4(14), STR_3(5), STR_2(17), 
  9376 ;;		 -> gear(24), STR_1(3), time(9), 
  9377 ;;  addr            1    8[COMRAM] unsigned char 
  9378 ;; Auto vars:     Size  Location     Type
  9379 ;;		None
  9380 ;; Return value:  Size  Location     Type
  9381 ;;                  1    wreg      void 
  9382 ;; Registers used:
  9383 ;;		wreg, fsr0l, fsr0h, status,2, status,0, tblptrl, tblptrh, tblptru, cstack
  9384 ;; Tracked objects:
  9385 ;;		On entry : 0/0
  9386 ;;		On exit  : 0/0
  9387 ;;		Unchanged: 0/0
  9388 ;; Data sizes:     COMRAM   BANK0   BANK1   BANK2   BANK3   BANK4   BANK5
  9389 ;;      Params:         3       0       0       0       0       0       0
  9390 ;;      Locals:         0       0       0       0       0       0       0
  9391 ;;      Temps:          0       0       0       0       0       0       0
  9392 ;;      Totals:         3       0       0       0       0       0       0
  9393 ;;Total ram usage:        3 bytes
  9394 ;; Hardware stack levels used: 1
  9395 ;; Hardware stack levels required when called: 2
  9396 ;; This function calls:
  9397 ;;		_clcd_write
  9398 ;; This function is called by:
  9399 ;;		_display_time
  9400 ;;		_display_gear
  9401 ;;		_main
  9402 ;;		_enter_menu
  9403 ;;		_view_log
  9404 ;;		_clear_log
  9405 ;;		_download_log
  9406 ;;		_set_time
  9407 ;;		_change_password
  9408 ;; This function uses a non-reentrant model
  9409 ;;
  9410                           
  9411                           	psect	text42
  9412   00240C                     __ptext42:
  9413                           	callstack 0
  9414   00240C                     _clcd_print:
  9415                           	callstack 26
  9416   00240C                     
  9417                           ;clcd.c: 42: void clcd_print(const unsigned char *data, unsigned char addr);clcd.c: 43: 
      +                          {;clcd.c: 44:  clcd_write(addr, 0);
  9418   00240C  0E00               	movlw	0
  9419   00240E  6E01               	movwf	clcd_write@control_bit^0,c
  9420   002410  5009               	movf	clcd_print@addr^0,w,c
  9421   002412  ECE0  F013         	call	_clcd_write
  9422                           
  9423                           ;clcd.c: 45:  while (*data != '\0')
  9424   002416  EF23  F012         	goto	l2910
  9425   00241A                     l2906:
  9426                           
  9427                           ;clcd.c: 46:  {;clcd.c: 47:   clcd_write(*data++, 1);
  9428   00241A  0E01               	movlw	1
  9429   00241C  6E01               	movwf	clcd_write@control_bit^0,c
  9430   00241E  C007  FFF6         	movff	clcd_print@data,tblptrl
  9431   002422  C008  FFF7         	movff	clcd_print@data+1,tblptrh
  9432   002426  6AF8               	clrf	tblptru,c
  9433   002428  0E05               	movlw	(high __ramtop+-1)
  9434   00242A  64F7               	cpfsgt	tblptrh,c
  9435   00242C  D003               	bra	u2287
  9436   00242E  0008               	tblrd		*
  9437   002430  50F5               	movf	tablat,w,c
  9438   002432  D005               	bra	u2280
  9439   002434                     u2287:
  9440   002434  CFF6 FFE9          	movff	tblptrl,fsr0l
  9441   002438  CFF7 FFEA          	movff	tblptrh,fsr0h
  9442   00243C  50EF               	movf	indf0,w,c
  9443   00243E                     u2280:
  9444   00243E  ECE0  F013         	call	_clcd_write
  9445   002442  4A07               	infsnz	clcd_print@data^0,f,c
  9446   002444  2A08               	incf	(clcd_print@data+1)^0,f,c
  9447   002446                     l2910:
  9448                           
  9449                           ;clcd.c: 45:  while (*data != '\0')
  9450   002446  C007  FFF6         	movff	clcd_print@data,tblptrl
  9451   00244A  C008  FFF7         	movff	clcd_print@data+1,tblptrh
  9452   00244E  6AF8               	clrf	tblptru,c
  9453   002450  0E05               	movlw	(high __ramtop+-1)
  9454   002452  64F7               	cpfsgt	tblptrh,c
  9455   002454  D003               	bra	u2297
  9456   002456  0008               	tblrd		*
  9457   002458  50F5               	movf	tablat,w,c
  9458   00245A  D005               	bra	u2290
  9459   00245C                     u2297:
  9460   00245C  CFF6 FFE9          	movff	tblptrl,fsr0l
  9461   002460  CFF7 FFEA          	movff	tblptrh,fsr0h
  9462   002464  50EF               	movf	indf0,w,c
  9463   002466                     u2290:
  9464   002466  0900               	iorlw	0
  9465   002468  A4D8               	btfss	status,2,c
  9466   00246A  EF39  F012         	goto	u2301
  9467   00246E  EF3B  F012         	goto	u2300
  9468   002472                     u2301:
  9469   002472  EF0D  F012         	goto	l2906
  9470   002476                     u2300:
  9471   002476  0012               	return		;funcret
  9472   002478                     __end_of_clcd_print:
  9473                           	callstack 0
  9474                           
  9475 ;; *************** function _clcd_write *****************
  9476 ;; Defined at:
  9477 ;;		line 4 in file "clcd.c"
  9478 ;; Parameters:    Size  Location     Type
  9479 ;;  byte            1    wreg     unsigned char 
  9480 ;;  control_bit     1    0[COMRAM] unsigned char 
  9481 ;; Auto vars:     Size  Location     Type
  9482 ;;  byte            1    1[COMRAM] unsigned char 
  9483 ;; Return value:  Size  Location     Type
  9484 ;;                  1    wreg      void 
  9485 ;; Registers used:
  9486 ;;		wreg
  9487 ;; Tracked objects:
  9488 ;;		On entry : 0/0
  9489 ;;		On exit  : 0/0
  9490 ;;		Unchanged: 0/0
  9491 ;; Data sizes:     COMRAM   BANK0   BANK1   BANK2   BANK3   BANK4   BANK5
  9492 ;;      Params:         1       0       0       0       0       0       0
  9493 ;;      Locals:         1       0       0       0       0       0       0
  9494 ;;      Temps:          0       0       0       0       0       0       0
  9495 ;;      Totals:         2       0       0       0       0       0       0
  9496 ;;Total ram usage:        2 bytes
  9497 ;; Hardware stack levels used: 1
  9498 ;; Hardware stack levels required when called: 1
  9499 ;; This function calls:
  9500 ;;		Nothing
  9501 ;; This function is called by:
  9502 ;;		_init_clcd
  9503 ;;		_clcd_print
  9504 ;;		_clcd_putch
  9505 ;;		_set_time
  9506 ;; This function uses a non-reentrant model
  9507 ;;
  9508                           
  9509                           	psect	text43
  9510   0027C0                     __ptext43:
  9511                           	callstack 0
  9512   0027C0                     _clcd_write:
  9513                           	callstack 27
  9514                           
  9515                           ;incstack = 0
  9516                           ;clcd_write@byte stored from wreg
  9517   0027C0  6E02               	movwf	clcd_write@byte^0,c
  9518   0027C2                     
  9519                           ;clcd.c: 4: void clcd_write(unsigned char byte, unsigned char control_bit);clcd.c: 5: {;
      +                          clcd.c: 6:  RC1 = control_bit;
  9520   0027C2  B001               	btfsc	clcd_write@control_bit^0,0,c
  9521   0027C4  EFE6  F013         	goto	u2121
  9522   0027C8  EFE9  F013         	goto	u2120
  9523   0027CC                     u2121:
  9524   0027CC  8282               	bsf	3970,1,c	;volatile
  9525   0027CE  EFEA  F013         	goto	u2135
  9526   0027D2                     u2120:
  9527   0027D2  9282               	bcf	3970,1,c	;volatile
  9528   0027D4                     u2135:
  9529   0027D4                     
  9530                           ;clcd.c: 7:  PORTD = byte;
  9531   0027D4  C002  FF83         	movff	clcd_write@byte,3971	;volatile
  9532   0027D8                     
  9533                           ;clcd.c: 10:  RC2 = 1;
  9534   0027D8  8482               	bsf	3970,2,c	;volatile
  9535   0027DA                     
  9536                           ;clcd.c: 11:  RC2 = 0;
  9537   0027DA  9482               	bcf	3970,2,c	;volatile
  9538   0027DC                     
  9539                           ;clcd.c: 13:  TRISD7 = 0xFF;
  9540   0027DC  8E95               	bsf	3989,7,c	;volatile
  9541   0027DE                     
  9542                           ;clcd.c: 14:  RC0 = 1;
  9543   0027DE  8082               	bsf	3970,0,c	;volatile
  9544   0027E0                     
  9545                           ;clcd.c: 15:  RC1 = 0;
  9546   0027E0  9282               	bcf	3970,1,c	;volatile
  9547   0027E2                     l2800:
  9548                           
  9549                           ;clcd.c: 18:  {;clcd.c: 19:   RC2 = 1;
  9550   0027E2  8482               	bsf	3970,2,c	;volatile
  9551   0027E4                     
  9552                           ;clcd.c: 20:   RC2 = 0;
  9553   0027E4  9482               	bcf	3970,2,c	;volatile
  9554   0027E6                     
  9555                           ;clcd.c: 21:  } while (RD7);
  9556   0027E6  BE83               	btfsc	3971,7,c	;volatile
  9557   0027E8  EFF8  F013         	goto	u2141
  9558   0027EC  EFFA  F013         	goto	u2140
  9559   0027F0                     u2141:
  9560   0027F0  EFF1  F013         	goto	l2800
  9561   0027F4                     u2140:
  9562   0027F4                     
  9563                           ;clcd.c: 23:  RC0 = 0;
  9564   0027F4  9082               	bcf	3970,0,c	;volatile
  9565                           
  9566                           ;clcd.c: 24:  TRISD7 = 0x00;
  9567   0027F6  9E95               	bcf	3989,7,c	;volatile
  9568   0027F8  0012               	return		;funcret
  9569   0027FA                     __end_of_clcd_write:
  9570                           	callstack 0
  9571                           
  9572 ;; *************** function ___wmul *****************
  9573 ;; Defined at:
  9574 ;;		line 15 in file "C:\Program Files\Microchip\xc8\v2.41\pic\sources\c99\common\Umul16.c"
  9575 ;; Parameters:    Size  Location     Type
  9576 ;;  multiplier      2    0[COMRAM] unsigned int 
  9577 ;;  multiplicand    2    2[COMRAM] unsigned int 
  9578 ;; Auto vars:     Size  Location     Type
  9579 ;;  product         2    4[COMRAM] unsigned int 
  9580 ;; Return value:  Size  Location     Type
  9581 ;;                  2    0[COMRAM] unsigned int 
  9582 ;; Registers used:
  9583 ;;		wreg, status,2, status,0, prodl, prodh
  9584 ;; Tracked objects:
  9585 ;;		On entry : 0/0
  9586 ;;		On exit  : 0/0
  9587 ;;		Unchanged: 0/0
  9588 ;; Data sizes:     COMRAM   BANK0   BANK1   BANK2   BANK3   BANK4   BANK5
  9589 ;;      Params:         4       0       0       0       0       0       0
  9590 ;;      Locals:         2       0       0       0       0       0       0
  9591 ;;      Temps:          0       0       0       0       0       0       0
  9592 ;;      Totals:         6       0       0       0       0       0       0
  9593 ;;Total ram usage:        6 bytes
  9594 ;; Hardware stack levels used: 1
  9595 ;; Hardware stack levels required when called: 1
  9596 ;; This function calls:
  9597 ;;		Nothing
  9598 ;; This function is called by:
  9599 ;;		_display_gear
  9600 ;;		_store_eeprom
  9601 ;;		_main
  9602 ;;		_view_log
  9603 ;; This function uses a non-reentrant model
  9604 ;;
  9605                           
  9606                           	psect	text44
  9607   002884                     __ptext44:
  9608                           	callstack 0
  9609   002884                     ___wmul:
  9610                           	callstack 28
  9611   002884  5001               	movf	___wmul@multiplier^0,w,c
  9612   002886  0203               	mulwf	___wmul@multiplicand^0,c
  9613   002888  CFF3 F005          	movff	prodl,___wmul@product
  9614   00288C  CFF4 F006          	movff	prodh,___wmul@product+1
  9615   002890  5001               	movf	___wmul@multiplier^0,w,c
  9616   002892  0204               	mulwf	(___wmul@multiplicand+1)^0,c
  9617   002894  50F3               	movf	243,w,c
  9618   002896  2606               	addwf	(___wmul@product+1)^0,f,c
  9619   002898  5002               	movf	(___wmul@multiplier+1)^0,w,c
  9620   00289A  0203               	mulwf	___wmul@multiplicand^0,c
  9621   00289C  50F3               	movf	243,w,c
  9622   00289E  2606               	addwf	(___wmul@product+1)^0,f,c
  9623   0028A0  C005  F001         	movff	___wmul@product,?___wmul
  9624   0028A4  C006  F002         	movff	___wmul@product+1,?___wmul+1
  9625   0028A8  0012               	return		;funcret
  9626   0028AA                     __end_of___wmul:
  9627                           	callstack 0
  9628                           
  9629 ;; *************** function _isr *****************
  9630 ;; Defined at:
  9631 ;;		line 4 in file "isr.c"
  9632 ;; Parameters:    Size  Location     Type
  9633 ;;		None
  9634 ;; Auto vars:     Size  Location     Type
  9635 ;;		None
  9636 ;; Return value:  Size  Location     Type
  9637 ;;                  1    wreg      void 
  9638 ;; Registers used:
  9639 ;;		wreg, status,2, status,0
  9640 ;; Tracked objects:
  9641 ;;		On entry : 0/0
  9642 ;;		On exit  : 0/0
  9643 ;;		Unchanged: 0/0
  9644 ;; Data sizes:     COMRAM   BANK0   BANK1   BANK2   BANK3   BANK4   BANK5
  9645 ;;      Params:         0       0       0       0       0       0       0
  9646 ;;      Locals:         0       0       0       0       0       0       0
  9647 ;;      Temps:          0       0       0       0       0       0       0
  9648 ;;      Totals:         0       0       0       0       0       0       0
  9649 ;;Total ram usage:        0 bytes
  9650 ;; Hardware stack levels used: 1
  9651 ;; This function calls:
  9652 ;;		Nothing
  9653 ;; This function is called by:
  9654 ;;		Interrupt level 2
  9655 ;; This function uses a non-reentrant model
  9656 ;;
  9657                           
  9658                           	psect	intcode
  9659   000008                     __pintcode:
  9660                           	callstack 0
  9661   000008                     _isr:
  9662                           	callstack 24
  9663                           
  9664                           ;incstack = 0
  9665   000008  825C               	bsf	int$flags,1,c	;set compiler interrupt flag (level 2)
  9666   00000A  ED7E  F013         	call	int_func,f	;refresh shadow registers
  9667                           
  9668                           	psect	intcode_body
  9669   0026FC                     __pintcode_body:
  9670                           	callstack 24
  9671   0026FC                     int_func:
  9672                           	callstack 24
  9673   0026FC  0006               	pop		; remove dummy address from shadow register refresh
  9674   0026FE                     
  9675                           ;isr.c: 7:  static unsigned short count;;isr.c: 9:  if (TMR0IF)
  9676   0026FE  A4F2               	btfss	4082,2,c	;volatile
  9677   002700  EF84  F013         	goto	i2u203_41
  9678   002704  EF86  F013         	goto	i2u203_40
  9679   002708                     i2u203_41:
  9680   002708  EF9F  F013         	goto	i2l186
  9681   00270C                     i2u203_40:
  9682   00270C                     
  9683                           ;isr.c: 10:  {;isr.c: 13:   TMR0 = TMR0 + 8;
  9684   00270C  0E08               	movlw	8
  9685   00270E  24D6               	addwf	214,w,c	;volatile
  9686   002710  6ED6               	movwf	214,c	;volatile
  9687   002712  0E00               	movlw	0
  9688   002714  20D7               	addwfc	215,w,c	;volatile
  9689   002716  6ED7               	movwf	215,c	;volatile
  9690                           
  9691                           ;isr.c: 15:   if (count++ == 20000)
  9692   002718  4A55               	infsnz	isr@count^0,f,c
  9693   00271A  2A56               	incf	(isr@count+1)^0,f,c
  9694   00271C  0E21               	movlw	33
  9695   00271E  1855               	xorwf	isr@count^0,w,c
  9696   002720  E107               	bnz	i2u204_41
  9697   002722  0E4E               	movlw	78
  9698   002724  1856               	xorwf	(isr@count+1)^0,w,c
  9699   002726  A4D8               	btfss	status,2,c
  9700   002728  EF98  F013         	goto	i2u204_41
  9701   00272C  EF9A  F013         	goto	i2u204_40
  9702   002730                     i2u204_41:
  9703   002730  EF9E  F013         	goto	i2l2718
  9704   002734                     i2u204_40:
  9705   002734                     
  9706                           ;isr.c: 16:   {;isr.c: 17:    count = 0;
  9707   002734  0E00               	movlw	0
  9708   002736  6E56               	movwf	(isr@count+1)^0,c
  9709   002738  0E00               	movlw	0
  9710   00273A  6E55               	movwf	isr@count^0,c
  9711   00273C                     i2l2718:
  9712                           
  9713                           ;isr.c: 19:   TMR0IF = 0;
  9714   00273C  94F2               	bcf	4082,2,c	;volatile
  9715   00273E                     i2l186:
  9716   00273E  925C               	bcf	int$flags,1,c	;clear compiler interrupt flag (level 2)
  9717   002740  0011               	retfie		f
  9718   002742                     __end_of_isr:
  9719                           	callstack 0
  9720                           
  9721                           	psect	rparam
  9722   000000                     
  9723                           	psect	temp
  9724   00005C                     btemp:
  9725                           	callstack 0
  9726   00005C                     	ds	1
  9727   000000                     int$flags	set	btemp
  9728   000000                     wtemp8	set	btemp+1
  9729   000000                     ttemp5	set	btemp+1
  9730   000000                     ttemp6	set	btemp+4
  9731   000000                     ttemp7	set	btemp+8
  9732                           
  9733                           	psect	idloc
  9734                           
  9735                           ;Config register IDLOC0 @ 0x200000
  9736                           ;	unspecified, using default values
  9737   200000                     	org	2097152
  9738   200000  FF                 	db	255
  9739                           
  9740                           ;Config register IDLOC1 @ 0x200001
  9741                           ;	unspecified, using default values
  9742   200001                     	org	2097153
  9743   200001  FF                 	db	255
  9744                           
  9745                           ;Config register IDLOC2 @ 0x200002
  9746                           ;	unspecified, using default values
  9747   200002                     	org	2097154
  9748   200002  FF                 	db	255
  9749                           
  9750                           ;Config register IDLOC3 @ 0x200003
  9751                           ;	unspecified, using default values
  9752   200003                     	org	2097155
  9753   200003  FF                 	db	255
  9754                           
  9755                           ;Config register IDLOC4 @ 0x200004
  9756                           ;	unspecified, using default values
  9757   200004                     	org	2097156
  9758   200004  FF                 	db	255
  9759                           
  9760                           ;Config register IDLOC5 @ 0x200005
  9761                           ;	unspecified, using default values
  9762   200005                     	org	2097157
  9763   200005  FF                 	db	255
  9764                           
  9765                           ;Config register IDLOC6 @ 0x200006
  9766                           ;	unspecified, using default values
  9767   200006                     	org	2097158
  9768   200006  FF                 	db	255
  9769                           
  9770                           ;Config register IDLOC7 @ 0x200007
  9771                           ;	unspecified, using default values
  9772   200007                     	org	2097159
  9773   200007  FF                 	db	255
  9774                           
  9775                           	psect	config
  9776                           
  9777                           ; Padding undefined space
  9778   300000                     	org	3145728
  9779   300000  FF                 	db	255
  9780                           
  9781                           ;Config register CONFIG1H @ 0x300001
  9782                           ;	unspecified, using default values
  9783                           ;	Oscillator Selection bits
  9784                           ;	OSC = 0x7, unprogrammed default
  9785                           ;	Fail-Safe Clock Monitor Enable bit
  9786                           ;	FCMEN = 0x0, unprogrammed default
  9787                           ;	Internal/External Oscillator Switchover bit
  9788                           ;	IESO = 0x0, unprogrammed default
  9789   300001                     	org	3145729
  9790   300001  07                 	db	7
  9791                           
  9792                           ;Config register CONFIG2L @ 0x300002
  9793                           ;	unspecified, using default values
  9794                           ;	Power-up Timer Enable bit
  9795                           ;	PWRT = 0x1, unprogrammed default
  9796                           ;	Brown-out Reset Enable bits
  9797                           ;	BOREN = 0x3, unprogrammed default
  9798                           ;	Brown-out Reset Voltage bits
  9799                           ;	BORV = 0x3, unprogrammed default
  9800   300002                     	org	3145730
  9801   300002  1F                 	db	31
  9802                           
  9803                           ;Config register CONFIG2H @ 0x300003
  9804                           ;	unspecified, using default values
  9805                           ;	Watchdog Timer Enable bit
  9806                           ;	WDT = 0x1, unprogrammed default
  9807                           ;	Watchdog Timer Postscale Select bits
  9808                           ;	WDTPS = 0xF, unprogrammed default
  9809   300003                     	org	3145731
  9810   300003  1F                 	db	31
  9811                           
  9812                           ; Padding undefined space
  9813   300004                     	org	3145732
  9814   300004  FF                 	db	255
  9815                           
  9816                           ;Config register CONFIG3H @ 0x300005
  9817                           ;	unspecified, using default values
  9818                           ;	PORTB A/D Enable bit
  9819                           ;	PBADEN = 0x1, unprogrammed default
  9820                           ;	Low-Power Timer 1 Oscillator Enable bit
  9821                           ;	LPT1OSC = 0x0, unprogrammed default
  9822                           ;	MCLR Pin Enable bit
  9823                           ;	MCLRE = 0x1, unprogrammed default
  9824   300005                     	org	3145733
  9825   300005  82                 	db	130
  9826                           
  9827                           ;Config register CONFIG4L @ 0x300006
  9828                           ;	unspecified, using default values
  9829                           ;	Stack Full/Underflow Reset Enable bit
  9830                           ;	STVREN = 0x1, unprogrammed default
  9831                           ;	Single-Supply ICSP Enable bit
  9832                           ;	LVP = 0x1, unprogrammed default
  9833                           ;	Boot Block Size Select bit
  9834                           ;	BBSIZ = 0x0, unprogrammed default
  9835                           ;	Extended Instruction Set Enable bit
  9836                           ;	XINST = 0x0, unprogrammed default
  9837                           ;	Background Debugger Enable bit
  9838                           ;	DEBUG = 0x1, unprogrammed default
  9839   300006                     	org	3145734
  9840   300006  85                 	db	133
  9841                           
  9842                           ; Padding undefined space
  9843   300007                     	org	3145735
  9844   300007  FF                 	db	255
  9845                           
  9846                           ;Config register CONFIG5L @ 0x300008
  9847                           ;	unspecified, using default values
  9848                           ;	Code Protection bit
  9849                           ;	CP0 = 0x1, unprogrammed default
  9850                           ;	Code Protection bit
  9851                           ;	CP1 = 0x1, unprogrammed default
  9852                           ;	Code Protection bit
  9853                           ;	CP2 = 0x1, unprogrammed default
  9854                           ;	Code Protection bit
  9855                           ;	CP3 = 0x1, unprogrammed default
  9856   300008                     	org	3145736
  9857   300008  0F                 	db	15
  9858                           
  9859                           ;Config register CONFIG5H @ 0x300009
  9860                           ;	unspecified, using default values
  9861                           ;	Boot Block Code Protection bit
  9862                           ;	CPB = 0x1, unprogrammed default
  9863                           ;	Data EEPROM Code Protection bit
  9864                           ;	CPD = 0x1, unprogrammed default
  9865   300009                     	org	3145737
  9866   300009  C0                 	db	192
  9867                           
  9868                           ;Config register CONFIG6L @ 0x30000A
  9869                           ;	unspecified, using default values
  9870                           ;	Write Protection bit
  9871                           ;	WRT0 = 0x1, unprogrammed default
  9872                           ;	Write Protection bit
  9873                           ;	WRT1 = 0x1, unprogrammed default
  9874                           ;	Write Protection bit
  9875                           ;	WRT2 = 0x1, unprogrammed default
  9876                           ;	Write Protection bit
  9877                           ;	WRT3 = 0x1, unprogrammed default
  9878   30000A                     	org	3145738
  9879   30000A  0F                 	db	15
  9880                           
  9881                           ;Config register CONFIG6H @ 0x30000B
  9882                           ;	unspecified, using default values
  9883                           ;	Configuration Register Write Protection bit
  9884                           ;	WRTC = 0x1, unprogrammed default
  9885                           ;	Boot Block Write Protection bit
  9886                           ;	WRTB = 0x1, unprogrammed default
  9887                           ;	Data EEPROM Write Protection bit
  9888                           ;	WRTD = 0x1, unprogrammed default
  9889   30000B                     	org	3145739
  9890   30000B  E0                 	db	224
  9891                           
  9892                           ;Config register CONFIG7L @ 0x30000C
  9893                           ;	unspecified, using default values
  9894                           ;	Table Read Protection bit
  9895                           ;	EBTR0 = 0x1, unprogrammed default
  9896                           ;	Table Read Protection bit
  9897                           ;	EBTR1 = 0x1, unprogrammed default
  9898                           ;	Table Read Protection bit
  9899                           ;	EBTR2 = 0x1, unprogrammed default
  9900                           ;	Table Read Protection bit
  9901                           ;	EBTR3 = 0x1, unprogrammed default
  9902   30000C                     	org	3145740
  9903   30000C  0F                 	db	15
  9904                           
  9905                           ;Config register CONFIG7H @ 0x30000D
  9906                           ;	unspecified, using default values
  9907                           ;	Boot Block Table Read Protection bit
  9908                           ;	EBTRB = 0x1, unprogrammed default
  9909   30000D                     	org	3145741
  9910   30000D  40                 	db	64
  9911                           tosu	equ	0xFFF
  9912                           tosh	equ	0xFFE
  9913                           tosl	equ	0xFFD
  9914                           stkptr	equ	0xFFC
  9915                           pclatu	equ	0xFFB
  9916                           pclath	equ	0xFFA
  9917                           pcl	equ	0xFF9
  9918                           tblptru	equ	0xFF8
  9919                           tblptrh	equ	0xFF7
  9920                           tblptrl	equ	0xFF6
  9921                           tablat	equ	0xFF5
  9922                           prodh	equ	0xFF4
  9923                           prodl	equ	0xFF3
  9924                           indf0	equ	0xFEF
  9925                           postinc0	equ	0xFEE
  9926                           postdec0	equ	0xFED
  9927                           preinc0	equ	0xFEC
  9928                           plusw0	equ	0xFEB
  9929                           fsr0h	equ	0xFEA
  9930                           fsr0l	equ	0xFE9
  9931                           wreg	equ	0xFE8
  9932                           indf1	equ	0xFE7
  9933                           postinc1	equ	0xFE6
  9934                           postdec1	equ	0xFE5
  9935                           preinc1	equ	0xFE4
  9936                           plusw1	equ	0xFE3
  9937                           fsr1h	equ	0xFE2
  9938                           fsr1l	equ	0xFE1
  9939                           bsr	equ	0xFE0
  9940                           indf2	equ	0xFDF
  9941                           postinc2	equ	0xFDE
  9942                           postdec2	equ	0xFDD
  9943                           preinc2	equ	0xFDC
  9944                           plusw2	equ	0xFDB
  9945                           fsr2h	equ	0xFDA
  9946                           fsr2l	equ	0xFD9
  9947                           status	equ	0xFD8

Data Sizes:
    Strings     450
    Constant    0
    Data        107
    BSS         29
    Persistent  0
    Stack       0

Auto Spaces:
    Space          Size  Autos    Used
    COMRAM           94     77      91
    BANK0           160     78      87
    BANK1           256    121     234
    BANK2           256      0       0
    BANK3           256      0       0
    BANK4           256      0       0
    BANK5           256      0       0

Pointer List with Targets:

    puts@s	PTR const unsigned char  size(2) Largest target is 36
		 -> STR_26(CODE[3]), download_log@data(COMRAM[16]), STR_25(CODE[23]), STR_24(CODE[36]), 
		 -> STR_23(CODE[18]), STR_22(CODE[36]), 

    clcd_print@data	PTR const unsigned char  size(2) Largest target is 80
		 -> STR_41(CODE[17]), STR_40(CODE[17]), STR_39(CODE[17]), STR_38(CODE[17]), 
		 -> STR_37(CODE[17]), STR_36(CODE[17]), STR_35(CODE[17]), STR_34(CODE[21]), 
		 -> STR_33(CODE[17]), STR_32(CODE[18]), STR_31(CODE[17]), STR_30(CODE[20]), 
		 -> STR_29(CODE[16]), STR_28(CODE[17]), STR_27(CODE[20]), STR_21(CODE[17]), 
		 -> STR_20(CODE[17]), STR_19(CODE[17]), STR_18(CODE[17]), STR_17(CODE[17]), 
		 -> STR_16(CODE[17]), STR_15(CODE[16]), STR_14(CODE[16]), STR_13(CODE[17]), 
		 -> STR_12(CODE[17]), STR_11(CODE[3]), STR_10(CODE[3]), STR_9(CODE[3]), 
		 -> STR_8(CODE[3]), STR_7(CODE[19]), STR_6(CODE[17]), enter_menu@menu(BANK1[80]), 
		 -> STR_5(CODE[4]), STR_4(CODE[14]), STR_3(CODE[5]), STR_2(CODE[17]), 
		 -> gear(BANK1[24]), STR_1(CODE[3]), time(BANK0[9]), 


Critical Paths under _main in COMRAM

    _main->_enter_menu
    _store_eeprom->_write_eeprom
    _init_config->_init_ds1307
    _init_ds1307->_read_ds1307
    _init_ds1307->_write_ds1307
    _init_clcd->_clcd_write
    _get_time->_read_ds1307
    _enter_menu->_set_time
    _view_log->_clcd_putch
    _set_time->_clcd_putch
    _write_ds1307->_i2c_write
    _read_ds1307->_i2c_write
    _download_log->_clcd_print
    _read_eeprom->_i2c_write
    _puts->_putch
    _clear_log->_clcd_print
    _change_password->_write_eeprom
    _write_eeprom->___llmod
    _display_time->_clcd_print
    _display_speed->_clcd_putch
    _clcd_putch->___llmod
    ___llmod->___lldiv
    ___lldiv->___lmul
    _display_gear->_clcd_print
    _clcd_print->___wmul

Critical Paths under _isr in COMRAM

    None.

Critical Paths under _main in BANK0

    _enter_menu->_change_password

Critical Paths under _isr in BANK0

    None.

Critical Paths under _main in BANK1

    _main->_enter_menu

Critical Paths under _isr in BANK1

    None.

Critical Paths under _main in BANK2

    None.

Critical Paths under _isr in BANK2

    None.

Critical Paths under _main in BANK3

    None.

Critical Paths under _isr in BANK3

    None.

Critical Paths under _main in BANK4

    None.

Critical Paths under _isr in BANK4

    None.

Critical Paths under _main in BANK5

    None.

Critical Paths under _isr in BANK5

    None.

Call Graph Tables:

 ---------------------------------------------------------------------------------
 (Depth) Function   	        Calls       Base Space   Used Autos Params    Refs
 ---------------------------------------------------------------------------------
 (0) _main                                                 7     7      0  104651
                                             70 COMRAM     7     7      0
                             ___wmul
                         _clcd_print
                       _display_gear
                      _display_speed
                       _display_time
                         _enter_menu
                           _get_time
                        _init_config
                           _read_adc
                      _read_switches
                       _store_eeprom
 ---------------------------------------------------------------------------------
 (1) _store_eeprom                                        15    11      4    4711
                                             38 COMRAM    15    11      4
                            ___lldiv
                            ___llmod
                             ___lmul
                            ___lwmod
                             ___wmul
                       _write_eeprom
 ---------------------------------------------------------------------------------
 (2) ___lwmod                                              5     1      4     311
                                              0 COMRAM     5     1      4
 ---------------------------------------------------------------------------------
 (1) _read_adc                                             7     5      2      45
                                              0 COMRAM     7     5      2
 ---------------------------------------------------------------------------------
 (1) _init_config                                          0     0      0    1462
                           _init_adc
                          _init_clcd
                        _init_ds1307
                           _init_i2c
                 _init_matrix_keypad
                          _init_uart
 ---------------------------------------------------------------------------------
 (2) _init_uart                                            0     0      0       0
 ---------------------------------------------------------------------------------
 (2) _init_matrix_keypad                                   0     0      0       0
 ---------------------------------------------------------------------------------
 (2) _init_i2c                                             0     0      0       0
 ---------------------------------------------------------------------------------
 (2) _init_ds1307                                          1     1      0     734
                                              3 COMRAM     1     1      0
                        _read_ds1307
                       _write_ds1307
 ---------------------------------------------------------------------------------
 (2) _init_clcd                                            0     0      0     728
                         _clcd_write
 ---------------------------------------------------------------------------------
 (2) _init_adc                                             0     0      0       0
 ---------------------------------------------------------------------------------
 (1) _get_time                                             0     0      0      67
                        _read_ds1307
 ---------------------------------------------------------------------------------
 (1) _enter_menu                                         128   128      0   68661
                                             68 COMRAM     2     2      0
                                              0 BANK1    121   121      0
                    _change_password
                         _clcd_print
                         _clcd_putch
                          _clear_log
                       _download_log
                        _read_eeprom
                      _read_switches
                           _set_time
                           _view_log
 ---------------------------------------------------------------------------------
 (2) _view_log                                            22    22      0   12356
                                             36 COMRAM    22    22      0
                             ___wmul
                         _clcd_print
                         _clcd_putch
                        _read_eeprom
                      _read_switches
 ---------------------------------------------------------------------------------
 (2) _set_time                                            32    32      0   15860
                                             36 COMRAM    32    32      0
                            ___awdiv
                            ___awmod
                         _clcd_print
                         _clcd_putch
                         _clcd_write
                        _read_ds1307
                      _read_switches
                       _write_ds1307
 ---------------------------------------------------------------------------------
 (3) _write_ds1307                                         2     1      1     598
                                              1 COMRAM     2     1      1
                          _i2c_start
                           _i2c_stop
                          _i2c_write
 ---------------------------------------------------------------------------------
 (3) _read_ds1307                                          2     2      0      67
                                              1 COMRAM     2     2      0
                           _i2c_read
                      _i2c_rep_start
                          _i2c_start
                           _i2c_stop
                          _i2c_write
 ---------------------------------------------------------------------------------
 (3) ___awmod                                              6     2      4    1208
                                              0 COMRAM     6     2      4
 ---------------------------------------------------------------------------------
 (3) ___awdiv                                              8     4      4    1212
                                              0 COMRAM     8     4      4
 ---------------------------------------------------------------------------------
 (2) _download_log                                        27    27      0    8028
                                              9 COMRAM    26    26      0
                         _clcd_print
                               _puts
                        _read_eeprom
 ---------------------------------------------------------------------------------
 (3) _read_eeprom                                          2     2      0      67
                                              1 COMRAM     2     2      0
                           _i2c_read
                      _i2c_rep_start
                          _i2c_start
                           _i2c_stop
                          _i2c_write
 ---------------------------------------------------------------------------------
 (4) _i2c_rep_start                                        0     0      0       0
                           _i2c_idle
 ---------------------------------------------------------------------------------
 (4) _i2c_read                                             0     0      0       0
                        _i2c_rx_mode
 ---------------------------------------------------------------------------------
 (5) _i2c_rx_mode                                          0     0      0       0
                           _i2c_idle
 ---------------------------------------------------------------------------------
 (3) _puts                                                 2     0      2     523
                                              1 COMRAM     2     0      2
                              _putch
 ---------------------------------------------------------------------------------
 (4) _putch                                                1     1      0      22
                                              0 COMRAM     1     1      0
 ---------------------------------------------------------------------------------
 (2) _clear_log                                            4     4      0    7203
                                              9 COMRAM     4     4      0
                         _clcd_print
 ---------------------------------------------------------------------------------
 (2) _change_password                                     80    80      0   13057
                                             38 COMRAM     2     2      0
                                              0 BANK0     78    78      0
                         _clcd_print
                         _clcd_putch
                      _read_switches
                       _write_eeprom
 ---------------------------------------------------------------------------------
 (2) _write_eeprom                                         4     3      1     773
                                             34 COMRAM     4     3      1
                            ___lldiv (ARG)
                            ___llmod (ARG)
                             ___lmul (ARG)
                             ___wmul (ARG)
                          _i2c_start
                           _i2c_stop
                          _i2c_write
 ---------------------------------------------------------------------------------
 (3) _i2c_write                                            1     1      0      22
                                              0 COMRAM     1     1      0
                           _i2c_idle
 ---------------------------------------------------------------------------------
 (3) _i2c_stop                                             0     0      0       0
                           _i2c_idle
 ---------------------------------------------------------------------------------
 (3) _i2c_start                                            0     0      0       0
                           _i2c_idle
 ---------------------------------------------------------------------------------
 (4) _i2c_idle                                             0     0      0       0
 ---------------------------------------------------------------------------------
 (1) _read_switches                                        1     1      0      44
                                              0 COMRAM     1     1      0
                           _scan_key
 ---------------------------------------------------------------------------------
 (2) _scan_key                                             0     0      0       0
 ---------------------------------------------------------------------------------
 (1) _display_time                                         0     0      0    7179
                         _clcd_print
 ---------------------------------------------------------------------------------
 (1) _display_speed                                        8     4      4    6014
                                             36 COMRAM     8     4      4
                            ___lldiv
                            ___llmod
                             ___lmul
                         _clcd_putch
                           _read_adc (ARG)
 ---------------------------------------------------------------------------------
 (3) _clcd_putch                                           2     1      1    3508
                                             34 COMRAM     2     1      1
                            ___awdiv (ARG)
                            ___awmod (ARG)
                            ___lldiv (ARG)
                            ___llmod (ARG)
                             ___lmul (ARG)
                         _clcd_write
                        _read_eeprom (ARG)
 ---------------------------------------------------------------------------------
 (2) ___lmul                                              12     4      8     826
                                              0 COMRAM    12     4      8
 ---------------------------------------------------------------------------------
 (2) ___llmod                                              9     1      8     463
                                             25 COMRAM     9     1      8
                            ___lldiv (ARG)
                             ___lmul (ARG)
 ---------------------------------------------------------------------------------
 (2) ___lldiv                                             13     5      8    1074
                                             12 COMRAM    13     5      8
                             ___lmul (ARG)
 ---------------------------------------------------------------------------------
 (1) _display_gear                                         1     1      0    8164
                                              9 COMRAM     1     1      0
                             ___wmul
                         _clcd_print
 ---------------------------------------------------------------------------------
 (3) _clcd_print                                           3     0      3    7179
                                              6 COMRAM     3     0      3
                             ___wmul (ARG)
                         _clcd_write
 ---------------------------------------------------------------------------------
 (3) _clcd_write                                           2     1      1     728
                                              0 COMRAM     2     1      1
 ---------------------------------------------------------------------------------
 (2) ___wmul                                               6     2      4     919
                                              0 COMRAM     6     2      4
 ---------------------------------------------------------------------------------
 Estimated maximum stack depth 5
 ---------------------------------------------------------------------------------
 (Depth) Function   	        Calls       Base Space   Used Autos Params    Refs
 ---------------------------------------------------------------------------------
 (7) _isr                                                  0     0      0       0
 ---------------------------------------------------------------------------------
 Estimated maximum stack depth 7
 ---------------------------------------------------------------------------------

 Call Graph Graphs:

 _main (ROOT)
   ___wmul
   _clcd_print
     ___wmul (ARG)
     _clcd_write (ARG)
   _display_gear
     ___wmul
     _clcd_print
   _display_speed
     ___lldiv
       ___lmul (ARG)
     ___llmod
       ___lldiv (ARG)
       ___lmul (ARG)
     ___lmul
     _clcd_putch
       ___awdiv (ARG)
       ___awmod (ARG)
       ___lldiv (ARG)
       ___llmod (ARG)
       ___lmul (ARG)
       _clcd_write (ARG)
       _read_eeprom (ARG)
         _i2c_read
           _i2c_rx_mode
             _i2c_idle
         _i2c_rep_start
           _i2c_idle
         _i2c_start
           _i2c_idle
         _i2c_stop
           _i2c_idle
         _i2c_write
           _i2c_idle
     _read_adc (ARG)
   _display_time
     _clcd_print
   _enter_menu
     _change_password
       _clcd_print
       _clcd_putch
       _read_switches
         _scan_key
       _write_eeprom
         ___lldiv (ARG)
         ___llmod (ARG)
         ___lmul (ARG)
         ___wmul (ARG)
         _i2c_start (ARG)
         _i2c_stop (ARG)
         _i2c_write (ARG)
     _clcd_print
     _clcd_putch
     _clear_log
       _clcd_print
     _download_log
       _clcd_print
       _puts
         _putch
       _read_eeprom
     _read_eeprom
     _read_switches
     _set_time
       ___awdiv
       ___awmod
       _clcd_print
       _clcd_putch
       _clcd_write
       _read_ds1307
         _i2c_read
         _i2c_rep_start
         _i2c_start
         _i2c_stop
         _i2c_write
       _read_switches
       _write_ds1307
         _i2c_start
         _i2c_stop
         _i2c_write
     _view_log
       ___wmul
       _clcd_print
       _clcd_putch
       _read_eeprom
       _read_switches
   _get_time
     _read_ds1307
   _init_config
     _init_adc
     _init_clcd
       _clcd_write
     _init_ds1307
       _read_ds1307
       _write_ds1307
     _init_i2c
     _init_matrix_keypad
     _init_uart
   _read_adc
   _read_switches
   _store_eeprom
     ___lldiv
     ___llmod
     ___lmul
     ___lwmod
     ___wmul
     _write_eeprom

 _isr (ROOT)

 Address spaces:
Name               Size   Autos  Total    Cost      Usage
BIGRAM             5FF      0       0      27        0.0%
BITBIGSFRll        281      0       0      25        0.0%
EEDATA             100      0       0       0        0.0%
BITBANK5           100      0       0      14        0.0%
BANK5              100      0       0      15        0.0%
BITBANK4           100      0       0      12        0.0%
BANK4              100      0       0      13        0.0%
BITBANK3           100      0       0      10        0.0%
BANK3              100      0       0      11        0.0%
BITBANK2           100      0       0       8        0.0%
BANK2              100      0       0       9        0.0%
BITBANK1           100      0       0       6        0.0%
BANK1              100     79      EA       7       91.4%
BITBANK0            A0      0       0       4        0.0%
BANK0               A0     4E      57       5       54.4%
BITCOMRAM           5E      0       0       0        0.0%
COMRAM              5E     4D      5B       1       96.8%
BITBIGSFRhhhhhl     19      0       0      17        0.0%
BITBIGSFRlhl         F      0       0      24        0.0%
BITBIGSFRhhhhhh      D      0       0      16        0.0%
BITBIGSFRhhhhhl      B      0       0      18        0.0%
BITBIGSFRlhhhhl      9      0       0      21        0.0%
BITBIGSFRlhhhhh      8      0       0      20        0.0%
BITBIGSFRlhhhhh      7      0       0      19        0.0%
BITBIGSFRlhhl        7      0       0      23        0.0%
BITBIGSFRlhhhl       2      0       0      22        0.0%
BIGSFR               0      0       0     200        0.0%
BITSFR_3             0      0       0     200        0.0%
SFR_3                0      0       0     200        0.0%
BITSFR_2             0      0       0     200        0.0%
SFR_2                0      0       0     200        0.0%
BITSFR_1             0      0       0     200        0.0%
SFR_1                0      0       0     200        0.0%
BITSFR               0      0       0     200        0.0%
SFR                  0      0       0     200        0.0%
STACK                0      0       0       2        0.0%
NULL                 0      0       0       0        0.0%
ABS                  0      0     19C      26        0.0%
DATA                 0      0     19C       3        0.0%
CODE                 0      0       0       0        0.0%


Microchip Technology PIC18 Macro Assembler V2.41 build 20230208172133 
Symbol Table                                                                                   Tue Feb 27 20:53:54 2024

             clcd_print@addr 0009               clcd_print@data 0007                           l33 28C8  
                         l60 27F8                           l36 26CE                           l63 282E  
                         l39 26FA                           l72 2918                           l59 27F4  
                         l92 28E6                           l69 2476                           l95 2858  
                         l89 26B4                           _GO 7E11                 ___awdiv@sign 0006  
        ___wmul@multiplicand 0003           _init_matrix_keypad 2946                ?_display_gear 0001  
                        l111 2780                          l114 2882                          l301 1E12  
                        l310 1EA4                          l302 1EFE                          l150 2966  
                        l311 1E7C                          l303 1E4E                          l151 2968  
                        l240 2000                          l320 1EE8                          l304 1E26  
                        l313 1E90                          l161 29A6                          l145 292E  
                        l306 1E3A                          l170 299E                          l234 2324  
                        l331 239A                          l411 0456                          l316 1EC0  
                        l148 2958                          l164 298E                          l229 297A  
                        l309 1E68                          l173 2996                          l237 2900  
                        l318 1ED4                          l158 29AE                          l319 1EFC  
                        l167 2986                          l271 1A48                          l440 0742  
                        l264 1858                          l280 1C4E                          l258 1DF6  
                        l524 12E6                          l701 28A8                          l542 084E  
                        l454 17F6                          l382 0746                          l712 24D0  
                        l480 260E                          l448 14EE                          l713 24E0  
                        l537 1460                          l394 028C                          l298 2956  
                        l556 0998                          l581 0DDC                          l486 1B4E  
                        l735 2218                          l728 2208                          l584 0CC6  
                        l680 2932                          l496 1B96                          l683 2944  
                        l932 20C4                          l589 0E26                          l677 27BE  
                        _CKE 7E3E                          l689 266C                          l945 2174  
                        _RC0 7C10                          _RC1 7C11                          _RC2 7C12  
                        _RD7 7C1F                          _PEN 7E2A                          _SEN 7E28  
                        _RX9 7D5E                          _SMP 7E3F                          _TX9 7D66  
              ?_display_time 0001                          _WUE 7DC1                          _fl0 0051  
                        _arr 01E1                          _isr 0008               clcd_putch@addr 0023  
             clcd_putch@data 0024                 ___awmod@sign 0006                          prod 0FF3  
                        wreg 0FE8                  main@adc_val 0047          ?_init_matrix_keypad 0001  
                       l1121 2290                         l1202 25A4                         l1128 22A0  
                       l3000 263C                         l1209 25AC                         l3002 2884  
                       l3010 2006                         l3004 28A0                         l3020 2036  
                       l3012 2014                         l3100 2806                         l3030 2064  
                       l3022 203A                         l3014 201C                         l3102 2810  
                       l3110 2676                         l3040 2098                         l3032 2072  
                       l3024 2042                         l3016 2020                         l3008 2002  
                       l3200 15EA                         l4000 040E                         l3104 281A  
                       l3112 2682                         l3120 291E                         l3042 209E  
                       l3034 2078                         l3026 2054                         l3018 202E  
                       l3210 165C                         l3202 1600                         l4002 041E  
                       l3106 2824                         l3114 2696                         l3122 2926  
                       l3130 2946                         l3300 1B18                         l3036 208E  
                       l3028 205C                         l3044 20A4                         l3060 20E4  
                       l3052 20C6                         l3212 168C                         l3204 161C  
                       l4100 06D2                         l4020 0498                         l4012 0456  
                       l3116 26A0                         l3108 266E                         l3124 2928  
                       l3132 294E                         l3140 27B6                         l3302 1B34  
                       l3046 20B4                         l3038 2096                         l3070 211C  
                       l3062 20F2                         l3054 20CA                         l3230 1744  
                       l3222 16E2                         l3214 168E                         l3206 162C  
                       l3150 1482                         l4102 06DA                         l4030 04E0  
                       l4022 04AE                         l4006 0432                         l4014 0464  
                       l3126 292A                         l3118 291A                         l3134 2950  
                       l3142 27B8                         l4110 1B98                         l3304 1B4E  
                       l3048 20BC                         l3072 212A                         l3080 2154  
                       l3064 20FA                         l3056 20D8                         l3400 122A  
                       l3320 0E92                         l3312 0E28                         l3240 1796  
                       l3232 1754                         l3224 16FE                         l3208 1656  
                       l3216 16A6                         l3160 14D0                         l3152 1486  
                       l4032 04E4                         l4024 04C6                         l4016 047A  
                       l4008 0442                         l4104 06E6                         l3128 292C  
                       l3144 27BA                         l3136 2782                         l4120 1BA8  
                       l4112 1B9C                         l3306 1B6E                         l3082 2164  
                       l3074 2140                         l3066 210C                         l3058 20E0  
                       l3402 1244                         l3410 126A                         l3330 0EC2  
                       l3322 0E9A                         l3314 0E78                         l3250 17C0  
                       l3234 1766                         l3242 17AE                         l3218 16B8  
                       l3226 1712                         l3170 1508                         l3162 14E6  
                       l3154 1496                         l4106 0706                         l4050 0550  
                       l4034 04E8                         l4026 04CE                         l4018 0486  
                       l3090 28BE                         l3146 27BC                         l3138 27B2  
                       l4130 1BE8                         l4122 1BB0                         l4114 1B9C  
                       l3500 0940                         l3260 25D6                         l3308 1B96  
                       l3084 216C                         l3076 2148                         l3068 2114  
                       l3412 127C                         l3420 12EA                         l3404 1254  
                       l3340 0F4C                         l3332 0ECC                         l3324 0EA6  
                       l3316 0E82                         l3252 17D2                         l3244 17B8  
                       l3236 177C                         l3228 1728                         l3180 1552  
                       l3172 150C                         l3156 14A6                         l3148 1462  
                       l4108 0718                         l4060 0598                         l4052 0566  
                       l4044 051C                         l4028 04DE                         l4036 04EC  
                       l3092 28C6                         l4140 1C3E                         l4132 1C10  
                       l4124 1BC2                         l4116 1BA0                         l3502 0944  
                       l3510 099C                         l3262 25E6                         l3270 1A62  
                       l3078 214E                         l3430 134E                         l3422 1300  
                       l3414 12A2                         l3406 1256                         l3342 0F66  
                       l3350 0FBC                         l3334 0ED4                         l3326 0EAE  
                       l3318 0E8A                         l3254 17D6                         l3238 1794  
                       l3182 157A                         l3174 1528                         l3158 14C6  
                       l4070 05BE                         l4062 059A                         l4054 056E  
                       l4046 0532                         l4038 04FE                         l3094 27FA  
                       l4150 1C7C                         l4142 1C5E                         l4126 1BD2  
                       l4134 1C18                         l4118 1BA4                         l2800 27E2  
                       l3600 0C72                         l3520 0A26                         l3512 09B2  
                       l3504 094C                         l3264 260E                         l3256 25AE  
                       l3272 1A74                         l3440 1380                         l3432 1356  
                       l3424 131C                         l3416 12B6                         l3408 1266  
                       l3360 1070                         l3352 0FC6                         l3344 0F82  
                       l3336 0ED8                         l3328 0EBA                         l3176 1530  
                       l3168 14F6                         l4080 065E                         l4072 05F4  
                       l4064 059E                         l4056 0580                         l4048 053E  
                       l3088 28AA                         l3096 27FE                         l4152 1CA2  
                       l4144 1C6E                         l4136 1C2A                         l4128 1BD8  
                       l2802 27E4                         l2810 297E                         l3610 0CC2  
                       l3602 0C90                         l3530 0A92                         l3522 0A36  
                       l3514 09C6                         l3506 096A                         l3258 25C6  
                       l3290 1AD8                         l3274 1A90                         l3450 13DE  
                       l3442 1392                         l3434 1366                         l3426 133C  
                       l3418 12D2                         l3370 10E6                         l3362 1080  
                       l3354 0FFA                         l3346 0F94                         l3338 0F0C  
                       l3178 1542                         l3186 157E                         l4090 06B4  
                       l4082 0678                         l4074 0606                         l4066 05A2  
                       l4058 0588                         l3098 2804                         l4154 1CB8  
                       l4146 1C72                         l4138 1C2E                         l2804 27E6  
                       l3700 2270                         l2812 2982                         l3612 0CCA  
                       l3540 0ADA                         l3532 0A9A                         l3524 0A4C  
                       l3516 0A06                         l3508 0994                         l3460 0748  
                       l2900 2932                         l2820 298A                         l3292 1AF4  
                       l3284 1ABC                         l3276 1AA8                         l3268 1A4A  
                       l3452 13E8                         l3444 1394                         l3436 1368  
                       l3428 133E                         l3380 1184                         l3372 1126  
                       l3364 1098                         l3356 103A                         l3348 0FAC  
                       l3196 15BA                         l3188 1590                         l4092 06BA  
                       l4084 0680                         l4076 062A                         l4068 05A6  
                       l4156 1CCC                         l4148 1C78                         l2910 2446  
                       l3702 2280                         l2830 1E0C                         l2806 29A8  
                       l2814 29A0                         l3630 0D5A                         l3622 0D1C  
                       l3614 0CE0                         l3550 0B14                         l3542 0ADE  
                       l3534 0AA6                         l3526 0A6E                         l3518 0A16  
                       l3470 085E                         l3462 07F2                         l2902 2940  
                       l2822 2990                         l3294 1AFC                         l3286 1AD0  
                       l3278 1AB4                         l3454 1400                         l3446 13A4  
                       l3438 1378                         l3390 11E2                         l3374 1140  
                       l3382 1194                         l3358 1054                         l3366 10A8  
                       l3198 15D6                         l4094 06BA                         l4086 069C  
                       l4078 064E                         l3710 2564                         l2904 240C  
                       l3704 228A                         l2912 2904                         l2808 29AA  
                       l2816 29A2                         l3632 0D5A                         l3624 0D34  
                       l3616 0CF4                         l3608 0C98                         l3560 0B4A  
                       l3552 0B18                         l3536 0ABC                         l3544 0AE2  
                       l3528 0A7E                         l3480 08C2                         l3472 0874  
                       l3464 0802                         l2824 2994                         l3296 1B08  
                       l3288 1AD4                         l2920 2842                         l3456 141A  
                       l3448 13AC                         l3384 119C                         l3376 115C  
                       l3368 10B2                         l4096 06C2                         l4088 06A4  
                       l3720 259E                         l3712 256C                         l3800 17FA  
                       l2906 241A                         l2842 1E34                         l3634 0D6A  
                       l3626 0D52                         l3618 0CFC                         l3642 0D9A  
                       l3570 0BC4                         l3562 0B5C                         l3546 0AF6  
                       l3554 0B1C                         l3538 0AC8                         l3650 0DE0  
                       l3490 0906                         l3482 08CE                         l3474 0896  
                       l3466 0824                         l2818 2988                         l3298 1B14  
                       l2922 2846                         l2914 2832                         l2930 28D0  
                       l3458 1456                         l3394 11E6                         l3386 11AC  
                       l3378 116C                         l4098 06CA                         l3722 26B8  
                       l3714 257A                         l3706 254A                         l3802 180A  
                       l2908 2442                         l3660 2488                         l3732 296A  
                       l2852 1E62                         l2836 1E20                         l2828 1DF8  
                       l2780 2958                         l2940 2748                         l3652 0E00  
                       l3644 0DBA                         l3636 0D7A                         l3580 0C12  
                       l3572 0BD4                         l3564 0B7C                         l3556 0B24  
                       l3548 0B02                         l3484 08E4                         l3492 090A  
                       l3476 08A6                         l3468 084E                         l2924 2852  
                       l2916 2836                         l2932 28D6                         l3396 1200  
                       l3388 11BE                         l3900 012E                         l3740 22E0  
                       l3724 26CC                         l3716 2590                         l3708 255C  
                       l3820 187C                         l3804 181C                         l2790 27D8  
                       l3670 2186                         l3662 2496                         l2870 1E9E  
                       l2950 2766                         l2942 274E                         l3654 0E1E  
                       l3638 0D96                         l3590 0C4C                         l3582 0C1E  
                       l3574 0BE8                         l3566 0B8C                         l3558 0B42  
                       l3494 091E                         l3486 08F0                         l3478 08BA  
                       l2782 2998                         l2918 283C                         l2934 28DC  
                       l3398 1214                         l3910 0192                         l3902 014A  
                       l3750 2320                         l3742 22F4                         l3734 22A2  
                       l3726 26DC                         l3718 2598                         l3830 18C2  
                       l3822 1898                         l3814 1860                         l3806 182E  
                       l2792 27DA                         l3680 21C8                         l3672 219C  
                       l3664 24A6                         l2880 1ECE                         l2864 1E8A  
                       l2848 1E48                         l2944 2754                         l3592 0C58  
                       l3584 0C30                         l3576 0BF0                         l3568 0BA2  
                       l3496 092A                         l3488 0902                         l2784 299A  
                       l2960 2870                         l2952 285C                         l2936 28E2  
                       l2928 28CC                         l3920 01CE                         l3912 01A2  
                       l3904 015E                         l3744 22F8                         l3736 22BA  
                       l3760 28FC                         l3752 28E8                         l3728 26F2  
                       l3840 18DC                         l3832 18C4                         l3824 18A2  
                       l3816 1876                         l3808 1854                         l2794 27DC  
                       l2786 27C2                         l3770 1D0E                         l3682 21E6  
                       l3674 21A4                         l3690 221A                         l3666 24B0  
                       l3658 2478                         l3762 1F00                         l2874 1EBA  
                       l2858 1E76                         l2970 233E                         l2946 275A  
                       l2938 2744                         l3594 0C6A                         l3586 0C34  
                       l3578 0BFC                         l3498 093C                         l2962 287C  
                       l2954 2860                         l3922 01E2                         l3930 0208  
                       l3914 01B6                         l3746 2302                         l3738 22C8  
                       l3754 28EC                         l3850 193E                         l3842 1912  
                       l3834 18D4                         l3826 18A4                         l3818 1878  
                       l2796 27DE                         l2788 27D4                         l3780 1D60  
                       l3772 1D20                         l3764 1CE6                         l3684 21F6  
                       l3676 21B0                         l3668 2176                         l3692 2230  
                       l2892 1EF6                         l2972 234E                         l2980 2368  
                       l2948 275E                         l3596 0C6E                         l3588 0C38  
                       l2956 2866                         l3932 021A                         l3940 0240  
                       l3924 01EE                         l3916 01BA                         l3908 016A  
                       l3748 230A                         l3756 28F0                         l3860 1A44  
                       l3852 1940                         l3844 1914                         l3828 18B8  
                       l2798 27E0                         l3790 1DB8                         l3782 1D64  
                       l3774 1D34                         l3766 1CF6                         l3686 21F8  
                       l3678 21BE                         l3694 2238                         l2886 1EE2  
                       l2982 2378                         l2990 2398                         l2974 235E  
                       l2966 2328                         l3598 0C72                         l2958 286C  
                       l3950 02AC                         l3942 0240                         l3934 0226  
                       l3926 0200                         l3918 01C2                         l3870 008E  
                       l3862 0012                         l3758 28F8                         l3854 1998  
                       l3846 1918                         l3792 1DCC                         l3776 1D40  
                       l3784 1D90                         l3768 1D06                         l3688 2202  
                       l3696 2244                         l2896 1EFC                         l2968 2338  
                       l2984 2380                         l3960 0306                         l3952 02C0  
                       l3944 025E                         l3936 0238                         l3928 0204  
                       l3880 00A2                         l3872 0092                         l3864 006C  
                       l3856 19C8                         l3848 1934                         l3794 1DE0  
                       l3786 1DA2                         l3778 1D54                         l3698 2252  
                       l2986 2390                         l2994 2610                         l3970 0346  
                       l3962 0316                         l3954 02CA                         l3946 0288  
                       l3938 023C                         l3890 00DE                         l3882 00B2  
                       l3874 0096                         l3866 007E                         l3858 1A42  
                       l3796 1DEC                         l2996 2614                         l3980 0390  
                       l3972 0356                         l3964 031E                         l3956 02DC  
                       l3948 0290                         l3884 00B6                         l3876 009A  
                       l3868 0086                         l2998 2638                         l3990 03D4  
                       l3982 0398                         l3974 0366                         l3966 032E  
                       l3958 02F6                         l3894 00E6                         l3878 009E  
                       l3984 03AA                         l3976 036E                         l3968 033E  
                       l3896 0106                         l3888 00CA                         _ADFM 7E07  
                       l3994 03E8                         l3986 03BA                         l3978 0380  
                       l3898 0124                         l3996 03FA                         l3988 03C2  
                       ?_isr 0001                         _ADON 7E10                         STR_1 2FFC  
                       STR_2 2FA7                         STR_3 2FF6                         STR_4 2FE8  
                       STR_5 2FFB                         STR_6 2FA7                         STR_7 2EB5  
                       STR_8 2F60                         STR_9 2FB5                         _BRGH 7D62  
                       _CREN 7D5C                         _T0CS 7EAD                         _FERR 7D5A  
                       u2110 2966                         u2111 2962                         u2120 27D2  
                       u2200 1E76                         u3000 134E                         u2121 27CC  
                       u2201 1E72                         u3001 134A                         u2210 1E8A  
                       u3010 1366                         u2211 1E86                         u3011 1362  
                       _CSRC 7D67                         u2140 27F4                         u2300 2476  
                       u2220 1E9E                         u3100 091E                         u3020 1378  
                       u2141 27F0                         u2301 2472                         u2221 1E9A  
                       u3101 091A                         u3021 1374                         u2230 1EBA  
                       u2150 1E0C                         u2310 2780                         u3110 0966  
                       u3030 1392                         u2135 27D4                         u2231 1EB6  
                       u2151 1E08                         u2311 277C                         u3111 0962  
                       u3031 138E                         u2240 1ECE                         u2160 1E20  
                       u2320 2338                         u3200 0B3E                         u3120 0994  
                       u2400 2014                         u3040 13A4                         u4000 04DE  
                       u2241 1ECA                         u2161 1E1C                         u2321 2334  
                       u3201 0B3A                         u3121 0990                         u2401 2010  
                       u3041 13A0                         u4001 04DA                         u2250 1EE2  
                       u2170 1E34                         u2330 234E                         u3210 0B5C  
                       u3130 09B2                         u3050 084A                         u2410 202E  
                       u4010 04FE                         u2251 1EDE                         u2171 1E30  
                       u2331 234A                         u3211 0B58                         u3131 09AE  
                       u3051 0846                         u2411 202A                         u4011 04FA  
                       u2260 1EF6                         u2180 1E48                         u2340 235E  
                       u3300 0CF4                         u3220 0BA2                         u3140 09C6  
                       u3060 0874                         u2420 2054                         u2500 2140  
                       u4100 069C                         u4020 0518                         u2261 1EF2  
                       u2181 1E44                         u2341 235A                         u3301 0CF0  
                       u3221 0B9E                         u3141 09C2                         u3061 0870  
                       u2421 2050                         u2501 213C                         u4101 0698  
                       u4021 0514                         u2190 1E62                         u2350 2378  
                       u3310 0D18                         u3230 0BC4                         u3150 0A4C  
                       u3070 0896                         u2270 2940                         u2430 2072  
                       u2510 2164                         u4110 073E                         u4030 0532  
                       u2191 1E5E                         u2351 2374                         u3311 0D14  
                       u3231 0BC0                         u3151 0A48                         u3071 0892  
                       u2271 293C                         u2431 206E                         u2511 2160  
                       u4111 073A                         u4031 052E                         u2280 243E  
                       u3400 2230                         u2360 2390                         u3320 0D96  
                       u3240 0BE8                         u3160 0A6E                         u3080 08BA  
                       u2440 208E                         u2600 161C                         u2520 14E6  
                       u4040 0550                         u4120 1BC2                         u3401 222C  
                       u2361 238C                         u3321 0D92                         u3241 0BE4  
                       u3161 0A6A                         u3081 08B6                         u2441 208A  
                       u2601 1618                         u2521 14E2                         u4041 054C  
                       u4121 1BBE                         u2290 2466                         u3410 2252  
                       u3330 0DD8                         u3250 0C12                         u3170 0A92  
                       u3090 08E4                         u2370 2634                         u2450 20B4  
                       u2610 1656                         u2530 1528                         u4050 0566  
                       u4130 1BD2                         u3411 224E                         u3331 0DD4  
                       u3251 0C0E                         u3171 0A8E                         u3091 08E0  
                       u2451 20B0                         u2611 1652                         u2531 1524  
                       u4051 0562                         u4131 1BCE                         u3500 1D34  
                       u3420 2270                         u3340 0E1E                         u3260 0C4C  
                       u3180 0ABC                         u2700 260E                         u2380 265C  
                       u2460 20D8                         u2620 16B8                         u2540 1542  
                       u4060 0580                         u4140 1C2A                         u3501 1D30  
                       u3421 226C                         u3341 0E1A                         u3261 0C48  
                       u3181 0AB8                         u2701 260A                         u2461 20D4  
                       u2621 16B4                         u2541 153E                         u4061 057C  
                       u4141 1C26                         u3510 1D54                         u3350 2496  
                       u3270 0C8C                         u3190 0AF6                         u2390 266C  
                       u2710 1A74                         u2470 20F2                         u2630 16DE  
                       u2550 157A                         u4070 0598                         u3430 255C  
                       u4150 1C3E                         u2287 2434                         u3511 1D50  
                       u3351 2492                         u3271 0C88                         u3191 0AF2  
                       u2391 2668                         u2711 1A70                         u2471 20EE  
                       u2631 16DA                         u2551 1576                         u4071 0594  
                       u3431 2558                         u4151 1C3A                         u3520 1DA2  
                       u3360 24D0                         u3280 0CC2                         u2720 1AF4  
                       u2480 210C                         u2800 0FFA                         u2640 16FE  
                       u2560 1590                         u4080 0606                         u3440 257A  
                       u3600 1898                         u4160 1C6E                         u2297 245C  
                       u3521 1D9E                         u3361 24CC                         u3281 0CBE  
                       u2377 262A                         u2721 1AF0                         u2481 2108  
                       u2801 0FF6                         u2641 16FA                         u2561 158C  
                       u4081 0602                         u3441 2576                         u3601 1894  
                       u4161 1C6A                         u3530 1DB4                         u3370 219C  
                       u3290 0CE0                         u2730 1B34                         u2490 212A  
                       u2810 1054                         u2650 1728                         u2570 15B6  
                       u4090 0678                         u3450 2590                         u3610 18B8  
                       u4170 1CCC                         u3531 1DB0                         u3371 2198  
                       u3291 0CDC                         u2387 2652                         u2731 1B30  
                       u2491 2126                         u2811 1050                         u2651 1724  
                       u2571 15B2                         u4091 0674                         u3451 258C  
                       u3611 18B4                         u4171 1CC8                         u3540 1DCC  
                       u3380 21BE                         u2740 1B4A                         u2900 1200  
                       u2820 1070                         u2660 1744                         u2580 15D6  
                       u3700 01E2                         u3460 26DC                         u3620 1934  
                       u3541 1DC8                         u3381 21BA                         u2741 1B46  
                       u2901 11FC                         u2821 106C                         u2661 1740  
                       u2581 15D2                         u3701 01DE                         u3461 26D8  
                       u3621 1930                         u3550 1DE0                         u3390 21E6  
                       u2750 1B96                         u2910 122A                         u2830 1080  
                       u2670 1766                         u2590 1600                         u3710 021A  
                       u3470 22C8                         u3551 1DDC                         u3391 21E2  
                       u2751 1B92                         u2911 1226                         u2831 107C  
                       u2671 1762                         u2591 15FC                         u3711 0216  
                       u3631 0076                         u3471 22C4                         u3480 1CF6  
                       u2920 1244                         u2840 10E6                         u2760 0F0C  
                       u2680 177C                         u3800 032E                         u3720 025A  
                       u3640 00C6                         u3560 180A                         u3481 1CF2  
                       u2921 1240                         u2841 10E2                         u2761 0F08  
                       u2681 1778                         u3801 032A                         u3721 0256  
                       u3641 00C2                         u3561 1806                         u3490 1D20  
                       u2930 1266                         u2850 1140                         u2770 0F66  
                       u2690 17F2                         u3810 033E                         u3730 0288  
                       u3650 0124                         u3570 181C                         u3491 1D1C  
                       u2931 1262                         u2851 113C                         u2771 0F62  
                       u2691 17EE                         u3811 033A                         u3731 0284  
                       u3651 0120                         u3571 1818                         u2940 127C  
                       u2860 115C                         u2780 0F82                         u3900 03FA  
                       u3820 0356                         u3740 02AC                         u3660 014A  
                       u3580 182E                         u2941 1278                         u2861 1158  
                       u2781 0F7E                         u3901 03F6                         u3821 0352  
                       u3741 02A8                         u3661 0146                         u3581 182A  
                       u2950 12A2                         u2870 116C                         u2790 0F94  
                       u3910 040A                         u3830 0366                         u3750 02C0  
                       u3670 015E                         u3590 1854                         u2951 129E  
                       u2871 1168                         u2791 0F90                         u3911 0406  
                       u3831 0362                         u3751 02BC                         u3671 015A  
                       u3591 1850                         u2960 12D2                         u2880 11BE  
                       u3920 041E                         u3840 0380                         u3760 02DC  
                       u3680 0192                         u2961 12CE                         u2881 11BA  
                       u3921 041A                         u3841 037C                         u3761 02D8  
                       u3681 018E                         u2970 1300                         u2890 11E2  
                       u3930 042E                         u3850 0390                         u3770 02F6  
                       u3690 01B6                         u2971 12FC                         u2891 11DE  
                       u3931 042A                         u3851 038C                         u3771 02F2  
                       u3691 01B2                         _RCIE 7CED                         u2980 131C  
                       u3940 0442                         u3860 03AA                         u3780 0306  
                       _RCEN 7E2B                         _RCIF 7CF5                         u2981 1318  
                       u3941 043E                         u3861 03A6                         u3781 0302  
                       u2990 133C                         u3950 0452                         u3870 03BA  
                       u3790 0316                         u2991 1338                         u3951 044E  
                       u3871 03B6                         u3791 0312                         u3960 047A  
                       u3880 03D4                         u3961 0476                         u3881 03D0  
                       u3970 0498                         u3890 03E4                         u3971 0494  
                       u3891 03E0                         u3980 04AE                         u3981 04AA  
                       u3990 04C6                         u3991 04C2                         _OERR 7D59  
                       _SCKP 7DC4                         _RBPU 7F8F                         _RX9D 7D58  
                       _TMR0 0FD6                         _SPEN 7D5F                write_eeprom@i 0024  
                       _RSEN 7E29                         _TX9D 7D60                         _SREN 7D5D  
                       _TRMT 7D61                         _TXIE 7CEC                         _TXEN 7D65  
                       _TXIF 7CF4                         _SYNC 7D64               ?_display_speed 0025  
                       _gear 01C9                         _main 1B98                         _pass 01E5  
                       _time 00AE                         fsr0h 0FEA                         indf0 0FEF  
                       fsr0l 0FE9                         indf1 0FE7                         indf2 0FDF  
                       fsr1l 0FE1                         fsr2l 0FD9                         btemp 005C  
                       _puts 2610                         prodh 0FF4                         prodl 0FF3  
                       start 000E         ??_init_matrix_keypad 0001                 ___param_bank 0000  
             clcd_write@byte 0002                _i2c_rep_start 2988                ??_i2c_rx_mode 0001  
                      ??_isr 0001                 ?_init_ds1307 0001               ??_display_gear 000A  
                      _ABDEN 7DC0                        _ADCS0 7E00                        _ADCS1 7E01  
                      _ADCS2 7E02                        _ADDEN 7D5B                        ?_main 0001  
               ?_read_ds1307 0001               ??_display_time 000A                        _BCLIF 7D0B  
                      _ACQT0 7E03                        _ACQT1 7E04                        _ACQT2 7E05  
            __end_of___awdiv 20C6                        STR_10 2FB5                        STR_11 2F60  
                      STR_20 2F0E                        STR_12 2EFD                        STR_13 2FA7  
                      STR_21 2F85                        STR_14 2FD8                        STR_30 2EA1  
                      STR_22 2E3D                        STR_31 2FA7                        STR_15 2FC8  
                      STR_23 2EC8                        STR_24 2E3D                        STR_16 2FA7  
                      STR_40 2F74                        STR_32 2EDA                        _BRG16 7DC3  
                      STR_41 2FA7                        STR_33 2FA7                        STR_17 2FA7  
                      STR_25 2E61                        STR_26 2FB5                        STR_18 2EEC  
                      STR_34 2E78                        STR_35 2FA7                        STR_19 2F41  
                      STR_27 2E8D                        STR_28 2F96                        STR_36 2F63  
            __end_of___awmod 2176                        STR_29 2FB8                        STR_37 2F52  
                      STR_38 2F1F                        STR_39 2F30                        ?_puts 0002  
            __end_of___lldiv 221A              ___awdiv@divisor 0003              __end_of___llmod 22A2  
            __end_of___lwmod 25AE                 ?_init_config 0001                        i2l186 273E  
                      _RCIDL 7DC6              ___awdiv@counter 0005                        _VCFG0 7E0C  
                      _VCFG1 7E0D                        _RCREG 0FAE                        _SENDB 7D63  
                      _SPBRG 0FAF                        _PORTB 0F81                        _PORTD 0F83  
                      _TRISB 0F93                        _TRISC 0F94                        _TRISD 0F95  
                      _SSPIF 7CF3                        _TXREG 0FAD          ___lmul@multiplicand 0005  
               ?_read_eeprom 0001                        _index 0059                        _event 0053  
               view_log@ti21 002E                 view_log@key1 0029                        _putch 2930  
            _change_password 0748                        tablat 0FF5                        plusw1 0FE3  
                      plusw2 0FDB                        puts@s 0002                        ttemp5 005D  
                      ttemp6 0060                        ttemp7 0064                        status 0FD8  
                      wtemp8 005D             init_ds1307@dummy 0004              __initialization 239C  
             ?_i2c_rep_start 0001                 _store_eeprom 17F8                 __end_of_main 1CE4  
               __end_of_puts 266E             __end_of_i2c_idle 296A             __end_of_i2c_read 2998  
                enter_menu@b 016E                  enter_menu@i 016F                  enter_menu@k 0156  
                enter_menu@u 0159             __end_of_i2c_stop 29A8                ?_download_log 0001  
                     ??_main 0047               enter_menu@fl02 0177               enter_menu@fl03 0158  
                     ??_puts 0004                __activetblptr 0002          __end_of_i2c_rx_mode 29A0  
             enter_menu@menu 0100                       _ADCON0 0FC2                       _ADCON1 0FC1  
                     _ABDOVF 7DC7             read_switches@key 0057              ??_display_speed 0029  
           ___llmod@dividend 001A                       _ADRESH 0FC4                       _ADRESL 0FC3  
           ___awdiv@dividend 0001                       ?_putch 0001                       _GODONE 7E11  
                     i2l2712 26FE                       i2l2714 270C                       i2l2716 2734  
                     i2l2718 273C                 _write_ds1307 28CA                       _TMR0IE 7F95  
                     _TMR0IF 7F92                       _TMR0ON 7EAF                       _SSPADD 0FC8  
                     _TRISC3 7CA3                       _TRISC4 7CA4                       _TRISC6 7CA6  
                     _TRISC7 7CA7                       _TRISD7 7CAF                       _SSPBUF 0FC9  
            set_time@bcd_min 0040              set_time@bcd_sec 003F                 _write_eeprom 2742  
          change_password@i1 00A2            change_password@i2 007E            change_password@i3 00A6  
           __end_of_get_time 2326                       ___lmul 2478                       ___wmul 2884  
                  ??___awdiv 0005                    ??___awmod 0005                    ??___lldiv 0015  
                  ??___llmod 0022                view_log@i_403 002C                    ??___lwmod 0005  
           __end_of_init_i2c 2930             __end_of_init_adc 28CA                view_log@addr1 0037  
           __end_of_read_adc 26FC                       clear_0 23E0                       clear_1 23EC  
                     clear_2 23F8               ??_download_log 000A             ___awdiv@quotient 0007  
            ___awmod@divisor 0003        change_password@delay4 0086        change_password@delay5 006C  
      change_password@delay6 009C                       isa$std 0001             __end_of_scan_key 1F00  
      change_password@blink1 0094        change_password@blink2 0098        change_password@blink3 0090  
            ___awmod@counter 0005        change_password@input1 0068                 __pdataCOMRAM 0059  
    __end_of_change_password 0E28             __end_of_set_time 1462                 __mediumconst 2E3C  
                     tblptrh 0FF7                       tblptrl 0FF6                       tblptru 0FF8  
           __end_of_view_log 17F8              store_eeprom@key 0031                   __accesstop 0060  
    __end_of__initialization 23FE         __end_of_display_gear 1DF8         __end_of_display_time 297C  
              ___rparam_used 0001              ??_i2c_rep_start 0001               __pcstackCOMRAM 0001  
               __pidataBANK1 24E2                  _i2c_rx_mode 2998                __end_of_putch 2946  
          __end_of_i2c_start 29B0                 enter_menu@tr 0161            __end_of_i2c_write 2988  
          _store_eeprom$1191 002D              enter_menu@fl021 0167              enter_menu@fl022 0168  
                    ??_putch 0001              enter_menu@delay 0154                   __pbssBANK0 00AE  
                 __pbssBANK1 01E1              enter_menu@blink 016A              enter_menu@count 0163  
            enter_menu@input 015F                    ?_i2c_idle 0001                    ?_i2c_read 0001  
                  ?_i2c_stop 0001                   _clcd_print 240C                   _clcd_putch 2902  
                 _clcd_write 27C0              read_ds1307@data 0003                      ?___lmul 0001  
                    ?___wmul 0001            read_switches@once 005B                      _ACKSTAT 7E2E  
             ___lmul@product 0009             ?_change_password 0001             write_eeprom@addr 0026  
           write_eeprom@data 0023                      _SSPCON1 0FC6                    ?_get_time 0001  
              _read_switches 2326                   ??_i2c_idle 0001                   ??_i2c_read 0001  
                 ??_i2c_stop 0001                    ?_init_i2c 0001         __end_of_download_log 1B98  
                  ?_init_adc 0001                    ?_read_adc 0001            __end_of_clear_log 2610  
                  ?_scan_key 0001                   _enter_menu 0012                      __Hparam 0000  
                    __Lparam 0000           change_password@k10 0082           change_password@k20 0070  
         change_password@k30 006E                    ?_set_time 0001           change_password@ti6 0060  
                    ___awdiv 2002                      ___awmod 20C6                    ?_view_log 0001  
                    ___lldiv 2176                      ___llmod 221A                      ___lwmod 254A  
                    _address 0058                      __pcinit 239C                      __ramtop 0600  
                    __ptext0 1B98                      __ptext1 17F8                      __ptext2 254A  
                    __ptext3 26B6                      __ptext4 28E8                      __ptext5 2782  
                    __ptext6 2946                      __ptext7 291A                      __ptext8 266E  
                    __ptext9 27FA            __end_of_init_clcd 2830            __end_of_init_uart 27C0  
           ___awmod@dividend 0001       change_password@cn_flag 008C               ?_read_switches 0001  
                    main@key 004D       change_password@count10 0084       change_password@count20 006A  
     change_password@count30 0080                   ??_get_time 0004               __pintcode_body 26FC  
       end_of_initialization 23FE       change_password@s_delay 0064                  set_time@ti5 0036  
                set_time@min 0042                  set_time@sec 0041                   ??_init_i2c 0001  
                 ??_init_adc 0001                __Lmediumconst 2E3C                   ??_read_adc 0003  
                    int_func 26FC                   ??_scan_key 0001                  ?_clcd_print 0007  
                ?_clcd_putch 0023              ___lldiv@divisor 0011                  ?_clcd_write 0001  
            ___lldiv@counter 0019                   ??_set_time 0025                      postdec1 0FE5  
                    postinc0 0FEE                      postinc1 0FE6                      postinc2 0FDE  
                 ??_view_log 0025           _display_speed$1190 0029                    _PORTBbits 0F81  
            read_adc@channel 0007                 _display_gear 1CE4                 _display_time 296A  
              i2c_write@data 0001              read_adc@reg_val 0005        __end_of_display_speed 2002  
         enter_menu@long_key 0169         display_speed@adc_val 0025                  ?_enter_menu 0001  
               ?_i2c_rx_mode 0001               __end_of___lmul 24E2               __end_of___wmul 28AA  
              __pidataCOMRAM 29B0                  view_log@ti2 0033                  view_log@pos 0032  
        start_initialization 239C              ??_read_switches 0001                    _i2c_start 29A8  
                __end_of_isr 2742                    _i2c_write 297C                enter_menu@F78 0179  
              enter_menu@ti0 0173                enter_menu@ti1 0150                enter_menu@len 0175  
              enter_menu@key 0001                enter_menu@pos 016C              ___llmod@divisor 001E  
            ___llmod@counter 0022               set_time@bcd_hr 003E             change_password@h 00AA  
           change_password@l 007A        __end_of_i2c_rep_start 2990                     ??___lmul 0009  
                   ??___wmul 0005                ??_init_ds1307 0004                  __pdataBANK1 0179  
              ??_read_ds1307 0002                 _download_log 1A4A  read_switches@detection_type 0001  
              ??_init_config 0005             enter_menu@delay0 0171             enter_menu@delay1 015D  
           enter_menu@goback 0165             enter_menu@count1 0178                  __pbssCOMRAM 004E  
              ??_read_eeprom 0002                __pcstackBANK0 0060                __pcstackBANK1 0100  
                 ?_i2c_start 0001                   ?_i2c_write 0001                    _clear_log 25AE  
              ?_store_eeprom 0027                    __pintcode 0008                __pmediumconst 2E3C  
                   ?___awdiv 0001                     ?___awmod 0001                     ?___lldiv 000D  
         read_ds1307@address 0002                     ?___llmod 001A                    _clock_reg 004E  
                   ?___lwmod 0001          __end_of_init_ds1307 26B6          __end_of_read_ds1307 285A  
                  _init_clcd 27FA          __end_of_init_config 2902                    _init_uart 2782  
              ?_write_ds1307 0002          __end_of_read_eeprom 2884               ___wmul@product 0005  
                 set_time@k2 0029                   set_time@hr 0043                ?_write_eeprom 0023  
               ??_clcd_print 000A                 ??_clcd_putch 0024   __end_of_init_matrix_keypad 2958  
               ??_clcd_write 0002              read_eeprom@data 0003               ??_store_eeprom 002B  
                   i2u203_40 270C                     i2u203_41 2708                     i2u204_40 2734  
                   i2u204_41 2730                   ?_clear_log 0001                download_log@i 0020  
              download_log@j 0022        clcd_write@control_bit 0001            ___wmul@multiplier 0001  
                ??_i2c_start 0001           __end_of_clcd_print 2478                  ??_i2c_write 0001  
         __end_of_clcd_putch 291A           __end_of_clcd_write 27FA                   ?_init_clcd 0001  
                 ?_init_uart 0001            ___lmul@multiplier 0001                    copy_data0 23B0  
             ??_write_ds1307 0003                     _i2c_idle 2958                     _i2c_read 2990  
                   _i2c_stop 29A0               ??_write_eeprom 0024                 ??_enter_menu 0045  
   change_password@pass_key1 0092     change_password@pass_key2 0096     change_password@pass_key3 008E  
               clear_log@ti3 000A                     __Hrparam 0000                set_time@field 0044  
                   __Lrparam 0000                set_time@wait1 002E                set_time@wait2 0032  
        change_password@arr1 0072          change_password@arr4 0076          change_password@arr5 0088  
        change_password@len1 00A8          change_password@len2 00AC          change_password@len3 00A4  
        change_password@pos1 009E          change_password@pos2 00A0          change_password@pos3 009A  
              store_eeprom@i 0032          store_eeprom@adc_val 0027                  _init_ds1307 266E  
                _read_ds1307 2830           read_eeprom@address 0002                  _init_config 28E8  
        write_ds1307@address 0003                  _read_eeprom 285A           __end_of_enter_menu 0748  
                   __ptext10 28AA                     __ptext11 22A2                     __ptext20 285A  
                   __ptext12 0012                     __ptext21 2988                     __ptext13 1462  
                   __ptext30 29A0                     __ptext22 2990                     __ptext14 0E28  
                   __ptext31 29A8                     __ptext23 2998                     __ptext15 28CA  
                   __ptext40 2176                     __ptext32 2958                     __ptext24 2610  
                   __ptext16 2830                     __ptext41 1CE4                     __ptext33 2326  
                   __ptext25 2930                     __ptext17 20C6                     __ptext42 240C  
                   __ptext34 1DF8                     __ptext26 25AE                     __ptext18 2002  
                   __ptext43 27C0                     __ptext35 296A                     __ptext27 0748  
                   __ptext19 1A4A                     __ptext44 2884                     __ptext36 1F00  
                   __ptext28 2742                     __ptext37 2902                     __ptext29 297C  
                   __ptext38 2478                     __ptext39 221A                     _get_time 22A2  
                   _init_i2c 291A                     _init_adc 28AA                     _read_adc 26B6  
                   _scan_key 1DF8                     _pass_key 01E9                  ??_clear_log 000A  
          ??_change_password 0027                     _set_time 0E28                     isa$xinst 0000  
                   int$flags 005C                     _view_log 1462                     main@flag 004B  
                   main@once 004C                    view_log@i 002A                    putch@byte 0001  
                   isr@count 0055                 set_time@ti51 003A         __end_of_store_eeprom 1A4A  
               set_time@wait 002A                  ??_init_clcd 0003        __end_of_read_switches 239C  
                ??_init_uart 0001                     intlevel2 0000              display_gear@key 000A  
           ___lwmod@dividend 0001             ___lldiv@dividend 000D         __end_of_write_ds1307 28E8  
          store_eeprom@i_202 0034         __end_of_write_eeprom 2782             ___lldiv@quotient 0015  
            ___lwmod@divisor 0003              ___lwmod@counter 0005             write_ds1307@data 0002  
              _display_speed 1F00            download_log@addr2 001E             download_log@data 000A  
            download_log@ti4 001A  
